[{"type": "non-degenerate", "A": [1, 0, 0, 0, 0, 0, 90, 0, 135, 0, 0], "B": [1, 0, 0, 0, 90, 216, 720, 720, 1485, 0, 0], "gates": [".cx(1, 8)", ".cx(0, 5)", ".h(2)", ".cx(2, 6)", ".cx(2, 5)", ".cx(5, 9)", ".h(0)", ".cx(0, 4)", ".cx(0, 8)", ".cx(0, 3)", ".cx(2, 7)", ".h(1)", ".cx(1, 2)", ".cx(2, 3)", ".h(0)", ".cx(0, 7)", ".cx(0, 8)", ".cx(8, 9)", ".cx(4, 6)", ".h(1)", ".cx(1, 4)", ".cx(3, 9)", ".cx(4, 9)", ".cx(1, 5)", ".cx(6, 9)", ".h(5)", ".h(3)", ".cx(5, 9)", ".cx(3, 6)", ".h(2)", ".cx(2, 9)"]}, {"type": "non-degenerate", "A": [1, 0, 0, 0, 0, 0, 90, 0, 135, 0, 0], "B": [1, 0, 0, 0, 90, 216, 720, 720, 1485, 0, 0], "gates": [".cx(1, 4)", ".cx(0, 3)", ".h(2)", ".cx(2, 5)", ".cx(2, 3)", ".cx(3, 6)", ".h(0)", ".cx(0, 8)", ".cx(0, 1)", ".h(4)", ".cx(4, 7)", ".cx(2, 9)", ".cx(1, 2)", ".cx(4, 6)", ".h(5)", ".cx(5, 8)", ".cx(0, 7)", ".h(0)", ".cx(0, 9)", ".cx(0, 7)", ".cx(8, 9)", ".cx(6, 8)", ".cx(1, 6)", ".h(6)", ".cx(6, 9)", ".h(2)", ".cx(2, 7)", ".cx(4, 5)", ".cx(3, 6)", ".cx(6, 7)"]}, {"type": "non-degenerate", "A": [1, 0, 0, 0, 0, 0, 90, 0, 135, 0, 0], "B": [1, 0, 0, 0, 90, 216, 720, 720, 1485, 0, 0], "gates": [".cx(1, 5)", ".cx(0, 9)", ".h(2)", ".cx(2, 8)", ".cx(2, 9)", ".h(3)", ".cx(3, 7)", ".cx(3, 5)", ".cx(5, 6)", ".h(0)", ".cx(0, 1)", ".cx(2, 4)", ".cx(0, 8)", ".cx(7, 9)", ".cx(0, 3)", ".h(0)", ".cx(0, 6)", ".h(1)", ".cx(1, 4)", ".cx(4, 7)", ".h(2)", ".cx(2, 5)", ".cx(1, 2)", ".cx(2, 7)", ".h(5)", ".cx(5, 9)", ".cx(6, 8)", ".h(8)", ".cx(7, 8)"]}, {"type": "non-degenerate", "A": [1, 0, 0, 0, 0, 0, 90, 0, 135, 0, 0], "B": [1, 0, 0, 0, 90, 216, 720, 720, 1485, 0, 0], "gates": [".cx(1, 6)", ".cx(0, 4)", ".h(2)", ".cx(2, 3)", ".cx(2, 6)", ".cx(6, 8)", ".h(0)", ".cx(0, 7)", ".cx(0, 1)", ".h(4)", ".cx(4, 5)", ".cx(4, 9)", ".cx(8, 9)", ".h(0)", ".cx(0, 3)", ".cx(3, 4)", ".h(5)", ".cx(5, 6)", ".cx(5, 7)", ".cx(7, 8)", ".h(1)", ".cx(1, 8)", ".cx(1, 3)", ".h(2)", ".cx(2, 5)", ".cx(5, 9)"]}, {"type": "non-degenerate", "A": [1, 0, 0, 0, 0, 0, 90, 0, 135, 0, 0], "B": [1, 0, 0, 0, 90, 216, 720, 720, 1485, 0, 0], "gates": [".cx(1, 3)", ".cx(0, 5)", ".h(2)", ".cx(2, 7)", ".cx(2, 5)", ".cx(5, 6)", ".h(0)", ".cx(0, 8)", ".cx(0, 1)", ".cx(1, 9)", ".h(3)", ".cx(3, 4)", ".cx(3, 6)", ".cx(5, 9)", ".h(0)", ".cx(0, 5)", ".h(4)", ".cx(4, 7)", ".cx(4, 8)", ".cx(3, 8)", ".cx(4, 6)", ".h(2)", ".cx(0, 2)", ".cx(2, 3)", ".cx(3, 9)", ".h(5)", ".cx(5, 6)", ".cx(0, 7)"]}, {"type": "non-degenerate", "A": [1, 0, 0, 0, 0, 0, 90, 0, 135, 0, 0], "B": [1, 0, 0, 0, 90, 216, 720, 720, 1485, 0, 0], "gates": [".cx(1, 7)", ".cx(0, 4)", ".h(2)", ".cx(2, 6)", ".cx(2, 7)", ".cx(7, 8)", ".h(3)", ".cx(3, 5)", ".cx(3, 4)", ".h(0)", ".cx(0, 1)", ".cx(0, 9)", ".cx(4, 7)", ".h(2)", ".cx(2, 5)", ".cx(5, 9)", ".cx(5, 8)", ".cx(1, 3)", ".h(0)", ".cx(0, 2)", ".cx(0, 7)", ".h(3)", ".cx(3, 8)", ".cx(0, 9)", ".h(6)", ".cx(3, 6)", ".h(8)", ".cx(7, 8)"]}, {"type": "non-degenerate", "A": [1, 0, 0, 0, 0, 0, 90, 0, 135, 0, 0], "B": [1, 0, 0, 0, 90, 216, 720, 720, 1485, 0, 0], "gates": [".cx(1, 7)", ".cx(0, 4)", ".h(2)", ".cx(2, 4)", ".cx(4, 7)", ".cx(2, 3)", ".h(0)", ".cx(0, 6)", ".cx(0, 1)", ".cx(1, 9)", ".cx(2, 5)", ".cx(1, 8)", ".h(5)", ".cx(5, 9)", ".cx(5, 7)", ".cx(4, 8)", ".h(3)", ".cx(3, 6)", ".cx(3, 4)", ".h(0)", ".cx(0, 9)", ".cx(0, 2)", ".h(1)", ".cx(1, 6)", ".h(2)", ".h(6)", ".cx(2, 6)", ".h(5)", ".h(8)", ".cx(3, 5)", ".cx(7, 8)"]}, {"type": "non-degenerate", "A": [1, 0, 0, 0, 0, 0, 90, 0, 135, 0, 0], "B": [1, 0, 0, 0, 90, 216, 720, 720, 1485, 0, 0], "gates": [".cx(0, 7)", ".cx(1, 5)", ".h(4)", ".cx(4, 5)", ".cx(4, 7)", ".cx(7, 9)", ".h(2)", ".cx(2, 6)", ".cx(2, 3)", ".h(0)", ".cx(0, 8)", ".cx(0, 1)", ".cx(1, 2)", ".cx(2, 7)", ".cx(7, 8)", ".h(0)", ".cx(0, 9)", ".h(5)", ".cx(5, 6)", ".cx(0, 6)", ".cx(2, 8)", ".cx(3, 9)", ".h(3)", ".cx(3, 5)", ".h(2)", ".cx(1, 2)", ".cx(3, 7)", ".h(4)", ".cx(4, 7)", ".cx(3, 8)", ".h(4)", ".cx(0, 4)"]}, {"type": "non-degenerate", "A": [1, 0, 0, 0, 0, 0, 90, 0, 135, 0, 0], "B": [1, 0, 0, 0, 90, 216, 720, 720, 1485, 0, 0], "gates": [".cx(1, 3)", ".cx(0, 6)", ".h(2)", ".cx(2, 6)", ".cx(2, 3)", ".cx(6, 8)", ".h(0)", ".cx(0, 7)", ".cx(0, 1)", ".cx(1, 9)", ".cx(3, 5)", ".cx(2, 4)", ".h(4)", ".cx(4, 8)", ".cx(4, 9)", ".cx(1, 6)", ".h(5)", ".cx(5, 7)", ".h(0)", ".cx(0, 2)", ".cx(5, 6)", ".cx(2, 9)", ".h(0)", ".cx(0, 6)", ".cx(5, 8)", ".h(0)", ".cx(0, 1)", ".cx(2, 8)", ".cx(5, 9)", ".cx(1, 6)"]}, {"type": "non-degenerate", "A": [1, 0, 0, 0, 0, 0, 90, 0, 135, 0, 0], "B": [1, 0, 0, 0, 90, 216, 720, 720, 1485, 0, 0], "gates": [".cx(0, 9)", ".cx(1, 7)", ".h(0)", ".cx(0, 1)", ".h(5)", ".cx(5, 7)", ".cx(5, 9)", ".cx(0, 8)", ".cx(5, 6)", ".cx(0, 6)", ".h(0)", ".cx(0, 1)", ".cx(1, 9)", ".cx(1, 2)", ".h(3)", ".cx(3, 8)", ".cx(3, 7)", ".h(2)", ".cx(2, 4)", ".cx(3, 4)", ".cx(2, 9)", ".cx(0, 3)", ".h(5)", ".cx(2, 5)", ".cx(4, 5)", ".h(0)", ".cx(0, 3)", ".h(4)", ".h(1)", ".cx(2, 4)", ".cx(2, 7)", ".cx(1, 3)", ".h(9)", ".cx(4, 9)", ".h(9)", ".cx(4, 9)"]}, {"type": "non-degenerate", "A": [1, 0, 0, 0, 0, 0, 90, 0, 135, 0, 0], "B": [1, 0, 0, 0, 90, 216, 720, 720, 1485, 0, 0], "gates": [".cx(1, 8)", ".cx(0, 6)", ".h(2)", ".cx(2, 3)", ".cx(3, 6)", ".cx(6, 8)", ".h(0)", ".cx(0, 9)", ".cx(0, 7)", ".h(1)", ".cx(1, 5)", ".cx(2, 4)", ".cx(1, 3)", ".cx(8, 9)", ".h(4)", ".cx(4, 5)", ".cx(4, 8)", ".cx(4, 7)", ".h(0)", ".cx(0, 2)", ".cx(5, 9)", ".h(1)", ".cx(1, 7)", ".cx(1, 6)", ".cx(0, 8)", ".cx(0, 4)", ".cx(6, 9)", ".h(3)", ".cx(3, 9)", ".h(7)", ".cx(3, 7)"]}, {"type": "non-degenerate", "A": [1, 0, 0, 0, 0, 0, 90, 0, 135, 0, 0], "B": [1, 0, 0, 0, 90, 216, 720, 720, 1485, 0, 0], "gates": [".cx(0, 7)", ".cx(1, 5)", ".h(2)", ".cx(2, 5)", ".cx(5, 7)", ".cx(2, 4)", ".h(1)", ".cx(1, 3)", ".cx(1, 9)", ".cx(7, 8)", ".h(0)", ".cx(0, 6)", ".cx(0, 2)", ".cx(1, 8)", ".h(3)", ".cx(3, 7)", ".cx(3, 6)", ".cx(6, 9)", ".h(4)", ".cx(4, 6)", ".cx(5, 9)", ".cx(4, 7)", ".h(0)", ".cx(0, 1)", ".h(6)", ".cx(6, 9)"]}, {"type": "non-degenerate", "A": [1, 0, 0, 0, 0, 0, 90, 0, 135, 0, 0], "B": [1, 0, 0, 0, 90, 216, 720, 720, 1485, 0, 0], "gates": [".cx(1, 4)", ".cx(0, 5)", ".h(2)", ".cx(2, 7)", ".cx(2, 5)", ".cx(5, 8)", ".h(3)", ".cx(3, 6)", ".cx(3, 4)", ".h(0)", ".cx(0, 9)", ".cx(0, 1)", ".cx(4, 7)", ".h(4)", ".cx(4, 5)", ".cx(5, 9)", ".cx(1, 8)", ".h(0)", ".cx(0, 6)", ".h(6)", ".cx(6, 8)", ".cx(0, 7)", ".h(5)", ".cx(4, 5)", ".h(1)", ".cx(1, 4)", ".cx(6, 7)", ".h(0)", ".cx(0, 4)", ".h(0)", ".cx(0, 4)"]}, {"type": "non-degenerate", "A": [1, 0, 0, 0, 0, 0, 90, 0, 135, 0, 0], "B": [1, 0, 0, 0, 90, 216, 720, 720, 1485, 0, 0], "gates": [".cx(1, 5)", ".cx(0, 4)", ".h(2)", ".cx(2, 5)", ".cx(2, 4)", ".cx(4, 6)", ".h(3)", ".cx(3, 7)", ".cx(3, 9)", ".h(0)", ".cx(0, 8)", ".cx(0, 1)", ".cx(1, 6)", ".cx(3, 4)", ".cx(4, 8)", ".cx(0, 7)", ".h(0)", ".cx(0, 9)", ".h(5)", ".cx(5, 8)", ".cx(0, 6)", ".h(3)", ".cx(3, 8)", ".cx(1, 3)", ".cx(5, 9)", ".cx(2, 9)"]}, {"type": "non-degenerate", "A": [1, 0, 0, 0, 0, 0, 90, 0, 135, 0, 0], "B": [1, 0, 0, 0, 90, 216, 720, 720, 1485, 0, 0], "gates": [".cx(1, 7)", ".cx(0, 3)", ".h(2)", ".cx(2, 7)", ".cx(2, 3)", ".cx(3, 8)", ".h(0)", ".cx(0, 6)", ".cx(0, 1)", ".cx(1, 9)", ".cx(2, 5)", ".cx(0, 4)", ".h(2)", ".cx(2, 4)", ".cx(2, 3)", ".cx(3, 9)", ".h(1)", ".cx(1, 8)", ".cx(1, 6)", ".cx(6, 7)", ".h(1)", ".cx(1, 4)", ".cx(6, 9)", ".cx(1, 5)", ".cx(1, 8)", ".h(0)", ".cx(0, 6)", ".cx(0, 9)", ".h(6)", ".cx(6, 9)"]}, {"type": "non-degenerate", "A": [1, 0, 0, 0, 0, 0, 90, 0, 135, 0, 0], "B": [1, 0, 0, 0, 90, 216, 720, 720, 1485, 0, 0], "gates": [".cx(1, 6)", ".cx(0, 7)", ".h(3)", ".cx(3, 8)", ".cx(3, 7)", ".cx(7, 9)", ".h(2)", ".cx(2, 5)", ".cx(2, 6)", ".h(0)", ".cx(0, 1)", ".cx(1, 4)", ".cx(2, 9)", ".cx(0, 5)", ".cx(3, 4)", ".h(0)", ".cx(0, 3)", ".h(6)", ".cx(6, 8)", ".cx(2, 6)", ".cx(6, 7)", ".h(3)", ".cx(3, 8)", ".cx(1, 9)", ".h(4)", ".cx(4, 6)", ".cx(0, 6)", ".h(8)", ".h(1)", ".cx(1, 3)", ".cx(4, 9)", ".h(1)", ".cx(1, 3)", ".cx(5, 9)"]}, {"type": "non-degenerate", "A": [1, 0, 0, 0, 0, 0, 90, 0, 135, 0, 0], "B": [1, 0, 0, 0, 90, 216, 720, 720, 1485, 0, 0], "gates": [".cx(1, 5)", ".cx(0, 4)", ".h(2)", ".cx(2, 5)", ".cx(2, 4)", ".cx(4, 7)", ".h(0)", ".cx(0, 8)", ".cx(0, 1)", ".cx(1, 6)", ".cx(2, 3)", ".cx(0, 9)", ".h(3)", ".cx(3, 6)", ".cx(3, 7)", ".cx(2, 9)", ".h(0)", ".cx(0, 5)", ".cx(0, 1)", ".cx(1, 4)", ".cx(3, 9)", ".h(3)", ".cx(3, 9)", ".h(0)", ".cx(0, 4)", ".h(1)", ".cx(1, 6)", ".h(6)", ".cx(1, 6)", ".cx(4, 9)", ".cx(1, 9)"]}, {"type": "non-degenerate", "A": [1, 0, 0, 0, 0, 0, 90, 0, 135, 0, 0], "B": [1, 0, 0, 0, 90, 216, 720, 720, 1485, 0, 0], "gates": [".cx(1, 7)", ".cx(0, 5)", ".h(3)", ".cx(3, 4)", ".cx(3, 5)", ".cx(5, 8)", ".h(2)", ".cx(2, 6)", ".cx(6, 7)", ".cx(7, 9)", ".h(0)", ".cx(0, 1)", ".cx(0, 8)", ".cx(8, 9)", ".cx(2, 4)", ".h(0)", ".cx(0, 2)", ".h(3)", ".cx(3, 7)", ".cx(0, 3)", ".h(6)", ".cx(6, 8)", ".h(1)", ".cx(1, 7)", ".cx(8, 9)", ".h(8)", ".cx(7, 8)"]}, {"type": "non-degenerate", "A": [1, 0, 0, 0, 0, 0, 90, 0, 135, 0, 0], "B": [1, 0, 0, 0, 90, 216, 720, 720, 1485, 0, 0], "gates": [".cx(0, 4)", ".h(0)", ".cx(0, 7)", ".cx(0, 1)", ".cx(1, 8)", ".h(3)", ".cx(3, 5)", ".cx(3, 4)", ".cx(4, 9)", ".h(2)", ".cx(2, 6)", ".cx(2, 4)", ".cx(4, 7)", ".cx(1, 9)", ".cx(0, 6)", ".h(0)", ".cx(0, 8)", ".cx(0, 3)", ".cx(0, 6)", ".h(5)", ".cx(5, 8)", ".cx(2, 8)", ".cx(6, 9)", ".cx(5, 9)", ".h(4)", ".cx(4, 8)", ".cx(1, 3)", ".h(6)", ".cx(3, 6)", ".h(4)", ".cx(4, 5)"]}, {"type": "non-degenerate", "A": [1, 0, 0, 0, 0, 0, 90, 0, 135, 0, 0], "B": [1, 0, 0, 0, 90, 216, 720, 720, 1485, 0, 0], "gates": [".cx(1, 4)", ".cx(0, 5)", ".h(2)", ".cx(2, 3)", ".cx(2, 5)", ".cx(5, 6)", ".h(0)", ".cx(0, 7)", ".cx(0, 1)", ".cx(1, 8)", ".cx(3, 4)", ".cx(0, 9)", ".h(3)", ".cx(3, 9)", ".cx(3, 4)", ".h(0)", ".cx(0, 1)", ".cx(1, 6)", ".cx(2, 7)", ".h(4)", ".cx(4, 5)", ".cx(1, 9)", ".cx(3, 8)", ".cx(5, 9)", ".h(0)", ".cx(0, 5)", ".h(4)", ".h(6)", ".cx(4, 5)", ".cx(6, 8)", ".h(2)", ".h(3)", ".cx(2, 3)", ".cx(1, 9)"]}, {"type": "non-degenerate", "A": [1, 0, 0, 0, 0, 0, 90, 0, 135, 0, 0], "B": [1, 0, 0, 0, 90, 216, 720, 720, 1485, 0, 0], "gates": [".cx(0, 4)", ".cx(1, 7)", ".h(2)", ".cx(2, 7)", ".cx(2, 4)", ".cx(4, 8)", ".h(0)", ".cx(0, 6)", ".cx(0, 1)", ".cx(1, 5)", ".cx(2, 3)", ".cx(0, 9)", ".h(3)", ".cx(3, 9)", ".cx(3, 4)", ".cx(4, 5)", ".h(0)", ".cx(0, 2)", ".cx(2, 6)", ".cx(6, 8)", ".h(1)", ".cx(1, 2)", ".h(6)", ".cx(6, 8)", ".cx(0, 4)", ".cx(3, 5)", ".h(5)", ".cx(4, 5)", ".h(8)", ".h(9)", ".cx(8, 9)"]}, {"type": "non-degenerate", "A": [1, 0, 0, 0, 0, 0, 90, 0, 135, 0, 0], "B": [1, 0, 0, 0, 90, 216, 720, 720, 1485, 0, 0], "gates": [".cx(0, 6)", ".cx(1, 6)", ".h(0)", ".cx(0, 5)", ".h(0)", ".cx(0, 1)", ".cx(0, 6)", ".cx(5, 7)", ".cx(0, 8)", ".cx(6, 9)", ".h(0)", ".cx(0, 9)", ".h(2)", ".cx(2, 8)", ".cx(2, 5)", ".cx(2, 9)", ".h(3)", ".cx(3, 7)", ".cx(3, 6)", ".cx(0, 4)", ".cx(3, 4)", ".cx(0, 7)", ".cx(7, 8)", ".h(3)", ".cx(3, 4)", ".cx(1, 3)", ".cx(1, 5)", ".h(5)", ".cx(4, 5)", ".h(6)", ".cx(6, 9)", ".cx(0, 5)", ".h(3)", ".cx(3, 9)"]}, {"type": "non-degenerate", "A": [1, 0, 0, 0, 0, 0, 90, 0, 135, 0, 0], "B": [1, 0, 0, 0, 90, 216, 720, 720, 1485, 0, 0], "gates": [".cx(1, 5)", ".cx(0, 4)", ".h(3)", ".cx(3, 7)", ".cx(3, 4)", ".cx(4, 8)", ".h(2)", ".cx(2, 6)", ".cx(2, 5)", ".h(0)", ".cx(0, 1)", ".cx(1, 9)", ".cx(6, 7)", ".cx(0, 3)", ".cx(7, 9)", ".h(6)", ".cx(6, 8)", ".h(1)", ".cx(1, 2)", ".cx(6, 9)", ".cx(1, 6)", ".cx(0, 1)", ".cx(2, 4)", ".h(4)", ".h(3)", ".cx(2, 4)", ".cx(3, 5)", ".cx(0, 8)", ".h(2)", ".h(9)", ".cx(2, 9)"]}, {"type": "non-degenerate", "A": [1, 0, 0, 0, 0, 0, 90, 0, 135, 0, 0], "B": [1, 0, 0, 0, 90, 216, 720, 720, 1485, 0, 0], "gates": [".cx(1, 5)", ".cx(0, 4)", ".h(2)", ".cx(2, 6)", ".cx(2, 4)", ".cx(4, 8)", ".h(3)", ".cx(3, 7)", ".cx(3, 5)", ".h(0)", ".cx(0, 9)", ".cx(0, 1)", ".cx(5, 8)", ".h(2)", ".cx(2, 7)", ".cx(3, 9)", ".h(0)", ".cx(0, 3)", ".cx(3, 4)", ".h(2)", ".cx(2, 9)", ".cx(0, 6)", ".cx(1, 3)", ".h(2)", ".cx(2, 4)", ".cx(2, 9)", ".h(7)", ".cx(4, 7)"]}, {"type": "non-degenerate", "A": [1, 0, 0, 0, 0, 0, 90, 0, 135, 0, 0], "B": [1, 0, 0, 0, 90, 216, 720, 720, 1485, 0, 0], "gates": [".cx(1, 3)", ".cx(0, 8)", ".h(2)", ".cx(2, 8)", ".cx(2, 3)", ".cx(8, 9)", ".h(0)", ".cx(0, 5)", ".cx(0, 1)", ".cx(2, 4)", ".cx(0, 6)", ".cx(2, 7)", ".cx(1, 2)", ".h(4)", ".cx(4, 6)", ".cx(4, 8)", ".h(0)", ".cx(0, 7)", ".cx(0, 5)", ".cx(5, 9)", ".h(0)", ".cx(0, 1)", ".cx(1, 8)", ".h(3)", ".cx(3, 7)", ".h(1)", ".cx(1, 2)"]}, {"type": "non-degenerate", "A": [1, 0, 0, 0, 0, 0, 90, 0, 135, 0, 0], "B": [1, 0, 0, 0, 90, 216, 720, 720, 1485, 0, 0], "gates": [".cx(1, 8)", ".cx(0, 7)", ".h(2)", ".cx(2, 3)", ".cx(2, 5)", ".h(4)", ".cx(4, 7)", ".cx(4, 8)", ".cx(8, 9)", ".h(0)", ".cx(0, 1)", ".cx(4, 6)", ".cx(1, 2)", ".cx(2, 6)", ".cx(3, 9)", ".h(1)", ".cx(1, 5)", ".cx(1, 4)", ".cx(5, 7)", ".cx(0, 5)", ".h(0)", ".cx(0, 8)", ".h(3)", ".cx(3, 6)", ".h(4)", ".cx(0, 4)", ".h(2)", ".cx(2, 9)", ".cx(3, 9)"]}, {"type": "non-degenerate", "A": [1, 0, 0, 0, 0, 0, 90, 0, 135, 0, 0], "B": [1, 0, 0, 0, 90, 216, 720, 720, 1485, 0, 0], "gates": [".cx(1, 7)", ".cx(0, 6)", ".h(2)", ".cx(2, 6)", ".cx(6, 7)", ".cx(2, 4)", ".h(3)", ".cx(3, 8)", ".cx(3, 5)", ".h(0)", ".cx(0, 1)", ".cx(1, 9)", ".cx(0, 2)", ".h(4)", ".cx(4, 5)", ".cx(5, 9)", ".cx(7, 8)", ".cx(5, 7)", ".h(1)", ".cx(1, 8)", ".cx(2, 4)", ".cx(1, 2)", ".h(5)", ".cx(5, 7)", ".cx(3, 6)", ".h(1)", ".cx(1, 4)"]}, {"type": "non-degenerate", "A": [1, 0, 0, 0, 0, 0, 90, 0, 135, 0, 0], "B": [1, 0, 0, 0, 90, 216, 720, 720, 1485, 0, 0], "gates": [".cx(0, 7)", ".cx(1, 5)", ".h(0)", ".cx(0, 1)", ".cx(0, 9)", ".h(0)", ".cx(0, 5)", ".cx(0, 7)", ".cx(0, 4)", ".h(0)", ".cx(0, 7)", ".cx(7, 8)", ".cx(1, 6)", ".cx(0, 1)", ".h(2)", ".cx(2, 5)", ".cx(2, 3)", ".cx(2, 9)", ".cx(5, 8)", ".h(3)", ".cx(3, 6)", ".cx(2, 3)", ".cx(3, 7)", ".h(1)", ".cx(1, 2)", ".cx(0, 6)", ".h(0)", ".cx(0, 3)", ".h(5)", ".cx(3, 5)", ".h(5)", ".h(3)", ".h(2)", ".h(6)", ".cx(2, 5)"]}, {"type": "non-degenerate", "A": [1, 0, 0, 0, 0, 0, 90, 0, 135, 0, 0], "B": [1, 0, 0, 0, 90, 216, 720, 720, 1485, 0, 0], "gates": [".cx(1, 8)", ".cx(0, 9)", ".h(2)", ".cx(2, 9)", ".cx(2, 8)", ".h(4)", ".cx(4, 6)", ".cx(4, 5)", ".h(0)", ".cx(0, 3)", ".cx(0, 1)", ".cx(4, 7)", ".cx(2, 4)", ".cx(3, 5)", ".h(0)", ".cx(0, 1)", ".cx(1, 6)", ".cx(5, 8)", ".h(2)", ".cx(2, 3)", ".cx(0, 7)", ".cx(3, 7)", ".h(4)", ".cx(4, 5)", ".cx(1, 4)", ".h(0)", ".cx(0, 2)", ".h(2)", ".cx(0, 2)"]}, {"type": "non-degenerate", "A": [1, 0, 0, 0, 0, 0, 90, 0, 135, 0, 0], "B": [1, 0, 0, 0, 90, 216, 720, 720, 1485, 0, 0], "gates": [".cx(1, 8)", ".cx(0, 6)", ".h(0)", ".cx(0, 8)", ".cx(0, 7)", ".h(0)", ".cx(0, 1)", ".cx(1, 6)", ".cx(1, 9)", ".cx(0, 5)", ".h(0)", ".cx(0, 1)", ".cx(0, 7)", ".cx(0, 5)", ".h(2)", ".cx(2, 5)", ".cx(2, 9)", ".cx(2, 8)", ".cx(2, 4)", ".h(4)", ".cx(4, 5)", ".cx(4, 7)", ".cx(4, 9)", ".cx(2, 3)", ".cx(2, 6)", ".cx(3, 9)", ".h(3)", ".cx(3, 5)", ".cx(3, 9)", ".cx(2, 3)", ".cx(3, 8)", ".h(8)", ".cx(1, 8)", ".cx(5, 8)"]}, {"type": "non-degenerate", "A": [1, 0, 0, 0, 0, 0, 90, 0, 135, 0, 0], "B": [1, 0, 0, 0, 90, 216, 720, 720, 1485, 0, 0], "gates": [".cx(0, 3)", ".h(2)", ".cx(2, 3)", ".h(0)", ".cx(0, 7)", ".cx(0, 1)", ".cx(1, 9)", ".cx(2, 5)", ".cx(3, 4)", ".cx(1, 8)", ".cx(0, 6)", ".cx(3, 6)", ".h(4)", ".cx(4, 9)", ".cx(4, 5)", ".cx(5, 8)", ".h(1)", ".cx(1, 3)", ".cx(3, 7)", ".cx(3, 4)", ".h(6)", ".cx(6, 8)", ".cx(6, 7)", ".cx(0, 4)", ".cx(1, 9)", ".h(4)", ".h(3)", ".cx(4, 6)", ".cx(3, 8)", ".cx(0, 2)", ".h(9)", ".cx(7, 9)"]}, {"type": "non-degenerate", "A": [1, 0, 0, 0, 0, 0, 90, 0, 135, 0, 0], "B": [1, 0, 0, 0, 90, 216, 720, 720, 1485, 0, 0], "gates": [".cx(1, 5)", ".cx(0, 2)", ".h(3)", ".cx(3, 4)", ".cx(3, 5)", ".h(1)", ".cx(1, 7)", ".cx(1, 2)", ".cx(5, 9)", ".cx(2, 8)", ".h(0)", ".cx(0, 6)", ".cx(0, 9)", ".cx(3, 7)", ".h(4)", ".cx(4, 8)", ".cx(4, 6)", ".h(2)", ".cx(2, 3)", ".cx(2, 6)", ".cx(2, 8)", ".cx(5, 8)", ".cx(0, 1)", ".h(0)", ".cx(0, 3)", ".cx(0, 1)", ".cx(0, 6)"]}, {"type": "non-degenerate", "A": [1, 0, 0, 0, 0, 0, 90, 0, 135, 0, 0], "B": [1, 0, 0, 0, 90, 216, 720, 720, 1485, 0, 0], "gates": [".cx(0, 3)", ".cx(1, 6)", ".h(2)", ".cx(2, 4)", ".cx(2, 3)", ".cx(3, 8)", ".h(5)", ".cx(5, 7)", ".cx(5, 6)", ".h(0)", ".cx(0, 9)", ".cx(0, 1)", ".cx(6, 8)", ".h(0)", ".cx(0, 6)", ".cx(0, 2)", ".h(4)", ".cx(4, 7)", ".cx(5, 9)", ".cx(4, 6)", ".cx(3, 7)", ".cx(1, 2)", ".cx(2, 4)", ".cx(0, 9)", ".cx(1, 7)", ".h(7)", ".cx(7, 8)", ".h(1)", ".cx(1, 7)"]}, {"type": "non-degenerate", "A": [1, 0, 0, 0, 0, 0, 90, 0, 135, 0, 0], "B": [1, 0, 0, 0, 90, 216, 720, 720, 1485, 0, 0], "gates": [".cx(0, 9)", ".cx(1, 5)", ".h(0)", ".cx(0, 1)", ".h(2)", ".cx(2, 5)", ".cx(2, 9)", ".cx(0, 8)", ".h(0)", ".cx(0, 7)", ".cx(1, 6)", ".cx(0, 8)", ".cx(7, 9)", ".cx(2, 6)", ".h(0)", ".cx(0, 1)", ".cx(0, 5)", ".cx(1, 4)", ".cx(0, 9)", ".cx(2, 3)", ".h(3)", ".cx(3, 4)", ".cx(3, 8)", ".h(1)", ".cx(1, 5)", ".cx(2, 3)", ".h(7)", ".cx(3, 7)", ".cx(1, 6)", ".h(6)", ".h(8)", ".cx(6, 8)"]}, {"type": "non-degenerate", "A": [1, 0, 0, 0, 0, 0, 90, 0, 135, 0, 0], "B": [1, 0, 0, 0, 90, 216, 720, 720, 1485, 0, 0], "gates": [".cx(1, 6)", ".cx(0, 8)", ".h(0)", ".cx(0, 6)", ".cx(0, 9)", ".h(0)", ".cx(0, 1)", ".cx(1, 8)", ".cx(0, 7)", ".h(0)", ".cx(0, 5)", ".cx(0, 8)", ".h(0)", ".cx(0, 6)", ".cx(0, 1)", ".h(2)", ".cx(2, 9)", ".cx(0, 4)", ".cx(2, 4)", ".cx(1, 3)", ".cx(2, 8)", ".cx(2, 3)", ".cx(2, 6)", ".h(3)", ".cx(3, 6)", ".cx(3, 7)", ".cx(3, 4)", ".h(4)", ".cx(4, 9)", ".cx(3, 9)", ".h(5)", ".h(2)", ".cx(2, 5)"]}, {"type": "non-degenerate", "A": [1, 0, 0, 0, 0, 0, 90, 0, 135, 0, 0], "B": [1, 0, 0, 0, 90, 216, 720, 720, 1485, 0, 0], "gates": [".cx(1, 8)", ".cx(0, 9)", ".h(0)", ".cx(0, 8)", ".cx(0, 7)", ".h(0)", ".cx(0, 1)", ".cx(1, 9)", ".cx(0, 5)", ".h(0)", ".cx(0, 6)", ".cx(0, 7)", ".h(2)", ".cx(2, 5)", ".cx(2, 8)", ".cx(2, 6)", ".cx(0, 9)", ".h(4)", ".cx(4, 7)", ".cx(4, 6)", ".cx(2, 3)", ".h(3)", ".cx(3, 4)", ".cx(1, 3)", ".cx(4, 8)", ".cx(2, 9)", ".cx(4, 5)", ".h(6)", ".cx(0, 6)", ".h(9)", ".h(7)", ".cx(0, 9)", ".cx(5, 7)"]}, {"type": "non-degenerate", "A": [1, 0, 0, 0, 0, 0, 90, 0, 135, 0, 0], "B": [1, 0, 0, 0, 90, 216, 720, 720, 1485, 0, 0], "gates": [".cx(0, 5)", ".cx(1, 7)", ".h(0)", ".cx(0, 7)", ".cx(0, 9)", ".h(0)", ".cx(0, 1)", ".cx(1, 5)", ".cx(0, 8)", ".h(0)", ".cx(0, 6)", ".cx(0, 5)", ".h(0)", ".cx(0, 7)", ".cx(0, 1)", ".h(2)", ".cx(2, 9)", ".cx(0, 4)", ".cx(1, 3)", ".cx(2, 4)", ".cx(2, 5)", ".cx(2, 3)", ".h(3)", ".cx(3, 8)", ".cx(3, 4)", ".cx(3, 7)", ".cx(0, 9)", ".h(0)", ".h(6)", ".cx(0, 6)", ".h(9)", ".cx(0, 9)"]}, {"type": "non-degenerate", "A": [1, 0, 0, 0, 0, 0, 90, 0, 135, 0, 0], "B": [1, 0, 0, 0, 90, 216, 720, 720, 1485, 0, 0], "gates": [".cx(1, 8)", ".cx(0, 8)", ".cx(0, 9)", ".h(0)", ".cx(0, 8)", ".cx(0, 9)", ".cx(0, 1)", ".cx(1, 6)", ".cx(0, 5)", ".h(0)", ".cx(0, 7)", ".cx(0, 1)", ".h(0)", ".cx(0, 8)", ".cx(0, 9)", ".cx(0, 4)", ".h(3)", ".cx(3, 5)", ".cx(3, 4)", ".cx(3, 9)", ".h(2)", ".cx(2, 8)", ".cx(2, 7)", ".cx(2, 3)", ".cx(2, 9)", ".cx(1, 4)", ".h(4)", ".cx(4, 8)", ".cx(0, 4)", ".h(1)", ".h(8)", ".cx(1, 8)", ".cx(5, 7)"]}, {"type": "non-degenerate", "A": [1, 0, 0, 0, 0, 0, 90, 0, 135, 0, 0], "B": [1, 0, 0, 0, 90, 216, 720, 720, 1485, 0, 0], "gates": [".cx(1, 5)", ".cx(0, 1)", ".h(0)", ".cx(0, 7)", ".cx(0, 8)", ".h(0)", ".cx(0, 1)", ".cx(0, 5)", ".cx(0, 6)", ".cx(1, 9)", ".h(0)", ".cx(0, 6)", ".cx(6, 7)", ".cx(0, 4)", ".h(0)", ".cx(0, 8)", ".cx(0, 9)", ".h(2)", ".cx(2, 5)", ".cx(5, 7)", ".cx(6, 9)", ".cx(2, 3)", ".cx(3, 6)", ".cx(3, 4)", ".h(3)", ".cx(3, 5)", ".cx(5, 6)", ".h(9)", ".h(8)", ".cx(3, 8)", ".cx(1, 9)", ".cx(5, 9)"]}, {"type": "non-degenerate", "A": [1, 0, 0, 0, 0, 0, 90, 0, 135, 0, 0], "B": [1, 0, 0, 0, 90, 216, 720, 720, 1485, 0, 0], "gates": [".cx(1, 4)", ".cx(0, 5)", ".h(2)", ".cx(2, 5)", ".cx(2, 4)", ".cx(5, 7)", ".h(0)", ".cx(0, 9)", ".cx(0, 6)", ".cx(4, 8)", ".cx(0, 1)", ".cx(2, 3)", ".h(3)", ".cx(3, 6)", ".cx(3, 8)", ".cx(6, 7)", ".h(0)", ".cx(0, 2)", ".cx(2, 9)", ".cx(1, 5)", ".h(4)", ".cx(4, 9)", ".cx(4, 7)", ".h(1)", ".cx(1, 2)", ".h(8)", ".h(9)", ".cx(8, 9)", ".h(5)", ".h(6)", ".cx(0, 8)", ".cx(5, 7)", ".cx(3, 6)"]}, {"type": "non-degenerate", "A": [1, 0, 0, 0, 0, 0, 90, 0, 135, 0, 0], "B": [1, 0, 0, 0, 90, 216, 720, 720, 1485, 0, 0], "gates": [".cx(0, 3)", ".h(2)", ".cx(2, 3)", ".h(0)", ".cx(0, 6)", ".cx(0, 1)", ".cx(1, 5)", ".cx(3, 4)", ".cx(2, 7)", ".cx(0, 9)", ".cx(1, 8)", ".cx(2, 8)", ".h(1)", ".cx(1, 7)", ".cx(7, 9)", ".cx(1, 6)", ".h(2)", ".cx(2, 5)", ".cx(2, 3)", ".cx(3, 9)", ".h(4)", ".cx(4, 6)", ".cx(4, 9)", ".h(0)", ".cx(0, 8)", ".cx(8, 9)", ".h(5)", ".cx(1, 9)", ".cx(5, 9)", ".h(6)", ".cx(5, 6)"]}, {"type": "non-degenerate", "A": [1, 0, 0, 0, 0, 0, 90, 0, 135, 0, 0], "B": [1, 0, 0, 0, 90, 216, 720, 720, 1485, 0, 0], "gates": [".cx(1, 3)", ".cx(0, 5)", ".h(2)", ".cx(2, 3)", ".cx(3, 5)", ".cx(5, 8)", ".h(0)", ".cx(0, 6)", ".cx(0, 1)", ".cx(1, 7)", ".cx(2, 4)", ".cx(0, 9)", ".h(4)", ".cx(4, 9)", ".cx(4, 5)", ".cx(5, 6)", ".h(0)", ".cx(0, 2)", ".cx(0, 1)", ".cx(7, 8)", ".cx(2, 7)", ".h(3)", ".cx(3, 6)", ".h(7)", ".cx(7, 8)", ".h(1)", ".cx(0, 1)", ".h(8)", ".h(6)", ".cx(6, 8)"]}, {"type": "non-degenerate", "A": [1, 0, 0, 0, 0, 0, 90, 0, 135, 0, 0], "B": [1, 0, 0, 0, 90, 216, 720, 720, 1485, 0, 0], "gates": [".cx(1, 5)", ".cx(0, 6)", ".h(3)", ".cx(3, 7)", ".cx(3, 6)", ".cx(6, 9)", ".h(2)", ".cx(2, 4)", ".cx(2, 5)", ".h(0)", ".cx(0, 8)", ".cx(0, 1)", ".cx(5, 7)", ".h(2)", ".cx(2, 6)", ".cx(6, 8)", ".cx(1, 9)", ".cx(1, 4)", ".h(0)", ".cx(0, 2)", ".cx(0, 7)", ".cx(2, 5)", ".cx(4, 6)", ".cx(3, 4)", ".h(0)", ".h(5)", ".cx(5, 7)", ".cx(0, 9)", ".cx(0, 7)", ".h(8)", ".cx(8, 9)", ".h(3)", ".cx(3, 7)"]}, {"type": "non-degenerate", "A": [1, 0, 0, 0, 0, 0, 90, 0, 135, 0, 0], "B": [1, 0, 0, 0, 90, 216, 720, 720, 1485, 0, 0], "gates": [".cx(0, 5)", ".cx(1, 7)", ".h(3)", ".cx(3, 7)", ".cx(3, 5)", ".cx(5, 8)", ".h(0)", ".cx(0, 4)", ".cx(0, 1)", ".h(2)", ".cx(2, 9)", ".cx(3, 6)", ".cx(2, 5)", ".cx(1, 8)", ".cx(2, 4)", ".cx(4, 6)", ".h(7)", ".cx(7, 9)", ".h(0)", ".cx(0, 6)", ".cx(7, 8)", ".cx(0, 9)", ".cx(5, 9)", ".cx(2, 7)", ".cx(2, 9)", ".h(6)", ".h(5)", ".cx(5, 9)", ".cx(6, 7)", ".h(8)", ".cx(0, 8)", ".h(0)", ".cx(5, 6)", ".cx(4, 8)", ".h(4)", ".cx(4, 8)"]}, {"type": "non-degenerate", "A": [1, 0, 0, 0, 0, 0, 90, 0, 135, 0, 0], "B": [1, 0, 0, 0, 90, 216, 720, 720, 1485, 0, 0], "gates": [".cx(1, 6)", ".cx(0, 3)", ".h(2)", ".cx(2, 6)", ".cx(2, 3)", ".cx(3, 7)", ".h(0)", ".cx(0, 9)", ".cx(0, 5)", ".h(1)", ".cx(1, 8)", ".cx(1, 4)", ".cx(6, 9)", ".cx(1, 6)", ".h(4)", ".cx(4, 7)", ".cx(4, 5)", ".cx(7, 8)", ".h(3)", ".cx(3, 8)", ".cx(2, 3)", ".cx(5, 6)", ".cx(3, 4)", ".cx(5, 8)", ".h(0)", ".h(3)", ".cx(3, 6)", ".h(6)", ".cx(0, 6)", ".cx(6, 9)"]}, {"type": "non-degenerate", "A": [1, 0, 0, 0, 0, 0, 90, 0, 135, 0, 0], "B": [1, 0, 0, 0, 90, 216, 720, 720, 1485, 0, 0], "gates": [".cx(1, 9)", ".cx(0, 3)", ".h(2)", ".cx(2, 9)", ".cx(2, 3)", ".cx(3, 4)", ".h(0)", ".cx(0, 7)", ".cx(0, 1)", ".h(5)", ".cx(5, 8)", ".cx(5, 6)", ".cx(1, 3)", ".cx(3, 6)", ".cx(5, 7)", ".h(0)", ".cx(0, 4)", ".cx(0, 8)", ".h(6)", ".cx(6, 9)", ".cx(6, 8)", ".cx(2, 8)", ".h(3)", ".cx(3, 5)", ".h(0)", ".cx(0, 6)", ".cx(1, 6)", ".h(4)", ".h(3)", ".cx(3, 4)"]}, {"type": "non-degenerate", "A": [1, 0, 0, 0, 0, 0, 90, 0, 135, 0, 0], "B": [1, 0, 0, 0, 90, 216, 720, 720, 1485, 0, 0], "gates": [".cx(1, 8)", ".cx(0, 7)", ".h(3)", ".cx(3, 6)", ".cx(3, 8)", ".cx(8, 9)", ".h(2)", ".cx(2, 5)", ".cx(2, 7)", ".h(0)", ".cx(0, 1)", ".cx(0, 4)", ".cx(7, 9)", ".h(5)", ".cx(5, 8)", ".cx(3, 4)", ".cx(0, 2)", ".cx(2, 6)", ".h(1)", ".cx(1, 3)", ".cx(1, 9)", ".h(4)", ".cx(4, 7)", ".cx(5, 6)", ".cx(0, 8)", ".cx(4, 6)", ".cx(5, 7)", ".h(8)", ".cx(7, 8)", ".h(4)", ".cx(1, 4)"]}, {"type": "non-degenerate", "A": [1, 0, 0, 0, 0, 0, 90, 0, 135, 0, 0], "B": [1, 0, 0, 0, 90, 216, 720, 720, 1485, 0, 0], "gates": [".cx(1, 4)", ".cx(0, 7)", ".h(2)", ".cx(2, 5)", ".cx(2, 4)", ".cx(4, 8)", ".h(3)", ".cx(3, 6)", ".cx(3, 7)", ".cx(7, 9)", ".h(0)", ".cx(0, 1)", ".cx(0, 9)", ".cx(7, 8)", ".h(5)", ".cx(5, 7)", ".h(0)", ".cx(0, 2)", ".cx(2, 6)", ".cx(5, 6)", ".cx(1, 6)", ".h(4)", ".cx(4, 9)", ".cx(2, 5)", ".h(3)", ".cx(3, 4)", ".cx(3, 5)", ".cx(3, 8)", ".h(3)", ".h(8)", ".cx(3, 8)", ".cx(5, 8)"]}, {"type": "non-degenerate", "A": [1, 0, 0, 0, 0, 0, 90, 0, 135, 0, 0], "B": [1, 0, 0, 0, 90, 216, 720, 720, 1485, 0, 0], "gates": [".cx(0, 5)", ".cx(1, 6)", ".h(3)", ".cx(3, 6)", ".cx(3, 5)", ".cx(5, 8)", ".h(0)", ".cx(0, 9)", ".cx(0, 1)", ".h(2)", ".cx(2, 4)", ".cx(3, 7)", ".cx(4, 8)", ".cx(0, 3)", ".h(0)", ".cx(0, 2)", ".cx(2, 6)", ".cx(0, 1)", ".cx(1, 7)", ".cx(4, 9)", ".h(4)", ".cx(4, 5)", ".cx(5, 9)", ".cx(1, 8)", ".cx(0, 5)", ".h(3)", ".cx(3, 5)", ".h(2)", ".cx(0, 2)", ".h(9)", ".cx(8, 9)"]}, {"type": "non-degenerate", "A": [1, 0, 0, 0, 0, 0, 90, 0, 135, 0, 0], "B": [1, 0, 0, 0, 90, 216, 720, 720, 1485, 0, 0], "gates": [".cx(1, 9)", ".cx(0, 3)", ".h(2)", ".cx(2, 5)", ".cx(5, 9)", ".h(0)", ".cx(0, 8)", ".cx(0, 1)", ".h(3)", ".cx(3, 4)", ".cx(2, 7)", ".cx(3, 6)", ".h(0)", ".cx(0, 5)", ".cx(5, 6)", ".cx(1, 2)", ".cx(0, 4)", ".h(3)", ".cx(3, 7)", ".cx(3, 8)", ".h(1)", ".cx(1, 9)", ".cx(1, 6)", ".cx(0, 8)", ".h(0)", ".cx(0, 4)", ".h(4)", ".cx(0, 4)", ".cx(2, 4)"]}, {"type": "non-degenerate", "A": [1, 0, 0, 0, 0, 0, 90, 0, 135, 0, 0], "B": [1, 0, 0, 0, 90, 216, 720, 720, 1485, 0, 0], "gates": [".cx(1, 6)", ".cx(0, 4)", ".h(3)", ".cx(3, 9)", ".cx(3, 6)", ".h(2)", ".cx(2, 5)", ".cx(2, 4)", ".cx(4, 7)", ".h(0)", ".cx(0, 1)", ".cx(1, 8)", ".cx(3, 7)", ".cx(0, 3)", ".cx(4, 8)", ".cx(3, 5)", ".h(1)", ".cx(1, 9)", ".cx(1, 2)", ".h(1)", ".cx(1, 7)", ".h(0)", ".cx(0, 3)", ".cx(3, 4)", ".h(8)", ".h(5)", ".cx(0, 8)", ".cx(5, 6)", ".cx(4, 5)", ".h(6)", ".cx(6, 7)", ".h(8)", ".cx(7, 8)", ".h(1)", ".cx(1, 5)"]}, {"type": "non-degenerate", "A": [1, 0, 0, 0, 0, 0, 90, 0, 135, 0, 0], "B": [1, 0, 0, 0, 90, 216, 720, 720, 1485, 0, 0], "gates": [".cx(0, 3)", ".cx(1, 5)", ".h(2)", ".cx(2, 9)", ".cx(2, 3)", ".cx(3, 7)", ".h(0)", ".cx(0, 6)", ".cx(0, 1)", ".cx(1, 8)", ".h(4)", ".cx(4, 5)", ".cx(4, 7)", ".cx(2, 6)", ".cx(4, 8)", ".h(2)", ".cx(2, 5)", ".cx(2, 3)", ".h(0)", ".cx(0, 4)", ".cx(4, 6)", ".h(5)", ".cx(3, 5)", ".h(1)", ".cx(1, 2)", ".h(7)", ".h(1)", ".cx(1, 2)", ".cx(7, 9)", ".h(1)", ".cx(1, 9)"]}, {"type": "non-degenerate", "A": [1, 0, 0, 0, 0, 0, 90, 0, 135, 0, 0], "B": [1, 0, 0, 0, 90, 216, 720, 720, 1485, 0, 0], "gates": [".cx(0, 8)", ".cx(1, 6)", ".h(3)", ".cx(3, 8)", ".cx(3, 6)", ".cx(8, 9)", ".h(2)", ".cx(2, 5)", ".cx(2, 4)", ".h(0)", ".cx(0, 7)", ".cx(0, 1)", ".cx(1, 2)", ".cx(2, 8)", ".h(0)", ".cx(0, 5)", ".cx(5, 6)", ".cx(0, 9)", ".cx(3, 7)", ".h(0)", ".cx(0, 1)", ".cx(0, 6)", ".cx(1, 8)", ".h(4)", ".cx(2, 7)", ".cx(4, 9)", ".h(2)", ".cx(2, 7)", ".h(7)", ".cx(7, 9)", ".h(6)", ".cx(5, 6)"]}, {"type": "non-degenerate", "A": [1, 0, 0, 0, 0, 0, 90, 0, 135, 0, 0], "B": [1, 0, 0, 0, 90, 216, 720, 720, 1485, 0, 0], "gates": [".cx(1, 6)", ".cx(0, 4)", ".h(2)", ".cx(2, 5)", ".cx(2, 6)", ".h(3)", ".cx(3, 9)", ".cx(3, 4)", ".cx(4, 7)", ".h(0)", ".cx(0, 8)", ".cx(0, 1)", ".cx(6, 7)", ".h(5)", ".cx(5, 9)", ".cx(5, 8)", ".cx(0, 3)", ".h(0)", ".cx(0, 2)", ".cx(0, 4)", ".cx(1, 9)", ".cx(2, 8)", ".cx(0, 9)", ".cx(3, 8)", ".h(7)", ".cx(7, 8)", ".h(3)", ".h(5)", ".h(0)", ".h(6)", ".h(9)", ".h(1)", ".cx(5, 7)", ".cx(0, 9)", ".h(4)", ".h(8)", ".cx(4, 8)"]}, {"type": "non-degenerate", "A": [1, 0, 0, 0, 0, 0, 90, 0, 135, 0, 0], "B": [1, 0, 0, 0, 90, 216, 720, 720, 1485, 0, 0], "gates": [".cx(0, 6)", ".cx(1, 5)", ".h(3)", ".cx(3, 6)", ".cx(3, 5)", ".cx(6, 8)", ".h(2)", ".cx(2, 9)", ".cx(2, 4)", ".h(0)", ".cx(0, 1)", ".cx(1, 7)", ".cx(0, 8)", ".cx(8, 9)", ".cx(2, 7)", ".cx(2, 5)", ".h(4)", ".cx(4, 6)", ".h(1)", ".cx(1, 2)", ".cx(6, 7)", ".cx(0, 1)", ".h(1)", ".cx(1, 8)", ".cx(2, 9)", ".cx(2, 6)", ".h(0)", ".h(2)", ".cx(0, 2)", ".h(6)", ".cx(6, 9)"]}, {"type": "non-degenerate", "A": [1, 0, 0, 0, 0, 0, 90, 0, 135, 0, 0], "B": [1, 0, 0, 0, 90, 216, 720, 720, 1485, 0, 0], "gates": [".cx(1, 6)", ".cx(0, 3)", ".h(4)", ".cx(4, 5)", ".cx(4, 6)", ".h(2)", ".cx(2, 8)", ".cx(2, 3)", ".cx(3, 7)", ".h(0)", ".cx(0, 9)", ".cx(0, 1)", ".cx(6, 7)", ".cx(5, 9)", ".cx(1, 2)", ".cx(2, 5)", ".h(2)", ".cx(2, 4)", ".cx(0, 3)", ".h(0)", ".cx(0, 2)", ".cx(2, 6)", ".cx(0, 3)", ".h(5)", ".cx(1, 5)", ".h(1)", ".cx(1, 4)", ".cx(5, 9)", ".cx(0, 8)", ".h(6)", ".h(3)", ".cx(3, 6)"]}, {"type": "non-degenerate", "A": [1, 0, 0, 0, 0, 0, 90, 0, 135, 0, 0], "B": [1, 0, 0, 0, 90, 216, 720, 720, 1485, 0, 0], "gates": [".cx(1, 5)", ".cx(0, 8)", ".h(0)", ".cx(0, 5)", ".cx(0, 6)", ".h(0)", ".cx(0, 1)", ".cx(1, 8)", ".cx(0, 7)", ".h(0)", ".cx(0, 9)", ".cx(0, 5)", ".cx(0, 1)", ".h(2)", ".cx(2, 6)", ".cx(2, 7)", ".cx(7, 9)", ".cx(2, 4)", ".h(3)", ".cx(3, 8)", ".cx(3, 9)", ".h(0)", ".cx(0, 4)", ".cx(3, 4)", ".cx(3, 5)", ".h(3)", ".cx(2, 3)", ".cx(1, 2)", ".cx(3, 8)", ".h(0)", ".cx(1, 4)", ".h(5)", ".cx(0, 5)", ".h(3)", ".h(9)", ".cx(3, 9)"]}, {"type": "non-degenerate", "A": [1, 0, 0, 0, 0, 0, 90, 0, 135, 0, 0], "B": [1, 0, 0, 0, 90, 216, 720, 720, 1485, 0, 0], "gates": [".cx(1, 9)", ".cx(0, 8)", ".h(0)", ".cx(0, 1)", ".cx(0, 6)", ".h(0)", ".cx(0, 9)", ".cx(0, 8)", ".cx(0, 7)", ".h(4)", ".cx(4, 9)", ".cx(4, 5)", ".cx(4, 6)", ".h(0)", ".cx(0, 8)", ".cx(0, 1)", ".cx(1, 5)", ".h(2)", ".cx(2, 7)", ".cx(2, 5)", ".cx(0, 5)", ".cx(2, 3)", ".cx(2, 9)", ".h(3)", ".cx(3, 7)", ".cx(3, 8)", ".cx(3, 5)", ".h(4)", ".cx(3, 4)", ".h(8)", ".cx(3, 8)", ".cx(1, 4)", ".h(9)", ".cx(6, 9)"]}, {"type": "non-degenerate", "A": [1, 0, 0, 0, 0, 0, 90, 0, 135, 0, 0], "B": [1, 0, 0, 0, 90, 216, 720, 720, 1485, 0, 0], "gates": [".cx(1, 6)", ".cx(0, 9)", ".h(0)", ".cx(0, 6)", ".cx(0, 7)", ".h(0)", ".cx(0, 1)", ".cx(1, 9)", ".cx(0, 8)", ".h(0)", ".cx(0, 5)", ".cx(0, 1)", ".cx(1, 3)", ".h(2)", ".cx(2, 6)", ".cx(2, 8)", ".h(4)", ".cx(4, 7)", ".cx(2, 3)", ".cx(4, 5)", ".cx(0, 6)", ".cx(4, 9)", ".cx(3, 5)", ".h(3)", ".cx(3, 7)", ".cx(3, 5)", ".cx(3, 6)", ".h(4)", ".cx(2, 4)", ".h(5)", ".cx(3, 5)", ".cx(0, 4)", ".h(0)", ".h(4)", ".cx(0, 4)"]}, {"type": "non-degenerate", "A": [1, 0, 0, 0, 0, 0, 90, 0, 135, 0, 0], "B": [1, 0, 0, 0, 90, 216, 720, 720, 1485, 0, 0], "gates": [".cx(0, 8)", ".h(0)", ".cx(0, 1)", ".cx(1, 7)", ".cx(0, 9)", ".h(3)", ".cx(3, 8)", ".cx(3, 6)", ".cx(8, 9)", ".cx(0, 5)", ".h(0)", ".cx(0, 8)", ".cx(0, 1)", ".cx(1, 6)", ".h(4)", ".cx(4, 5)", ".cx(4, 6)", ".h(2)", ".cx(2, 9)", ".h(5)", ".cx(2, 5)", ".cx(2, 6)", ".cx(3, 7)", ".cx(4, 7)", ".h(7)", ".cx(4, 7)", ".cx(2, 7)", ".cx(7, 8)", ".h(6)", ".cx(1, 6)", ".h(8)", ".h(4)", ".cx(4, 8)"]}, {"type": "non-degenerate", "A": [1, 0, 0, 0, 0, 0, 90, 0, 135, 0, 0], "B": [1, 0, 0, 0, 90, 216, 720, 720, 1485, 0, 0], "gates": [".cx(0, 6)", ".cx(1, 4)", ".h(3)", ".cx(3, 5)", ".cx(5, 6)", ".cx(6, 8)", ".h(0)", ".cx(0, 2)", ".cx(0, 1)", ".cx(0, 7)", ".cx(3, 4)", ".cx(0, 9)", ".h(0)", ".cx(0, 1)", ".cx(1, 8)", ".h(5)", ".cx(5, 9)", ".cx(5, 6)", ".cx(4, 7)", ".h(2)", ".cx(2, 3)", ".cx(2, 5)", ".cx(0, 9)", ".h(3)", ".cx(3, 8)", ".h(3)", ".cx(3, 8)"]}, {"type": "non-degenerate", "A": [1, 0, 0, 0, 0, 0, 90, 0, 135, 0, 0], "B": [1, 0, 0, 0, 90, 216, 720, 720, 1485, 0, 0], "gates": [".cx(0, 4)", ".cx(1, 8)", ".h(2)", ".cx(2, 4)", ".cx(4, 8)", ".cx(2, 7)", ".h(0)", ".cx(0, 6)", ".cx(0, 1)", ".cx(1, 5)", ".h(3)", ".cx(3, 9)", ".cx(3, 4)", ".cx(2, 5)", ".h(0)", ".cx(0, 7)", ".cx(5, 9)", ".cx(3, 6)", ".h(5)", ".cx(5, 8)", ".cx(5, 9)", ".cx(7, 9)", ".cx(1, 7)", ".h(2)", ".cx(2, 6)", ".cx(6, 7)", ".h(4)", ".cx(0, 4)", ".cx(2, 9)", ".h(1)", ".cx(0, 1)"]}, {"type": "non-degenerate", "A": [1, 0, 0, 0, 0, 0, 90, 0, 135, 0, 0], "B": [1, 0, 0, 0, 90, 216, 720, 720, 1485, 0, 0], "gates": [".cx(1, 6)", ".cx(0, 3)", ".h(2)", ".cx(2, 3)", ".cx(2, 6)", ".cx(6, 8)", ".h(4)", ".cx(4, 7)", ".cx(4, 5)", ".cx(3, 9)", ".h(0)", ".cx(0, 1)", ".cx(0, 3)", ".cx(1, 7)", ".cx(7, 9)", ".cx(4, 8)", ".h(1)", ".cx(1, 6)", ".cx(1, 5)", ".cx(2, 5)", ".cx(1, 9)", ".h(5)", ".cx(5, 8)", ".cx(5, 9)", ".h(2)", ".cx(2, 4)", ".h(0)", ".cx(0, 1)", ".cx(0, 8)", ".cx(2, 8)", ".cx(3, 5)"]}, {"type": "non-degenerate", "A": [1, 0, 0, 0, 0, 0, 90, 0, 135, 0, 0], "B": [1, 0, 0, 0, 90, 216, 720, 720, 1485, 0, 0], "gates": [".cx(0, 4)", ".cx(1, 9)", ".h(2)", ".cx(2, 6)", ".cx(2, 4)", ".cx(4, 8)", ".h(3)", ".cx(3, 7)", ".cx(7, 9)", ".h(0)", ".cx(0, 5)", ".cx(0, 1)", ".cx(3, 4)", ".cx(1, 8)", ".cx(4, 5)", ".h(6)", ".cx(6, 7)", ".h(0)", ".cx(0, 9)", ".cx(0, 6)", ".cx(7, 8)", ".cx(2, 6)", ".h(1)", ".cx(1, 2)", ".cx(2, 9)", ".h(4)", ".cx(3, 4)", ".h(2)", ".cx(0, 2)", ".h(8)", ".cx(5, 8)"]}, {"type": "non-degenerate", "A": [1, 0, 0, 0, 0, 0, 90, 0, 135, 0, 0], "B": [1, 0, 0, 0, 90, 216, 720, 720, 1485, 0, 0], "gates": [".cx(0, 4)", ".h(0)", ".cx(0, 5)", ".cx(0, 1)", ".cx(1, 9)", ".h(2)", ".cx(2, 3)", ".cx(2, 4)", ".cx(4, 8)", ".cx(1, 6)", ".cx(4, 7)", ".h(3)", ".cx(3, 5)", ".cx(2, 6)", ".cx(3, 4)", ".h(7)", ".cx(7, 9)", ".cx(5, 9)", ".h(0)", ".cx(0, 2)", ".cx(0, 5)", ".cx(7, 8)", ".cx(1, 7)", ".cx(3, 6)", ".h(0)", ".cx(0, 8)", ".h(4)", ".cx(3, 4)", ".cx(4, 5)", ".cx(3, 8)"]}, {"type": "non-degenerate", "A": [1, 0, 0, 0, 0, 0, 90, 0, 135, 0, 0], "B": [1, 0, 0, 0, 90, 216, 720, 720, 1485, 0, 0], "gates": [".cx(1, 5)", ".cx(0, 7)", ".h(4)", ".cx(4, 6)", ".cx(4, 7)", ".cx(7, 9)", ".h(2)", ".cx(2, 3)", ".cx(2, 5)", ".h(0)", ".cx(0, 8)", ".cx(0, 1)", ".cx(2, 9)", ".cx(1, 7)", ".h(3)", ".cx(3, 8)", ".cx(3, 6)", ".cx(3, 5)", ".h(1)", ".cx(1, 3)", ".cx(2, 8)", ".cx(7, 8)", ".cx(0, 6)", ".h(4)", ".cx(4, 5)", ".cx(0, 9)", ".cx(0, 2)", ".cx(0, 8)", ".h(6)", ".cx(3, 6)"]}, {"type": "non-degenerate", "A": [1, 0, 0, 0, 0, 0, 90, 0, 135, 0, 0], "B": [1, 0, 0, 0, 90, 216, 720, 720, 1485, 0, 0], "gates": [".cx(0, 6)", ".cx(1, 5)", ".h(3)", ".cx(3, 8)", ".cx(3, 5)", ".h(2)", ".cx(2, 4)", ".cx(2, 6)", ".cx(6, 9)", ".h(0)", ".cx(0, 1)", ".cx(1, 7)", ".cx(3, 9)", ".cx(0, 8)", ".cx(2, 7)", ".h(4)", ".cx(4, 5)", ".cx(4, 6)", ".h(0)", ".cx(0, 2)", ".cx(0, 5)", ".cx(1, 6)", ".cx(3, 7)", ".h(1)", ".cx(1, 4)", ".cx(4, 7)", ".cx(0, 8)", ".h(9)", ".cx(1, 9)", ".cx(8, 9)", ".cx(1, 5)"]}, {"type": "non-degenerate", "A": [1, 0, 0, 0, 0, 0, 90, 0, 135, 0, 0], "B": [1, 0, 0, 0, 90, 216, 720, 720, 1485, 0, 0], "gates": [".cx(1, 3)", ".cx(0, 4)", ".h(2)", ".cx(2, 4)", ".cx(2, 3)", ".cx(4, 9)", ".h(0)", ".cx(0, 7)", ".cx(0, 1)", ".cx(1, 8)", ".cx(3, 6)", ".cx(4, 5)", ".cx(0, 4)", ".h(5)", ".cx(5, 8)", ".cx(5, 6)", ".h(3)", ".cx(3, 7)", ".cx(3, 9)", ".h(1)", ".cx(1, 7)", ".cx(1, 6)", ".cx(8, 9)", ".cx(5, 7)", ".h(2)", ".cx(2, 8)", ".cx(2, 7)", ".h(8)", ".cx(2, 8)"]}, {"type": "non-degenerate", "A": [1, 0, 0, 0, 0, 0, 90, 0, 135, 0, 0], "B": [1, 0, 0, 0, 90, 216, 720, 720, 1485, 0, 0], "gates": [".cx(1, 2)", ".cx(0, 3)", ".h(2)", ".cx(2, 8)", ".cx(2, 3)", ".h(0)", ".cx(0, 6)", ".cx(0, 1)", ".cx(3, 9)", ".cx(1, 5)", ".cx(2, 4)", ".cx(0, 7)", ".h(0)", ".cx(0, 8)", ".cx(0, 6)", ".cx(6, 9)", ".h(4)", ".cx(4, 7)", ".cx(1, 2)", ".h(5)", ".cx(5, 6)", ".cx(5, 8)", ".cx(5, 7)", ".cx(4, 9)", ".cx(1, 9)", ".cx(2, 4)", ".h(0)", ".cx(0, 1)", ".h(0)", ".cx(0, 2)", ".cx(5, 9)", ".cx(1, 9)"]}, {"type": "non-degenerate", "A": [1, 0, 0, 0, 0, 0, 90, 0, 135, 0, 0], "B": [1, 0, 0, 0, 90, 216, 720, 720, 1485, 0, 0], "gates": [".cx(1, 4)", ".cx(0, 5)", ".h(3)", ".cx(3, 9)", ".cx(3, 5)", ".cx(5, 8)", ".h(2)", ".cx(2, 7)", ".cx(2, 4)", ".h(0)", ".cx(0, 6)", ".cx(0, 1)", ".cx(4, 8)", ".h(0)", ".cx(0, 7)", ".cx(0, 9)", ".h(2)", ".cx(2, 5)", ".cx(5, 6)", ".cx(1, 9)", ".cx(0, 5)", ".h(4)", ".cx(4, 9)", ".h(4)", ".cx(4, 9)", ".h(5)", ".cx(4, 5)", ".h(1)", ".h(2)", ".cx(1, 8)", ".h(4)", ".cx(4, 5)"]}, {"type": "non-degenerate", "A": [1, 0, 0, 0, 0, 0, 90, 0, 135, 0, 0], "B": [1, 0, 0, 0, 90, 216, 720, 720, 1485, 0, 0], "gates": [".cx(0, 3)", ".cx(1, 7)", ".h(2)", ".cx(2, 4)", ".cx(2, 3)", ".cx(3, 5)", ".h(0)", ".cx(0, 9)", ".cx(0, 1)", ".cx(1, 6)", ".cx(2, 7)", ".cx(1, 8)", ".cx(5, 8)", ".h(3)", ".cx(3, 6)", ".cx(3, 7)", ".h(0)", ".cx(0, 5)", ".h(4)", ".cx(4, 9)", ".cx(4, 8)", ".cx(2, 4)", ".cx(3, 8)", ".cx(0, 3)", ".cx(0, 4)", ".h(7)", ".cx(4, 7)", ".cx(5, 6)", ".h(1)", ".cx(1, 8)", ".h(2)", ".cx(2, 5)", ".h(8)", ".cx(1, 5)", ".cx(4, 8)"]}, {"type": "non-degenerate", "A": [1, 0, 0, 0, 0, 0, 90, 0, 135, 0, 0], "B": [1, 0, 0, 0, 90, 216, 720, 720, 1485, 0, 0], "gates": [".cx(1, 5)", ".cx(0, 4)", ".h(2)", ".cx(2, 4)", ".cx(4, 5)", ".cx(5, 6)", ".h(1)", ".cx(1, 8)", ".cx(1, 7)", ".cx(2, 3)", ".h(0)", ".cx(0, 9)", ".cx(0, 6)", ".h(3)", ".cx(3, 8)", ".cx(3, 5)", ".cx(4, 7)", ".cx(8, 9)", ".h(1)", ".cx(1, 4)", ".cx(1, 9)", ".cx(2, 9)", ".h(2)", ".cx(2, 7)", ".h(5)", ".h(9)", ".cx(5, 9)", ".h(8)", ".cx(5, 8)"]}, {"type": "non-degenerate", "A": [1, 0, 0, 0, 0, 0, 90, 0, 135, 0, 0], "B": [1, 0, 0, 0, 90, 216, 720, 720, 1485, 0, 0], "gates": [".cx(1, 6)", ".cx(0, 8)", ".h(3)", ".cx(3, 8)", ".cx(3, 6)", ".cx(8, 9)", ".h(0)", ".cx(0, 7)", ".cx(0, 1)", ".cx(1, 5)", ".h(2)", ".cx(2, 4)", ".cx(4, 5)", ".cx(2, 6)", ".h(0)", ".cx(0, 9)", ".cx(0, 1)", ".cx(7, 8)", ".h(4)", ".cx(4, 5)", ".cx(0, 4)", ".cx(3, 5)", ".cx(1, 2)", ".cx(5, 7)", ".h(3)", ".cx(3, 6)", ".cx(6, 8)", ".cx(1, 6)", ".cx(7, 8)", ".h(7)", ".cx(5, 7)"]}, {"type": "non-degenerate", "A": [1, 0, 0, 0, 0, 0, 90, 0, 135, 0, 0], "B": [1, 0, 0, 0, 90, 216, 720, 720, 1485, 0, 0], "gates": [".cx(0, 9)", ".cx(1, 9)", ".cx(0, 8)", ".h(0)", ".cx(0, 9)", ".cx(0, 8)", ".cx(0, 1)", ".cx(0, 5)", ".h(0)", ".cx(0, 6)", ".cx(0, 1)", ".cx(1, 3)", ".h(2)", ".cx(2, 9)", ".cx(2, 7)", ".cx(2, 8)", ".cx(0, 9)", ".h(3)", ".cx(3, 7)", ".cx(5, 7)", ".cx(3, 4)", ".cx(0, 4)", ".cx(2, 6)", ".h(2)", ".cx(2, 8)", ".h(4)", ".cx(4, 6)", ".cx(1, 3)", ".cx(4, 8)", ".h(1)", ".cx(2, 6)", ".cx(1, 2)", ".cx(1, 5)"]}, {"type": "non-degenerate", "A": [1, 0, 0, 0, 0, 0, 90, 0, 135, 0, 0], "B": [1, 0, 0, 0, 90, 216, 720, 720, 1485, 0, 0], "gates": [".cx(0, 7)", ".cx(1, 8)", ".h(0)", ".cx(0, 1)", ".h(2)", ".cx(2, 8)", ".cx(2, 7)", ".cx(0, 5)", ".cx(7, 9)", ".cx(1, 9)", ".h(4)", ".cx(4, 7)", ".cx(4, 5)", ".h(0)", ".cx(0, 6)", ".cx(0, 8)", ".cx(4, 6)", ".cx(6, 9)", ".cx(2, 3)", ".h(3)", ".cx(3, 4)", ".cx(4, 8)", ".h(1)", ".cx(1, 3)", ".cx(2, 3)", ".cx(1, 2)", ".cx(3, 9)", ".h(8)", ".cx(4, 8)", ".h(1)", ".cx(1, 2)"]}, {"type": "non-degenerate", "A": [1, 0, 0, 0, 0, 0, 90, 0, 135, 0, 0], "B": [1, 0, 0, 0, 90, 216, 720, 720, 1485, 0, 0], "gates": [".cx(0, 8)", ".h(0)", ".cx(0, 1)", ".cx(0, 9)", ".cx(1, 5)", ".h(2)", ".cx(2, 8)", ".cx(2, 7)", ".cx(8, 9)", ".cx(1, 8)", ".cx(0, 4)", ".h(0)", ".cx(0, 3)", ".cx(0, 8)", ".cx(0, 1)", ".cx(2, 5)", ".h(0)", ".cx(0, 5)", ".cx(4, 6)", ".cx(5, 6)", ".h(1)", ".cx(1, 7)", ".cx(3, 6)", ".h(2)", ".cx(2, 6)", ".cx(1, 6)", ".cx(1, 8)", ".cx(0, 7)", ".cx(7, 9)", ".h(2)", ".h(8)", ".cx(6, 8)", ".cx(2, 3)"]}, {"type": "non-degenerate", "A": [1, 0, 0, 0, 0, 0, 90, 0, 135, 0, 0], "B": [1, 0, 0, 0, 90, 216, 720, 720, 1485, 0, 0], "gates": [".cx(1, 7)", ".cx(0, 6)", ".h(0)", ".cx(0, 7)", ".cx(0, 8)", ".h(0)", ".cx(0, 1)", ".cx(1, 6)", ".cx(0, 9)", ".h(3)", ".cx(3, 7)", ".cx(3, 9)", ".h(0)", ".cx(0, 4)", ".cx(0, 8)", ".cx(3, 4)", ".cx(0, 6)", ".cx(1, 5)", ".h(2)", ".cx(2, 8)", ".cx(2, 4)", ".cx(2, 5)", ".h(4)", ".cx(4, 5)", ".cx(3, 5)", ".cx(4, 7)", ".cx(4, 6)", ".cx(2, 6)", ".cx(2, 7)", ".h(9)", ".cx(7, 9)", ".h(3)", ".cx(3, 6)", ".h(2)", ".cx(1, 4)", ".cx(2, 8)"]}, {"type": "non-degenerate", "A": [1, 0, 0, 0, 0, 0, 90, 0, 135, 0, 0], "B": [1, 0, 0, 0, 90, 216, 720, 720, 1485, 0, 0], "gates": [".cx(0, 3)", ".cx(1, 4)", ".h(2)", ".cx(2, 4)", ".cx(2, 3)", ".cx(3, 8)", ".h(0)", ".cx(0, 9)", ".cx(0, 1)", ".cx(1, 7)", ".cx(4, 5)", ".cx(0, 6)", ".cx(8, 9)", ".h(3)", ".cx(3, 7)", ".cx(3, 5)", ".h(1)", ".cx(1, 8)", ".h(4)", ".cx(4, 6)", ".cx(1, 5)", ".cx(3, 6)", ".cx(4, 8)", ".h(0)", ".cx(0, 7)", ".cx(7, 8)", ".h(7)", ".cx(0, 7)"]}, {"type": "non-degenerate", "A": [1, 0, 0, 0, 0, 0, 90, 0, 135, 0, 0], "B": [1, 0, 0, 0, 90, 216, 720, 720, 1485, 0, 0], "gates": [".cx(1, 4)", ".cx(0, 8)", ".h(2)", ".cx(2, 4)", ".cx(2, 8)", ".cx(4, 9)", ".h(1)", ".cx(1, 6)", ".cx(1, 7)", ".cx(2, 5)", ".cx(2, 3)", ".h(0)", ".cx(0, 2)", ".cx(7, 8)", ".h(3)", ".cx(3, 7)", ".cx(3, 9)", ".cx(2, 6)", ".h(0)", ".cx(0, 4)", ".cx(0, 6)", ".cx(2, 9)", ".h(1)", ".cx(1, 6)", ".cx(1, 5)", ".cx(5, 9)", ".h(3)", ".cx(2, 3)"]}, {"type": "non-degenerate", "A": [1, 0, 0, 0, 0, 0, 90, 0, 135, 0, 0], "B": [1, 0, 0, 0, 90, 216, 720, 720, 1485, 0, 0], "gates": [".cx(1, 8)", ".cx(0, 5)", ".h(2)", ".cx(2, 5)", ".cx(2, 8)", ".cx(5, 6)", ".h(0)", ".cx(0, 9)", ".cx(0, 1)", ".cx(1, 4)", ".cx(2, 3)", ".cx(1, 7)", ".h(4)", ".cx(4, 5)", ".cx(4, 9)", ".cx(0, 3)", ".h(0)", ".cx(0, 8)", ".h(6)", ".cx(6, 7)", ".cx(5, 6)", ".cx(0, 4)", ".cx(0, 6)", ".cx(6, 9)", ".cx(6, 8)", ".h(3)", ".cx(3, 7)", ".h(7)", ".cx(4, 7)", ".cx(2, 3)", ".h(9)", ".cx(1, 9)", ".h(2)", ".cx(2, 7)"]}, {"type": "non-degenerate", "A": [1, 0, 0, 0, 0, 0, 90, 0, 135, 0, 0], "B": [1, 0, 0, 0, 90, 216, 720, 720, 1485, 0, 0], "gates": [".cx(0, 7)", ".cx(1, 8)", ".h(0)", ".cx(0, 8)", ".cx(0, 6)", ".h(0)", ".cx(0, 1)", ".cx(1, 7)", ".cx(0, 9)", ".h(0)", ".cx(0, 5)", ".cx(5, 7)", ".h(2)", ".cx(2, 8)", ".cx(2, 9)", ".cx(1, 4)", ".h(3)", ".cx(3, 6)", ".cx(3, 5)", ".cx(3, 7)", ".cx(2, 3)", ".cx(3, 4)", ".h(3)", ".cx(2, 3)", ".h(4)", ".cx(4, 5)", ".cx(4, 6)", ".h(2)", ".h(6)", ".cx(2, 6)"]}, {"type": "non-degenerate", "A": [1, 0, 0, 0, 0, 0, 90, 0, 135, 0, 0], "B": [1, 0, 0, 0, 90, 216, 720, 720, 1485, 0, 0], "gates": [".cx(1, 6)", ".cx(0, 7)", ".h(3)", ".cx(3, 5)", ".cx(3, 7)", ".cx(7, 8)", ".h(2)", ".cx(2, 4)", ".cx(2, 6)", ".cx(6, 9)", ".h(0)", ".cx(0, 1)", ".cx(3, 9)", ".cx(1, 3)", ".cx(2, 8)", ".cx(0, 2)", ".h(1)", ".cx(1, 4)", ".cx(4, 9)", ".cx(2, 5)", ".h(5)", ".cx(5, 8)", ".h(0)", ".cx(0, 6)", ".cx(0, 5)", ".cx(1, 3)", ".cx(0, 9)", ".h(9)", ".cx(2, 9)", ".h(7)", ".cx(2, 7)"]}, {"type": "non-degenerate", "A": [1, 0, 0, 0, 0, 0, 90, 0, 135, 0, 0], "B": [1, 0, 0, 0, 90, 216, 720, 720, 1485, 0, 0], "gates": [".cx(1, 7)", ".cx(0, 5)", ".h(2)", ".cx(2, 8)", ".cx(2, 5)", ".cx(5, 9)", ".h(3)", ".cx(3, 4)", ".cx(3, 7)", ".h(0)", ".cx(0, 1)", ".cx(1, 6)", ".cx(7, 9)", ".cx(3, 6)", ".h(3)", ".cx(3, 8)", ".cx(0, 2)", ".cx(2, 4)", ".h(0)", ".cx(0, 4)", ".cx(0, 5)", ".cx(0, 8)", ".h(6)", ".cx(6, 7)", ".cx(2, 3)", ".h(0)", ".h(5)", ".cx(5, 9)", ".cx(0, 1)"]}, {"type": "non-degenerate", "A": [1, 0, 0, 0, 0, 0, 90, 0, 135, 0, 0], "B": [1, 0, 0, 0, 90, 216, 720, 720, 1485, 0, 0], "gates": [".cx(1, 5)", ".h(2)", ".cx(2, 4)", ".cx(2, 5)", ".cx(0, 2)", ".cx(2, 9)", ".h(0)", ".cx(0, 7)", ".cx(0, 1)", ".cx(1, 6)", ".cx(2, 3)", ".cx(1, 8)", ".cx(0, 9)", ".h(0)", ".cx(0, 2)", ".cx(2, 8)", ".cx(0, 1)", ".h(3)", ".cx(3, 6)", ".cx(3, 4)", ".cx(3, 9)", ".h(7)", ".cx(7, 8)", ".h(2)", ".cx(2, 6)", ".h(5)", ".cx(2, 7)", ".cx(5, 6)", ".cx(1, 4)", ".cx(6, 9)", ".cx(1, 8)"]}, {"type": "non-degenerate", "A": [1, 0, 0, 0, 0, 0, 90, 0, 135, 0, 0], "B": [1, 0, 0, 0, 90, 216, 720, 720, 1485, 0, 0], "gates": [".cx(1, 4)", ".cx(0, 8)", ".h(2)", ".cx(2, 4)", ".cx(2, 8)", ".cx(8, 9)", ".h(0)", ".cx(0, 6)", ".cx(0, 1)", ".cx(1, 7)", ".cx(2, 5)", ".cx(1, 3)", ".h(3)", ".cx(3, 8)", ".cx(3, 7)", ".h(5)", ".cx(5, 6)", ".cx(5, 9)", ".h(0)", ".cx(0, 2)", ".cx(0, 1)", ".cx(2, 3)", ".cx(1, 9)", ".cx(6, 8)", ".h(4)", ".cx(4, 7)", ".h(6)", ".h(7)", ".cx(6, 7)"]}, {"type": "non-degenerate", "A": [1, 0, 0, 0, 0, 0, 90, 0, 135, 0, 0], "B": [1, 0, 0, 0, 90, 216, 720, 720, 1485, 0, 0], "gates": [".cx(1, 7)", ".cx(0, 4)", ".h(2)", ".cx(2, 9)", ".cx(2, 4)", ".cx(4, 6)", ".h(3)", ".cx(3, 5)", ".cx(5, 7)", ".h(0)", ".cx(0, 8)", ".cx(0, 1)", ".cx(3, 6)", ".cx(1, 3)", ".cx(0, 4)", ".h(0)", ".cx(0, 5)", ".cx(5, 9)", ".h(7)", ".cx(7, 8)", ".cx(2, 8)", ".cx(1, 8)", ".cx(1, 9)", ".h(3)", ".cx(3, 4)", ".cx(7, 9)", ".h(6)", ".cx(0, 6)", ".h(9)", ".cx(3, 7)", ".cx(2, 9)"]}, {"type": "non-degenerate", "A": [1, 0, 0, 0, 0, 0, 90, 0, 135, 0, 0], "B": [1, 0, 0, 0, 90, 216, 720, 720, 1485, 0, 0], "gates": [".cx(1, 6)", ".cx(0, 7)", ".h(3)", ".cx(3, 5)", ".cx(3, 6)", ".cx(6, 8)", ".h(2)", ".cx(2, 4)", ".cx(2, 7)", ".cx(7, 9)", ".h(0)", ".cx(0, 1)", ".cx(0, 2)", ".cx(2, 5)", ".h(4)", ".cx(4, 6)", ".cx(6, 9)", ".cx(7, 8)", ".h(1)", ".cx(1, 9)", ".cx(1, 5)", ".cx(2, 4)", ".h(3)", ".cx(3, 9)", ".cx(0, 9)", ".h(0)", ".cx(0, 1)", ".h(5)", ".h(4)", ".cx(4, 5)"]}, {"type": "non-degenerate", "A": [1, 0, 0, 0, 0, 0, 90, 0, 135, 0, 0], "B": [1, 0, 0, 0, 90, 216, 720, 720, 1485, 0, 0], "gates": [".cx(1, 6)", ".cx(0, 5)", ".h(3)", ".cx(3, 5)", ".cx(3, 6)", ".cx(5, 8)", ".h(2)", ".cx(2, 4)", ".cx(2, 7)", ".h(0)", ".cx(0, 9)", ".cx(0, 1)", ".cx(1, 2)", ".cx(2, 5)", ".cx(8, 9)", ".h(6)", ".cx(6, 7)", ".cx(6, 8)", ".h(0)", ".cx(0, 2)", ".cx(2, 6)", ".h(0)", ".cx(0, 7)", ".cx(7, 9)", ".h(1)", ".cx(1, 4)"]}, {"type": "non-degenerate", "A": [1, 0, 0, 0, 0, 0, 90, 0, 135, 0, 0], "B": [1, 0, 0, 0, 90, 216, 720, 720, 1485, 0, 0], "gates": [".cx(0, 3)", ".cx(1, 8)", ".h(2)", ".cx(2, 3)", ".cx(3, 8)", ".cx(2, 6)", ".h(0)", ".cx(0, 9)", ".cx(0, 1)", ".cx(1, 5)", ".cx(3, 4)", ".cx(0, 7)", ".h(4)", ".cx(4, 5)", ".cx(4, 6)", ".cx(2, 7)", ".h(0)", ".cx(0, 2)", ".h(3)", ".cx(3, 9)", ".cx(0, 4)", ".cx(3, 4)", ".cx(3, 8)", ".h(6)", ".cx(6, 9)", ".cx(1, 2)", ".h(5)", ".cx(0, 5)", ".cx(5, 7)", ".cx(3, 5)", ".cx(0, 9)"]}, {"type": "non-degenerate", "A": [1, 0, 0, 0, 0, 0, 90, 0, 135, 0, 0], "B": [1, 0, 0, 0, 90, 216, 720, 720, 1485, 0, 0], "gates": [".cx(1, 4)", ".cx(0, 3)", ".h(2)", ".cx(2, 3)", ".cx(2, 4)", ".cx(3, 6)", ".h(5)", ".cx(5, 9)", ".cx(5, 7)", ".h(0)", ".cx(0, 8)", ".cx(0, 1)", ".cx(1, 9)", ".cx(5, 6)", ".cx(6, 8)", ".cx(0, 3)", ".h(1)", ".cx(1, 7)", ".cx(1, 4)", ".cx(4, 5)", ".h(6)", ".cx(6, 7)", ".h(4)", ".cx(1, 8)", ".cx(4, 5)", ".h(8)", ".cx(8, 9)", ".h(2)", ".h(1)", ".cx(4, 8)", ".cx(1, 2)", ".cx(1, 3)"]}, {"type": "non-degenerate", "A": [1, 0, 0, 0, 0, 0, 90, 0, 135, 0, 0], "B": [1, 0, 0, 0, 90, 216, 720, 720, 1485, 0, 0], "gates": [".cx(0, 5)", ".cx(1, 3)", ".h(2)", ".cx(2, 8)", ".cx(2, 3)", ".cx(3, 6)", ".h(4)", ".cx(4, 7)", ".cx(4, 5)", ".cx(5, 9)", ".h(0)", ".cx(0, 1)", ".cx(0, 4)", ".cx(4, 8)", ".cx(0, 6)", ".cx(2, 7)", ".h(3)", ".cx(3, 9)", ".cx(2, 3)", ".h(0)", ".cx(0, 2)", ".cx(2, 4)", ".h(6)", ".cx(6, 7)", ".h(5)", ".cx(5, 8)", ".cx(6, 8)", ".cx(0, 7)", ".cx(2, 5)"]}, {"type": "non-degenerate", "A": [1, 0, 0, 0, 0, 0, 90, 0, 135, 0, 0], "B": [1, 0, 0, 0, 90, 216, 720, 720, 1485, 0, 0], "gates": [".cx(1, 9)", ".cx(0, 5)", ".h(2)", ".cx(2, 5)", ".cx(2, 9)", ".cx(5, 8)", ".h(0)", ".cx(0, 6)", ".cx(0, 1)", ".cx(1, 7)", ".cx(2, 3)", ".cx(2, 4)", ".cx(0, 2)", ".h(4)", ".cx(4, 6)", ".cx(4, 8)", ".h(0)", ".cx(0, 3)", ".cx(0, 1)", ".cx(6, 9)", ".cx(0, 4)", ".h(6)", ".cx(6, 7)", ".cx(6, 8)", ".h(5)", ".cx(5, 7)", ".cx(1, 6)", ".h(1)", ".cx(1, 6)", ".cx(2, 6)"]}, {"type": "non-degenerate", "A": [1, 0, 0, 0, 0, 0, 90, 0, 135, 0, 0], "B": [1, 0, 0, 0, 90, 216, 720, 720, 1485, 0, 0], "gates": [".cx(1, 3)", ".h(2)", ".cx(2, 5)", ".cx(2, 4)", ".cx(0, 2)", ".cx(2, 3)", ".h(0)", ".cx(0, 6)", ".cx(0, 1)", ".cx(1, 8)", ".cx(2, 7)", ".cx(0, 9)", ".h(6)", ".cx(6, 7)", ".cx(6, 8)", ".h(0)", ".cx(0, 2)", ".cx(0, 4)", ".cx(5, 9)", ".cx(1, 4)", ".h(5)", ".cx(5, 8)", ".h(2)", ".cx(0, 2)", ".cx(5, 9)", ".cx(4, 6)", ".cx(2, 5)", ".cx(1, 5)", ".cx(1, 8)"]}, {"type": "non-degenerate", "A": [1, 0, 0, 0, 0, 0, 90, 0, 135, 0, 0], "B": [1, 0, 0, 0, 90, 216, 720, 720, 1485, 0, 0], "gates": [".cx(1, 3)", ".h(2)", ".cx(2, 4)", ".cx(2, 3)", ".cx(0, 2)", ".cx(2, 5)", ".h(0)", ".cx(0, 8)", ".cx(0, 1)", ".cx(1, 6)", ".cx(2, 9)", ".cx(0, 7)", ".h(0)", ".cx(0, 2)", ".cx(0, 1)", ".cx(1, 5)", ".h(6)", ".cx(6, 9)", ".cx(6, 7)", ".h(3)", ".cx(3, 9)", ".cx(5, 6)", ".h(2)", ".cx(2, 4)", ".cx(5, 9)", ".cx(0, 7)", ".h(0)", ".cx(0, 3)"]}, {"type": "non-degenerate", "A": [1, 0, 0, 0, 0, 0, 90, 0, 135, 0, 0], "B": [1, 0, 0, 0, 90, 216, 720, 720, 1485, 0, 0], "gates": [".cx(1, 8)", ".cx(0, 7)", ".h(2)", ".cx(2, 3)", ".cx(2, 8)", ".cx(8, 9)", ".h(1)", ".cx(1, 6)", ".cx(1, 7)", ".h(0)", ".cx(0, 5)", ".cx(2, 4)", ".cx(0, 9)", ".h(3)", ".cx(3, 6)", ".cx(3, 8)", ".cx(1, 5)", ".cx(4, 7)", ".h(0)", ".cx(0, 2)", ".cx(2, 6)", ".cx(6, 9)", ".h(4)", ".cx(4, 5)", ".cx(5, 7)", ".h(4)", ".cx(3, 4)", ".h(3)", ".h(7)", ".cx(3, 7)", ".h(1)", ".cx(1, 4)", ".h(2)", ".cx(2, 6)"]}, {"type": "non-degenerate", "A": [1, 0, 0, 0, 0, 0, 90, 0, 135, 0, 0], "B": [1, 0, 0, 0, 90, 216, 720, 720, 1485, 0, 0], "gates": [".cx(0, 5)", ".cx(1, 9)", ".h(0)", ".cx(0, 1)", ".h(4)", ".cx(4, 5)", ".cx(4, 9)", ".cx(0, 7)", ".cx(5, 8)", ".cx(1, 8)", ".h(0)", ".cx(0, 3)", ".cx(0, 9)", ".h(0)", ".cx(0, 5)", ".cx(5, 7)", ".h(2)", ".cx(2, 3)", ".cx(2, 8)", ".cx(2, 6)", ".cx(5, 6)", ".cx(3, 5)", ".cx(1, 3)", ".h(7)", ".cx(2, 7)", ".h(4)", ".cx(0, 4)", ".cx(4, 8)", ".h(3)", ".cx(2, 3)", ".h(5)", ".cx(5, 8)"]}, {"type": "non-degenerate", "A": [1, 0, 0, 0, 0, 0, 90, 0, 135, 0, 0], "B": [1, 0, 0, 0, 90, 216, 720, 720, 1485, 0, 0], "gates": [".cx(0, 8)", ".cx(1, 7)", ".h(0)", ".cx(0, 7)", ".cx(0, 9)", ".h(0)", ".cx(0, 1)", ".cx(0, 8)", ".cx(0, 5)", ".h(0)", ".cx(0, 8)", ".cx(1, 6)", ".cx(8, 9)", ".cx(0, 3)", ".h(4)", ".cx(4, 5)", ".cx(5, 8)", ".cx(4, 9)", ".h(0)", ".cx(0, 1)", ".h(2)", ".cx(2, 6)", ".cx(0, 7)", ".cx(2, 3)", ".cx(2, 9)", ".h(8)", ".cx(2, 8)", ".cx(4, 6)", ".cx(1, 3)", ".cx(0, 9)", ".h(9)", ".cx(0, 9)", ".h(7)", ".cx(4, 7)", ".h(3)", ".cx(3, 6)"]}, {"type": "non-degenerate", "A": [1, 0, 0, 0, 0, 0, 90, 0, 135, 0, 0], "B": [1, 0, 0, 0, 90, 216, 720, 720, 1485, 0, 0], "gates": [".cx(0, 7)", ".h(0)", ".cx(0, 1)", ".cx(1, 9)", ".cx(0, 6)", ".h(2)", ".cx(2, 7)", ".cx(2, 8)", ".cx(7, 9)", ".cx(0, 5)", ".cx(1, 8)", ".h(1)", ".cx(1, 6)", ".cx(2, 6)", ".h(0)", ".cx(0, 9)", ".cx(0, 2)", ".cx(0, 3)", ".h(3)", ".cx(3, 8)", ".cx(1, 4)", ".h(2)", ".cx(2, 4)", ".cx(3, 4)", ".h(7)", ".cx(0, 4)", ".h(8)", ".cx(3, 8)", ".cx(5, 8)", ".cx(3, 7)", ".h(4)", ".cx(4, 7)", ".cx(5, 7)"]}, {"type": "non-degenerate", "A": [1, 0, 0, 0, 0, 0, 90, 0, 135, 0, 0], "B": [1, 0, 0, 0, 90, 216, 720, 720, 1485, 0, 0], "gates": [".cx(1, 8)", ".cx(0, 8)", ".h(0)", ".cx(0, 9)", ".h(0)", ".cx(0, 8)", ".cx(0, 1)", ".cx(0, 5)", ".h(0)", ".cx(0, 6)", ".cx(1, 4)", ".cx(0, 4)", ".h(3)", ".cx(3, 5)", ".h(0)", ".cx(0, 1)", ".cx(1, 9)", ".h(2)", ".cx(2, 8)", ".cx(4, 7)", ".cx(2, 7)", ".cx(3, 4)", ".cx(5, 9)", ".cx(3, 6)", ".h(3)", ".cx(2, 3)", ".cx(3, 4)", ".h(2)", ".h(5)", ".cx(2, 5)", ".cx(0, 7)", ".h(1)", ".h(7)", ".cx(1, 7)"]}, {"type": "non-degenerate", "A": [1, 0, 0, 0, 0, 0, 90, 0, 135, 0, 0], "B": [1, 0, 0, 0, 90, 216, 720, 720, 1485, 0, 0], "gates": [".cx(1, 6)", ".cx(0, 7)", ".h(3)", ".cx(3, 8)", ".cx(3, 7)", ".cx(7, 9)", ".h(2)", ".cx(2, 4)", ".cx(2, 6)", ".h(0)", ".cx(0, 5)", ".cx(0, 1)", ".cx(6, 9)", ".h(4)", ".cx(4, 8)", ".cx(2, 5)", ".cx(4, 6)", ".cx(1, 3)", ".h(1)", ".cx(1, 2)", ".cx(1, 8)", ".cx(4, 5)", ".cx(2, 7)", ".h(0)", ".h(3)", ".h(5)", ".h(8)", ".cx(5, 7)", ".cx(2, 3)", ".h(1)", ".cx(3, 5)", ".cx(0, 8)", ".cx(5, 7)"]}, {"type": "non-degenerate", "A": [1, 0, 0, 0, 0, 0, 90, 0, 135, 0, 0], "B": [1, 0, 0, 0, 90, 216, 720, 720, 1485, 0, 0], "gates": [".cx(1, 5)", ".cx(0, 7)", ".h(3)", ".cx(3, 5)", ".cx(3, 7)", ".cx(7, 8)", ".h(2)", ".cx(2, 9)", ".cx(2, 4)", ".h(0)", ".cx(0, 6)", ".cx(0, 1)", ".cx(1, 2)", ".cx(2, 8)", ".cx(0, 7)", ".cx(3, 9)", ".h(5)", ".cx(5, 6)", ".h(1)", ".cx(1, 9)", ".cx(1, 6)", ".cx(5, 8)", ".h(3)", ".cx(4, 6)", ".cx(3, 4)", ".cx(4, 7)", ".h(8)", ".cx(4, 8)"]}, {"type": "non-degenerate", "A": [1, 0, 0, 0, 0, 0, 90, 0, 135, 0, 0], "B": [1, 0, 0, 0, 90, 216, 720, 720, 1485, 0, 0], "gates": [".cx(1, 8)", ".cx(0, 7)", ".h(2)", ".cx(2, 4)", ".cx(4, 7)", ".cx(7, 9)", ".h(3)", ".cx(3, 5)", ".cx(3, 8)", ".h(0)", ".cx(0, 6)", ".cx(0, 1)", ".cx(3, 7)", ".cx(1, 3)", ".cx(2, 6)", ".cx(3, 4)", ".h(2)", ".cx(2, 5)", ".h(1)", ".cx(1, 4)", ".cx(5, 6)", ".cx(1, 8)", ".cx(0, 7)", ".h(6)", ".cx(1, 2)", ".cx(6, 8)", ".cx(6, 7)", ".h(7)", ".cx(3, 7)", ".h(6)", ".h(1)", ".h(2)", ".cx(1, 2)"]}, {"type": "non-degenerate", "A": [1, 0, 0, 0, 0, 0, 90, 0, 135, 0, 0], "B": [1, 0, 0, 0, 90, 216, 720, 720, 1485, 0, 0], "gates": [".cx(1, 4)", ".cx(0, 2)", ".h(3)", ".cx(3, 6)", ".cx(3, 5)", ".h(2)", ".cx(2, 8)", ".cx(2, 4)", ".h(0)", ".cx(0, 9)", ".cx(5, 7)", ".cx(0, 1)", ".cx(1, 7)", ".h(0)", ".cx(0, 2)", ".cx(0, 6)", ".cx(6, 8)", ".h(5)", ".cx(5, 9)", ".h(1)", ".cx(1, 3)", ".cx(5, 7)", ".cx(1, 7)", ".cx(0, 8)", ".cx(4, 6)", ".cx(0, 5)", ".cx(3, 5)", ".h(3)", ".cx(3, 4)", ".h(5)", ".cx(5, 6)"]}, {"type": "non-degenerate", "A": [1, 0, 0, 0, 0, 0, 90, 0, 135, 0, 0], "B": [1, 0, 0, 0, 90, 216, 720, 720, 1485, 0, 0], "gates": [".cx(1, 7)", ".cx(0, 2)", ".h(4)", ".cx(4, 8)", ".cx(4, 7)", ".h(0)", ".cx(0, 5)", ".cx(0, 1)", ".cx(0, 2)", ".cx(2, 3)", ".cx(4, 6)", ".cx(1, 9)", ".cx(2, 4)", ".h(0)", ".cx(0, 3)", ".cx(0, 8)", ".cx(8, 9)", ".h(2)", ".cx(2, 8)", ".cx(2, 5)", ".h(6)", ".cx(6, 9)", ".cx(2, 6)", ".cx(3, 7)", ".h(2)", ".h(7)", ".cx(2, 7)", ".cx(0, 9)", ".cx(4, 6)", ".cx(3, 9)", ".cx(3, 6)", ".h(1)", ".cx(1, 4)", ".cx(3, 5)"]}, {"type": "non-degenerate", "A": [1, 0, 0, 0, 0, 0, 90, 0, 135, 0, 0], "B": [1, 0, 0, 0, 90, 216, 720, 720, 1485, 0, 0], "gates": [".cx(0, 5)", ".h(0)", ".cx(0, 1)", ".cx(1, 7)", ".cx(0, 6)", ".h(4)", ".cx(4, 5)", ".cx(5, 9)", ".cx(4, 7)", ".cx(4, 6)", ".cx(0, 8)", ".h(0)", ".cx(0, 1)", ".cx(1, 5)", ".h(6)", ".cx(6, 9)", ".cx(0, 3)", ".h(2)", ".cx(2, 9)", ".cx(2, 3)", ".cx(2, 8)", ".h(3)", ".cx(3, 5)", ".cx(2, 7)", ".cx(3, 7)", ".h(8)", ".h(1)", ".cx(7, 8)", ".h(4)", ".h(7)", ".cx(6, 7)", ".cx(0, 1)", ".cx(3, 4)"]}, {"type": "non-degenerate", "A": [1, 0, 0, 0, 0, 0, 90, 0, 135, 0, 0], "B": [1, 0, 0, 0, 90, 216, 720, 720, 1485, 0, 0], "gates": [".cx(0, 5)", ".cx(1, 9)", ".h(0)", ".cx(0, 9)", ".cx(0, 6)", ".h(0)", ".cx(0, 1)", ".cx(1, 5)", ".cx(0, 7)", ".h(0)", ".cx(0, 8)", ".cx(8, 9)", ".cx(0, 1)", ".h(2)", ".cx(2, 6)", ".cx(2, 7)", ".cx(7, 8)", ".cx(2, 4)", ".h(3)", ".cx(3, 5)", ".cx(3, 8)", ".cx(3, 4)", ".cx(4, 9)", ".h(4)", ".cx(4, 8)", ".h(5)", ".cx(4, 5)", ".cx(4, 9)", ".cx(2, 8)", ".cx(3, 6)", ".h(7)", ".cx(3, 7)"]}, {"type": "non-degenerate", "A": [1, 0, 0, 0, 0, 0, 90, 0, 135, 0, 0], "B": [1, 0, 0, 0, 90, 216, 720, 720, 1485, 0, 0], "gates": [".cx(0, 8)", ".cx(1, 8)", ".cx(0, 7)", ".h(0)", ".cx(0, 8)", ".cx(0, 1)", ".cx(0, 7)", ".cx(0, 9)", ".h(0)", ".cx(0, 6)", ".cx(0, 1)", ".cx(1, 5)", ".h(3)", ".cx(3, 7)", ".cx(3, 5)", ".h(0)", ".cx(0, 4)", ".cx(0, 8)", ".h(0)", ".cx(0, 8)", ".cx(3, 4)", ".cx(0, 1)", ".h(2)", ".cx(2, 6)", ".h(0)", ".cx(0, 7)", ".cx(2, 4)", ".cx(4, 9)", ".cx(2, 8)", ".cx(2, 5)", ".h(5)", ".cx(4, 5)", ".h(3)", ".cx(2, 3)", ".cx(2, 9)"]}, {"type": "non-degenerate", "A": [1, 0, 0, 0, 0, 0, 90, 0, 135, 0, 0], "B": [1, 0, 0, 0, 90, 216, 720, 720, 1485, 0, 0], "gates": [".cx(1, 9)", ".cx(0, 9)", ".h(0)", ".cx(0, 8)", ".h(0)", ".cx(0, 9)", ".cx(0, 1)", ".cx(1, 6)", ".cx(0, 5)", ".h(0)", ".cx(0, 7)", ".cx(0, 9)", ".h(2)", ".cx(2, 5)", ".cx(2, 4)", ".cx(2, 8)", ".h(1)", ".cx(1, 4)", ".h(3)", ".cx(3, 6)", ".cx(3, 5)", ".cx(4, 9)", ".cx(3, 4)", ".cx(6, 7)", ".h(6)", ".cx(6, 7)", ".h(4)", ".cx(4, 7)", ".cx(2, 7)", ".h(9)", ".cx(7, 9)"]}, {"type": "non-degenerate", "A": [1, 0, 0, 0, 0, 0, 90, 0, 135, 0, 0], "B": [1, 0, 0, 0, 90, 216, 720, 720, 1485, 0, 0], "gates": [".cx(0, 5)", ".cx(1, 7)", ".h(2)", ".cx(2, 6)", ".cx(2, 3)", ".h(4)", ".cx(4, 5)", ".cx(4, 7)", ".cx(5, 8)", ".h(0)", ".cx(0, 9)", ".cx(0, 1)", ".cx(1, 2)", ".cx(2, 8)", ".cx(5, 9)", ".cx(6, 7)", ".h(3)", ".cx(3, 5)", ".h(0)", ".cx(0, 6)", ".cx(0, 3)", ".cx(3, 7)", ".h(2)", ".cx(2, 9)", ".cx(1, 5)", ".h(1)", ".cx(1, 5)", ".h(9)", ".h(6)", ".cx(6, 9)"]}, {"type": "non-degenerate", "A": [1, 0, 0, 0, 0, 0, 90, 0, 135, 0, 0], "B": [1, 0, 0, 0, 90, 216, 720, 720, 1485, 0, 0], "gates": [".cx(1, 8)", ".cx(0, 4)", ".h(2)", ".cx(2, 3)", ".cx(2, 4)", ".cx(4, 7)", ".h(0)", ".cx(0, 5)", ".cx(0, 1)", ".cx(1, 9)", ".cx(3, 8)", ".cx(0, 6)", ".h(3)", ".cx(3, 5)", ".cx(3, 7)", ".cx(2, 9)", ".h(2)", ".cx(2, 6)", ".cx(2, 4)", ".h(0)", ".cx(0, 1)", ".cx(0, 7)", ".cx(1, 2)", ".h(1)", ".cx(1, 4)", ".h(0)", ".h(4)", ".cx(0, 9)", ".cx(4, 9)"]}, {"type": "non-degenerate", "A": [1, 0, 0, 0, 0, 0, 90, 0, 135, 0, 0], "B": [1, 0, 0, 0, 90, 216, 720, 720, 1485, 0, 0], "gates": [".cx(1, 6)", ".cx(0, 7)", ".h(0)", ".cx(0, 6)", ".cx(0, 9)", ".h(0)", ".cx(0, 1)", ".cx(1, 7)", ".cx(0, 8)", ".h(3)", ".cx(3, 9)", ".h(0)", ".cx(0, 4)", ".cx(0, 7)", ".h(0)", ".cx(0, 6)", ".cx(0, 1)", ".cx(1, 5)", ".cx(3, 5)", ".cx(0, 5)", ".h(2)", ".cx(2, 8)", ".cx(3, 7)", ".cx(2, 9)", ".cx(2, 5)", ".h(5)", ".cx(3, 5)", ".cx(0, 5)", ".h(3)", ".h(7)", ".cx(3, 7)", ".cx(4, 7)", ".h(2)", ".cx(0, 2)"]}]