[{"type": "non-degenerate", "A": [1, 0, 0, 0, 0, 0, 198, 0, 495, 0, 330, 0], "B": [1, 0, 0, 0, 0, 198, 198, 990, 495, 1650, 330, 234], "gates": [".cx(0, 4)", ".h(1)", ".cx(1, 6)", ".cx(1, 4)", ".cx(4, 8)", ".h(2)", ".cx(2, 3)", ".cx(2, 5)", ".h(0)", ".cx(0, 7)", ".cx(0, 10)", ".cx(2, 9)", ".h(2)", ".cx(2, 6)", ".cx(6, 7)", ".cx(4, 9)", ".cx(0, 4)", ".h(5)", ".cx(5, 10)", ".cx(5, 8)", ".h(4)", ".cx(4, 6)", ".cx(4, 5)", ".h(0)", ".cx(0, 3)", ".cx(3, 6)", ".h(2)", ".cx(2, 5)", ".cx(4, 9)", ".h(1)", ".cx(0, 1)", ".h(0)", ".cx(0, 9)"]}, {"type": "non-degenerate", "A": [1, 0, 0, 0, 0, 0, 198, 0, 495, 0, 330, 0], "B": [1, 0, 0, 0, 0, 198, 198, 990, 495, 1650, 330, 234], "gates": [".cx(0, 9)", ".h(1)", ".cx(1, 2)", ".cx(1, 9)", ".cx(9, 10)", ".h(3)", ".cx(3, 7)", ".cx(3, 8)", ".h(0)", ".cx(0, 6)", ".cx(0, 5)", ".cx(1, 4)", ".cx(7, 10)", ".h(4)", ".cx(4, 8)", ".cx(4, 9)", ".cx(1, 5)", ".h(2)", ".cx(2, 3)", ".cx(2, 6)", ".cx(0, 7)", ".h(0)", ".cx(0, 7)", ".cx(7, 9)", ".cx(0, 1)", ".cx(6, 8)", ".h(2)", ".h(3)", ".cx(3, 9)", ".cx(3, 6)", ".cx(4, 5)", ".h(0)", ".h(8)", ".h(5)", ".h(1)", ".h(10)", ".h(3)", ".cx(4, 8)", ".cx(2, 3)", ".h(3)", ".cx(2, 10)", ".h(2)", ".h(3)", ".cx(3, 6)"]}, {"type": "non-degenerate", "A": [1, 0, 0, 0, 0, 0, 198, 0, 495, 0, 330, 0], "B": [1, 0, 0, 0, 0, 198, 198, 990, 495, 1650, 330, 234], "gates": [".cx(0, 5)", ".h(1)", ".cx(1, 10)", ".cx(1, 5)", ".cx(5, 9)", ".h(2)", ".cx(2, 3)", ".cx(2, 6)", ".h(0)", ".cx(0, 7)", ".cx(0, 8)", ".cx(3, 4)", ".cx(0, 2)", ".cx(2, 9)", ".cx(1, 4)", ".h(1)", ".cx(1, 7)", ".cx(1, 6)", ".h(0)", ".cx(0, 10)", ".cx(5, 7)", ".cx(0, 9)", ".h(3)", ".cx(3, 10)", ".cx(3, 8)", ".cx(0, 1)", ".cx(3, 7)", ".h(2)", ".cx(2, 5)", ".cx(5, 6)", ".h(5)", ".cx(4, 5)"]}, {"type": "non-degenerate", "A": [1, 0, 0, 0, 0, 0, 198, 0, 495, 0, 330, 0], "B": [1, 0, 0, 0, 0, 198, 198, 990, 495, 1650, 330, 234], "gates": [".cx(0, 7)", ".h(2)", ".cx(2, 3)", ".cx(2, 7)", ".cx(7, 9)", ".h(1)", ".cx(1, 4)", ".cx(1, 8)", ".h(0)", ".cx(0, 6)", ".cx(0, 5)", ".cx(0, 10)", ".cx(4, 9)", ".cx(2, 5)", ".h(2)", ".cx(2, 8)", ".cx(8, 10)", ".h(4)", ".cx(4, 6)", ".cx(4, 7)", ".h(0)", ".cx(0, 1)", ".cx(1, 5)", ".cx(7, 10)", ".cx(2, 7)", ".cx(1, 7)", ".cx(4, 10)", ".cx(6, 8)", ".h(4)", ".cx(4, 10)", ".h(3)", ".cx(3, 6)"]}, {"type": "non-degenerate", "A": [1, 0, 0, 0, 0, 0, 198, 0, 495, 0, 330, 0], "B": [1, 0, 0, 0, 0, 198, 198, 990, 495, 1650, 330, 234], "gates": [".cx(0, 2)", ".h(1)", ".cx(1, 8)", ".cx(1, 2)", ".cx(2, 10)", ".h(4)", ".cx(4, 7)", ".cx(4, 5)", ".h(0)", ".cx(0, 3)", ".cx(0, 6)", ".cx(4, 9)", ".h(5)", ".cx(5, 8)", ".cx(5, 6)", ".cx(8, 9)", ".cx(4, 10)", ".cx(0, 7)", ".cx(2, 3)", ".h(2)", ".cx(2, 8)", ".cx(2, 7)", ".h(0)", ".cx(0, 7)", ".cx(2, 10)", ".cx(0, 9)", ".h(3)", ".cx(3, 4)", ".cx(3, 6)", ".cx(3, 8)", ".h(8)", ".cx(0, 5)", ".h(0)", ".h(6)", ".cx(5, 6)", ".cx(5, 8)", ".cx(0, 5)"]}, {"type": "non-degenerate", "A": [1, 0, 0, 0, 0, 0, 198, 0, 495, 0, 330, 0], "B": [1, 0, 0, 0, 0, 198, 198, 990, 495, 1650, 330, 234], "gates": [".cx(0, 3)", ".h(2)", ".cx(2, 6)", ".cx(2, 3)", ".cx(3, 9)", ".h(1)", ".cx(1, 8)", ".cx(1, 4)", ".h(0)", ".cx(0, 10)", ".cx(0, 7)", ".cx(1, 5)", ".h(1)", ".cx(1, 6)", ".cx(6, 7)", ".cx(3, 8)", ".cx(0, 3)", ".cx(1, 4)", ".cx(4, 9)", ".cx(5, 10)", ".h(5)", ".cx(5, 7)", ".cx(5, 8)", ".h(2)", ".cx(2, 10)", ".h(6)", ".cx(6, 9)", ".h(4)", ".h(8)", ".cx(1, 4)", ".cx(3, 8)", ".cx(5, 10)", ".cx(1, 10)", ".h(0)", ".cx(0, 1)"]}, {"type": "non-degenerate", "A": [1, 0, 0, 0, 0, 0, 198, 0, 495, 0, 330, 0], "B": [1, 0, 0, 0, 0, 198, 198, 990, 495, 1650, 330, 234], "gates": [".cx(0, 4)", ".h(1)", ".cx(1, 8)", ".cx(1, 4)", ".cx(4, 9)", ".h(3)", ".cx(3, 5)", ".cx(3, 7)", ".h(0)", ".cx(0, 2)", ".cx(0, 10)", ".cx(3, 6)", ".h(6)", ".cx(6, 8)", ".cx(6, 10)", ".cx(4, 5)", ".cx(0, 4)", ".h(2)", ".cx(2, 9)", ".cx(2, 7)", ".cx(7, 8)", ".cx(0, 5)", ".h(0)", ".cx(0, 3)", ".h(4)", ".cx(4, 9)", ".cx(4, 7)", ".cx(9, 10)", ".h(4)", ".h(9)", ".cx(0, 10)", ".h(10)", ".cx(4, 10)", ".h(10)", ".cx(4, 10)", ".h(5)", ".cx(3, 5)", ".cx(2, 5)"]}]