[{"type": "non-degenerate", "A": [0, 0, 4, 5, 10, 32, 90, 195, 0, 0, 0, 0], "B": [0, 0, 17, 58, 200, 632, 1602, 3117, 0, 0, 0, 0], "gates": [".cx(0, 3)", ".h(7)", ".cx(7, 11)", ".cx(7, 9)", ".cx(1, 7)", ".h(1)", ".cx(1, 6)", ".cx(1, 4)", ".cx(1, 7)", ".cx(7, 8)", ".cx(0, 1)", ".h(0)", ".cx(0, 5)", ".cx(0, 1)", ".cx(1, 10)", ".h(2)", ".cx(2, 8)", ".cx(2, 9)", ".cx(2, 4)", ".cx(9, 10)", ".cx(2, 5)", ".cx(2, 3)", ".h(3)", ".cx(3, 8)"]}, {"type": "non-degenerate", "A": [0, 0, 5, 14, 6, 18, 80, 199, 0, 0, 0, 0], "B": [0, 0, 24, 85, 184, 576, 1544, 3187, 0, 0, 0, 0], "gates": [".cx(1, 8)", ".cx(0, 3)", ".h(2)", ".cx(2, 8)", ".cx(2, 3)", ".cx(3, 7)", ".h(4)", ".cx(4, 6)", ".cx(4, 8)", ".cx(8, 10)", ".cx(2, 9)", ".h(0)", ".cx(0, 2)", ".cx(2, 11)", ".h(1)", ".cx(1, 2)", ".cx(1, 9)", ".cx(2, 10)", ".cx(2, 6)", ".cx(4, 7)", ".cx(0, 7)", ".cx(3, 5)", ".cx(2, 5)"]}, {"type": "non-degenerate", "A": [0, 0, 8, 12, 10, 16, 66, 201, 0, 0, 0, 0], "B": [0, 0, 31, 92, 200, 568, 1518, 3105, 0, 0, 0, 0], "gates": [".cx(1, 10)", ".cx(0, 6)", ".h(2)", ".cx(2, 6)", ".cx(2, 7)", ".h(3)", ".cx(3, 10)", ".cx(3, 8)", ".h(0)", ".cx(0, 3)", ".cx(3, 11)", ".h(1)", ".cx(1, 2)", ".cx(2, 9)", ".cx(6, 10)", ".cx(10, 11)", ".cx(3, 5)", ".cx(1, 3)", ".cx(5, 6)", ".cx(5, 9)", ".cx(2, 4)", ".cx(0, 4)"]}, {"type": "non-degenerate", "A": [0, 0, 5, 8, 12, 26, 78, 195, 0, 0, 0, 0], "B": [0, 0, 23, 68, 192, 608, 1590, 3129, 0, 0, 0, 0], "gates": [".cx(0, 7)", ".h(2)", ".cx(2, 5)", ".cx(2, 11)", ".cx(1, 2)", ".cx(2, 10)", ".h(3)", ".cx(3, 8)", ".cx(3, 4)", ".cx(0, 3)", ".h(0)", ".cx(0, 2)", ".cx(2, 6)", ".cx(0, 3)", ".cx(3, 9)", ".cx(3, 10)", ".h(1)", ".cx(1, 8)", ".cx(1, 2)", ".cx(4, 11)", ".cx(2, 9)", ".cx(0, 7)", ".cx(1, 7)"]}, {"type": "non-degenerate", "A": [0, 0, 5, 8, 12, 22, 78, 207, 0, 0, 0, 0], "B": [0, 0, 21, 74, 192, 592, 1602, 3141, 0, 0, 0, 0], "gates": [".cx(1, 4)", ".cx(0, 3)", ".h(2)", ".cx(2, 9)", ".cx(2, 3)", ".cx(2, 8)", ".h(1)", ".cx(1, 2)", ".cx(2, 10)", ".cx(2, 7)", ".cx(0, 2)", ".h(0)", ".cx(0, 4)", ".cx(0, 2)", ".cx(4, 9)", ".cx(2, 5)", ".cx(9, 10)", ".cx(0, 11)", ".h(0)", ".cx(0, 5)", ".cx(0, 8)", ".cx(0, 11)", ".cx(0, 6)", ".cx(1, 6)"]}, {"type": "non-degenerate", "A": [0, 0, 7, 5, 6, 34, 84, 189, 0, 0, 0, 0], "B": [0, 0, 22, 71, 216, 640, 1524, 3015, 0, 0, 0, 0], "gates": [".cx(1, 7)", ".cx(0, 5)", ".h(3)", ".cx(3, 8)", ".cx(3, 11)", ".h(4)", ".cx(4, 9)", ".cx(4, 7)", ".h(1)", ".cx(1, 3)", ".cx(3, 10)", ".cx(0, 3)", ".h(0)", ".cx(0, 4)", ".cx(0, 2)", ".cx(7, 11)", ".cx(4, 6)", ".cx(0, 3)", ".cx(3, 7)", ".h(0)", ".cx(0, 6)", ".cx(2, 5)", ".cx(1, 5)"]}, {"type": "non-degenerate", "A": [0, 0, 5, 5, 10, 32, 84, 195, 0, 0, 0, 0], "B": [0, 0, 19, 64, 200, 632, 1590, 3081, 0, 0, 0, 0], "gates": [".cx(1, 2)", ".cx(0, 4)", ".h(3)", ".cx(3, 6)", ".cx(3, 8)", ".cx(3, 11)", ".cx(1, 3)", ".h(1)", ".cx(1, 10)", ".cx(1, 3)", ".cx(3, 7)", ".cx(0, 1)", ".h(0)", ".cx(0, 9)", ".cx(0, 8)", ".h(4)", ".cx(4, 7)", ".cx(4, 11)", ".cx(0, 1)", ".h(2)", ".cx(2, 9)", ".cx(2, 5)", ".cx(3, 5)"]}, {"type": "non-degenerate", "A": [0, 0, 4, 7, 12, 28, 84, 195, 0, 0, 0, 0], "B": [0, 0, 20, 61, 192, 616, 1608, 3147, 0, 0, 0, 0], "gates": [".cx(1, 5)", ".cx(0, 4)", ".h(1)", ".cx(1, 8)", ".cx(1, 3)", ".cx(0, 1)", ".h(0)", ".cx(0, 2)", ".cx(0, 5)", ".cx(5, 11)", ".h(6)", ".cx(6, 7)", ".cx(7, 11)", ".cx(6, 8)", ".cx(8, 9)", ".cx(0, 1)", ".h(0)", ".cx(0, 9)", ".cx(0, 10)", ".cx(1, 6)", ".cx(0, 2)", ".cx(7, 10)", ".h(4)", ".cx(4, 10)", ".cx(4, 9)"]}, {"type": "non-degenerate", "A": [0, 0, 2, 5, 12, 32, 96, 195, 0, 0, 0, 0], "B": [0, 0, 14, 47, 192, 632, 1644, 3183, 0, 0, 0, 0], "gates": [".cx(1, 7)", ".cx(0, 5)", ".h(2)", ".cx(2, 6)", ".cx(2, 5)", ".h(3)", ".cx(3, 7)", ".cx(7, 8)", ".cx(3, 4)", ".cx(2, 8)", ".h(0)", ".cx(0, 3)", ".cx(0, 11)", ".h(0)", ".cx(0, 2)", ".cx(2, 10)", ".cx(0, 11)", ".cx(1, 2)", ".h(1)", ".cx(1, 10)", ".cx(1, 6)", ".cx(1, 4)", ".cx(3, 9)", ".cx(6, 9)"]}, {"type": "non-degenerate", "A": [0, 0, 5, 7, 8, 30, 90, 189, 0, 0, 0, 0], "B": [0, 0, 21, 62, 208, 624, 1554, 3117, 0, 0, 0, 0], "gates": [".cx(1, 9)", ".h(2)", ".cx(2, 3)", ".cx(2, 9)", ".cx(0, 2)", ".cx(2, 5)", ".h(0)", ".cx(0, 4)", ".cx(0, 8)", ".cx(0, 2)", ".cx(2, 11)", ".h(0)", ".cx(0, 1)", ".cx(0, 5)", ".cx(1, 2)", ".cx(2, 6)", ".cx(0, 8)", ".h(3)", ".cx(3, 10)", ".cx(0, 3)", ".h(0)", ".cx(0, 6)", ".cx(1, 7)", ".cx(6, 7)"]}, {"type": "non-degenerate", "A": [0, 0, 5, 7, 12, 26, 78, 201, 0, 0, 0, 0], "B": [0, 0, 21, 70, 192, 608, 1602, 3117, 0, 0, 0, 0], "gates": [".cx(0, 6)", ".h(4)", ".cx(4, 10)", ".cx(4, 6)", ".cx(1, 4)", ".cx(4, 8)", ".h(2)", ".cx(2, 11)", ".cx(2, 9)", ".h(0)", ".cx(0, 4)", ".cx(4, 7)", ".cx(2, 6)", ".cx(0, 11)", ".h(0)", ".cx(0, 3)", ".h(1)", ".cx(1, 8)", ".cx(1, 3)", ".cx(0, 2)", ".cx(0, 4)", ".cx(4, 5)", ".cx(1, 4)"]}, {"type": "non-degenerate", "A": [0, 0, 5, 7, 12, 30, 78, 189, 0, 0, 0, 0], "B": [0, 0, 23, 64, 192, 624, 1590, 3105, 0, 0, 0, 0], "gates": [".cx(0, 10)", ".cx(1, 3)", ".h(2)", ".cx(2, 4)", ".cx(2, 3)", ".cx(3, 11)", ".h(1)", ".cx(1, 10)", ".cx(1, 9)", ".h(6)", ".cx(6, 11)", ".cx(6, 7)", ".cx(0, 2)", ".h(0)", ".cx(0, 1)", ".cx(0, 4)", ".cx(0, 8)", ".cx(6, 10)", ".cx(6, 8)", ".h(3)", ".cx(3, 7)", ".cx(0, 5)", ".cx(3, 5)"]}, {"type": "non-degenerate", "A": [0, 0, 4, 8, 11, 27, 87, 192, 0, 0, 0, 0], "B": [0, 0, 21, 60, 196, 612, 1590, 3165, 0, 0, 0, 0], "gates": [".cx(0, 10)", ".cx(1, 5)", ".h(2)", ".cx(2, 8)", ".cx(2, 4)", ".cx(0, 6)", ".h(0)", ".cx(0, 1)", ".cx(0, 7)", ".cx(1, 2)", ".cx(2, 3)", ".cx(2, 11)", ".h(0)", ".cx(0, 9)", ".cx(0, 3)", ".cx(3, 6)", ".h(4)", ".cx(4, 6)", ".cx(4, 5)", ".cx(0, 5)", ".h(1)", ".cx(1, 9)", ".cx(1, 2)", ".cx(4, 10)", ".cx(1, 10)"]}, {"type": "non-degenerate", "A": [0, 0, 6, 8, 8, 24, 84, 201, 0, 0, 0, 0], "B": [0, 0, 22, 75, 208, 600, 1548, 3111, 0, 0, 0, 0], "gates": [".cx(0, 8)", ".cx(1, 4)", ".h(2)", ".cx(2, 4)", ".cx(4, 10)", ".cx(2, 9)", ".h(0)", ".cx(0, 2)", ".cx(2, 11)", ".h(1)", ".cx(1, 8)", ".cx(8, 9)", ".cx(0, 7)", ".cx(1, 2)", ".cx(2, 6)", ".h(3)", ".cx(3, 7)", ".cx(3, 6)", ".cx(3, 8)", ".cx(3, 4)", ".cx(2, 5)", ".cx(4, 5)"]}, {"type": "non-degenerate", "A": [0, 0, 3, 8, 13, 27, 79, 200, 0, 0, 0, 0], "B": [0, 0, 18, 65, 172, 612, 1648, 3167, 0, 0, 0, 0], "gates": [".cx(1, 3)", ".cx(0, 10)", ".h(2)", ".cx(2, 7)", ".cx(2, 3)", ".h(5)", ".cx(5, 10)", ".cx(5, 6)", ".h(0)", ".cx(0, 2)", ".cx(2, 4)", ".cx(1, 6)", ".h(1)", ".cx(1, 9)", ".cx(1, 3)", ".cx(2, 6)", ".cx(3, 10)", ".cx(5, 9)", ".cx(1, 11)", ".cx(0, 11)", ".h(0)", ".cx(0, 2)", ".cx(1, 8)", ".cx(0, 1)"]}, {"type": "non-degenerate", "A": [0, 0, 6, 8, 9, 25, 81, 198, 0, 0, 0, 0], "B": [0, 0, 23, 74, 204, 604, 1554, 3105, 0, 0, 0, 0], "gates": [".cx(0, 7)", ".cx(1, 4)", ".h(2)", ".cx(2, 4)", ".cx(4, 6)", ".cx(2, 5)", ".h(0)", ".cx(0, 2)", ".cx(2, 3)", ".cx(2, 9)", ".h(1)", ".cx(1, 2)", ".cx(2, 11)", ".cx(1, 5)", ".cx(4, 11)", ".cx(2, 10)", ".h(0)", ".cx(0, 2)", ".cx(1, 8)", ".cx(2, 6)", ".h(1)", ".cx(1, 9)", ".cx(0, 7)", ".cx(1, 7)"]}, {"type": "degenerate", "A": [0, 6, 6, 2, 20, 48, 88, 161, 0, 0, 0, 0], "B": [0, 6, 32, 115, 384, 948, 1696, 2567, 0, 0, 0, 0], "gates": [".cx(0, 6)", ".h(0)", ".cx(0, 9)", ".cx(0, 1)", ".cx(1, 8)", ".h(2)", ".cx(2, 6)", ".cx(2, 11)", ".cx(6, 7)", ".cx(0, 10)", ".cx(2, 3)", ".cx(2, 4)", ".cx(2, 5)", ".cx(0, 7)", ".h(0)", ".cx(0, 6)", ".cx(0, 1)", ".cx(6, 9)", ".cx(1, 10)", ".h(2)", ".cx(2, 10)"]}, {"type": "degenerate", "A": [0, 4, 7, 8, 20, 28, 74, 181, 0, 0, 0, 0], "B": [0, 4, 36, 113, 320, 784, 1640, 2803, 0, 0, 0, 0], "gates": [".cx(1, 3)", ".h(2)", ".cx(2, 9)", ".cx(2, 4)", ".cx(0, 2)", ".h(0)", ".cx(0, 1)", ".cx(0, 11)", ".h(3)", ".cx(3, 5)", ".cx(2, 10)", ".cx(3, 8)", ".cx(3, 6)", ".cx(3, 7)", ".cx(1, 3)", ".cx(3, 10)", ".cx(0, 2)", ".cx(10, 11)", ".h(0)", ".cx(0, 7)"]}, {"type": "degenerate", "A": [0, 4, 3, 8, 18, 36, 104, 157, 0, 0, 0, 0], "B": [0, 4, 31, 76, 328, 816, 1646, 2929, 0, 0, 0, 0], "gates": [".cx(1, 2)", ".h(4)", ".cx(4, 6)", ".cx(0, 4)", ".h(0)", ".cx(0, 1)", ".cx(6, 10)", ".cx(0, 5)", ".cx(4, 11)", ".h(2)", ".cx(2, 7)", ".cx(2, 9)", ".h(3)", ".cx(3, 8)", ".cx(1, 10)", ".cx(2, 6)", ".cx(3, 5)", ".h(1)", ".cx(1, 8)"]}, {"type": "degenerate", "A": [0, 8, 0, 28, 10, 50, 50, 179, 0, 0, 0, 0], "B": [0, 8, 48, 129, 424, 816, 1896, 2699, 0, 0, 0, 0], "gates": [".cx(0, 3)", ".h(0)", ".cx(0, 4)", ".cx(0, 1)", ".cx(1, 10)", ".cx(0, 6)", ".cx(0, 5)", ".h(0)", ".cx(0, 7)", ".cx(0, 11)", ".cx(0, 9)", ".cx(0, 8)", ".cx(0, 2)", ".h(0)", ".cx(0, 3)", ".cx(3, 9)", ".cx(0, 1)", ".cx(10, 11)", ".cx(8, 10)", ".cx(2, 3)"]}, {"type": "degenerate", "A": [0, 5, 1, 14, 14, 44, 80, 183, 0, 0, 0, 0], "B": [0, 5, 32, 88, 352, 778, 1792, 2865, 0, 0, 0, 0], "gates": [".h(3)", ".cx(3, 8)", ".cx(3, 6)", ".cx(0, 3)", ".h(0)", ".cx(0, 1)", ".cx(0, 10)", ".cx(1, 4)", ".cx(3, 11)", ".cx(0, 2)", ".cx(1, 5)", ".cx(3, 7)", ".cx(0, 9)", ".cx(3, 5)", ".h(4)", ".cx(4, 11)", ".cx(4, 7)", ".h(0)", ".cx(0, 3)", ".cx(0, 1)"]}, {"type": "degenerate", "A": [0, 7, 2, 10, 22, 52, 82, 163, 0, 0, 0, 0], "B": [0, 7, 40, 90, 432, 894, 1824, 2677, 0, 0, 0, 0], "gates": [".cx(1, 2)", ".cx(0, 8)", ".h(3)", ".cx(3, 8)", ".h(2)", ".cx(2, 4)", ".h(0)", ".cx(0, 1)", ".cx(3, 5)", ".cx(1, 10)", ".cx(2, 7)", ".cx(2, 6)", ".cx(3, 11)", ".cx(3, 9)", ".cx(0, 3)", ".cx(8, 10)", ".cx(2, 8)", ".h(0)", ".cx(0, 5)", ".cx(0, 10)"]}, {"type": "degenerate", "A": [0, 6, 4, 7, 18, 42, 106, 149, 0, 0, 0, 0], "B": [0, 6, 34, 101, 392, 924, 1660, 2723, 0, 0, 0, 0], "gates": [".h(2)", ".cx(2, 7)", ".cx(1, 2)", ".cx(2, 5)", ".cx(0, 2)", ".h(3)", ".cx(3, 4)", ".cx(3, 6)", ".cx(4, 9)", ".cx(3, 11)", ".cx(3, 10)", ".cx(3, 8)", ".h(0)", ".cx(0, 1)", ".cx(0, 3)", ".cx(2, 8)", ".cx(1, 2)", ".h(0)", ".cx(0, 9)", ".cx(0, 7)"]}, {"type": "degenerate", "A": [0, 4, 6, 8, 22, 32, 74, 169, 0, 0, 0, 0], "B": [0, 4, 37, 102, 312, 800, 1658, 2821, 0, 0, 0, 0], "gates": [".cx(1, 3)", ".cx(0, 5)", ".h(2)", ".cx(2, 5)", ".h(3)", ".cx(3, 4)", ".h(0)", ".cx(0, 1)", ".cx(2, 9)", ".cx(1, 10)", ".cx(3, 6)", ".cx(2, 8)", ".cx(2, 11)", ".cx(2, 7)", ".cx(3, 5)", ".cx(0, 2)", ".cx(5, 10)", ".cx(10, 11)", ".h(0)", ".cx(0, 7)"]}, {"type": "degenerate", "A": [0, 8, 0, 28, 0, 88, 0, 273, 0, 0, 0, 0], "B": [0, 8, 50, 127, 336, 1192, 1188, 3567, 0, 0, 0, 0], "gates": [".cx(1, 2)", ".h(2)", ".cx(2, 9)", ".cx(2, 3)", ".cx(0, 2)", ".h(0)", ".cx(0, 1)", ".cx(0, 10)", ".cx(2, 4)", ".cx(0, 8)", ".cx(0, 5)", ".cx(0, 7)", ".cx(0, 6)", ".cx(2, 11)", ".cx(1, 2)", ".h(0)", ".cx(0, 1)", ".cx(0, 11)", ".cx(0, 2)", ".cx(2, 4)", ".cx(2, 10)", ".cx(1, 10)"]}, {"type": "degenerate", "A": [0, 4, 1, 14, 18, 30, 116, 139, 0, 0, 0, 0], "B": [0, 4, 36, 61, 328, 792, 1616, 3091, 0, 0, 0, 0], "gates": [".h(2)", ".cx(2, 8)", ".cx(1, 2)", ".cx(2, 4)", ".cx(0, 2)", ".cx(2, 5)", ".h(0)", ".cx(0, 10)", ".h(3)", ".cx(3, 6)", ".cx(3, 7)", ".cx(3, 11)", ".h(1)", ".cx(1, 9)", ".cx(0, 2)", ".cx(3, 5)", ".cx(1, 3)", ".h(1)", ".cx(1, 9)", ".cx(1, 4)"]}, {"type": "degenerate", "A": [0, 6, 4, 16, 20, 42, 68, 159, 0, 0, 0, 0], "B": [0, 6, 49, 96, 400, 812, 1738, 2769, 0, 0, 0, 0], "gates": [".h(2)", ".cx(2, 3)", ".cx(2, 9)", ".cx(0, 2)", ".h(0)", ".cx(0, 7)", ".cx(0, 1)", ".cx(1, 4)", ".cx(2, 8)", ".cx(1, 6)", ".cx(2, 11)", ".cx(2, 5)", ".cx(2, 10)", ".cx(0, 2)", ".h(0)", ".cx(0, 7)", ".cx(7, 8)", ".cx(0, 10)", ".cx(0, 5)", ".cx(5, 11)"]}, {"type": "degenerate", "A": [0, 7, 4, 10, 22, 36, 102, 147, 0, 0, 0, 0], "B": [0, 7, 40, 114, 416, 942, 1680, 2709, 0, 0, 0, 0], "gates": [".cx(0, 2)", ".cx(1, 5)", ".h(4)", ".cx(4, 5)", ".h(0)", ".cx(0, 1)", ".cx(4, 9)", ".h(2)", ".cx(2, 8)", ".cx(2, 3)", ".cx(4, 10)", ".cx(4, 11)", ".cx(2, 6)", ".cx(2, 7)", ".cx(0, 4)", ".h(0)", ".cx(0, 1)", ".cx(1, 11)", ".cx(1, 10)", ".h(3)", ".cx(3, 9)"]}, {"type": "degenerate", "A": [0, 6, 3, 12, 22, 30, 100, 155, 0, 0, 0, 0], "B": [0, 6, 38, 105, 376, 876, 1684, 2843, 0, 0, 0, 0], "gates": [".cx(1, 11)", ".h(3)", ".cx(3, 10)", ".cx(3, 5)", ".cx(0, 3)", ".h(2)", ".cx(2, 11)", ".h(0)", ".cx(0, 1)", ".cx(0, 8)", ".cx(3, 6)", ".cx(2, 4)", ".cx(2, 7)", ".cx(2, 9)", ".cx(10, 11)", ".cx(1, 6)", ".cx(1, 3)", ".h(1)", ".cx(1, 4)"]}, {"type": "degenerate", "A": [0, 5, 3, 9, 25, 33, 91, 158, 0, 0, 0, 0], "B": [0, 5, 36, 90, 340, 846, 1708, 2873, 0, 0, 0, 0], "gates": [".h(2)", ".cx(2, 4)", ".cx(2, 3)", ".cx(1, 2)", ".cx(2, 9)", ".cx(0, 2)", ".h(0)", ".cx(0, 10)", ".h(5)", ".cx(5, 7)", ".cx(5, 11)", ".cx(5, 8)", ".cx(2, 6)", ".h(1)", ".cx(1, 2)", ".cx(0, 6)", ".cx(7, 9)", ".cx(2, 7)"]}, {"type": "degenerate", "A": [0, 5, 2, 12, 18, 44, 70, 187, 0, 0, 0, 0], "B": [0, 5, 34, 90, 352, 778, 1812, 2821, 0, 0, 0, 0], "gates": [".h(3)", ".cx(3, 4)", ".cx(3, 11)", ".cx(0, 3)", ".cx(3, 9)", ".cx(1, 3)", ".h(2)", ".cx(2, 7)", ".h(1)", ".cx(1, 10)", ".cx(1, 8)", ".cx(2, 6)", ".cx(3, 5)", ".h(0)", ".cx(0, 3)", ".cx(6, 9)", ".cx(1, 5)", ".cx(3, 7)"]}, {"type": "degenerate", "A": [0, 4, 8, 10, 18, 28, 74, 169, 0, 0, 0, 0], "B": [0, 4, 41, 114, 328, 784, 1586, 2797, 0, 0, 0, 0], "gates": [".h(2)", ".cx(2, 4)", ".cx(2, 5)", ".cx(1, 2)", ".cx(2, 3)", ".cx(0, 2)", ".h(0)", ".cx(0, 11)", ".cx(0, 8)", ".cx(2, 7)", ".cx(0, 9)", ".cx(0, 10)", ".cx(0, 6)", ".h(1)", ".cx(1, 2)", ".cx(0, 7)", ".h(0)", ".cx(0, 3)", ".cx(0, 6)", ".cx(2, 9)"]}, {"type": "degenerate", "A": [0, 4, 3, 11, 15, 39, 97, 146, 0, 0, 0, 0], "B": [0, 4, 33, 84, 308, 828, 1630, 2909, 0, 0, 0, 0], "gates": [".h(3)", ".cx(3, 4)", ".cx(1, 3)", ".cx(3, 6)", ".cx(0, 3)", ".h(0)", ".cx(0, 1)", ".cx(0, 9)", ".cx(3, 5)", ".cx(1, 11)", ".h(2)", ".cx(2, 8)", ".cx(2, 7)", ".cx(7, 10)", ".cx(8, 9)", ".cx(2, 3)", ".cx(1, 5)", ".h(0)", ".cx(0, 7)", ".cx(0, 6)"]}, {"type": "degenerate", "A": [0, 5, 4, 16, 16, 34, 88, 137, 0, 0, 0, 0], "B": [0, 5, 42, 106, 328, 850, 1612, 2861, 0, 0, 0, 0], "gates": [".cx(1, 2)", ".cx(0, 5)", ".h(2)", ".cx(2, 5)", ".h(0)", ".cx(0, 1)", ".cx(5, 9)", ".cx(1, 7)", ".cx(2, 3)", ".cx(0, 10)", ".h(4)", ".cx(4, 6)", ".cx(4, 11)", ".cx(4, 8)", ".cx(8, 10)", ".cx(4, 5)", ".cx(1, 9)", ".h(0)", ".cx(0, 4)"]}, {"type": "degenerate", "A": [0, 7, 2, 13, 18, 40, 118, 125, 0, 0, 0, 0], "B": [0, 7, 40, 98, 416, 958, 1648, 2789, 0, 0, 0, 0], "gates": [".cx(0, 3)", ".cx(1, 6)", ".h(0)", ".cx(0, 1)", ".h(2)", ".cx(2, 4)", ".cx(4, 6)", ".h(3)", ".cx(3, 11)", ".cx(3, 10)", ".cx(2, 8)", ".cx(2, 5)", ".cx(3, 9)", ".cx(3, 7)", ".cx(0, 2)", ".h(0)", ".cx(0, 1)", ".cx(3, 6)", ".cx(0, 5)", ".cx(1, 3)", ".h(1)", ".cx(1, 2)", ".cx(2, 3)"]}, {"type": "degenerate", "A": [0, 7, 4, 12, 18, 36, 98, 151, 0, 0, 0, 0], "B": [0, 7, 38, 128, 400, 942, 1676, 2689, 0, 0, 0, 0], "gates": [".cx(0, 11)", ".cx(1, 3)", ".h(2)", ".cx(2, 3)", ".cx(2, 11)", ".h(0)", ".cx(0, 1)", ".cx(0, 7)", ".cx(2, 6)", ".cx(0, 9)", ".cx(2, 4)", ".cx(0, 5)", ".cx(2, 10)", ".cx(2, 8)", ".h(0)", ".cx(0, 3)", ".cx(0, 7)", ".cx(7, 11)", ".cx(7, 9)", ".cx(4, 5)", ".h(3)", ".cx(3, 5)", ".cx(0, 3)", ".h(1)", ".cx(1, 2)"]}, {"type": "degenerate", "A": [0, 5, 0, 16, 6, 56, 78, 167, 0, 0, 0, 0], "B": [0, 5, 28, 96, 320, 826, 1784, 2801, 0, 0, 0, 0], "gates": [".cx(1, 2)", ".h(2)", ".cx(2, 6)", ".cx(2, 5)", ".cx(0, 2)", ".h(0)", ".cx(0, 1)", ".cx(0, 3)", ".cx(1, 8)", ".cx(2, 9)", ".h(4)", ".cx(4, 10)", ".cx(4, 7)", ".cx(3, 11)", ".cx(4, 8)", ".cx(4, 6)", ".h(0)", ".cx(0, 5)", ".cx(0, 1)"]}, {"type": "degenerate", "A": [0, 4, 6, 7, 19, 29, 83, 184, 0, 0, 0, 0], "B": [0, 4, 32, 107, 324, 788, 1652, 2827, 0, 0, 0, 0], "gates": [".h(2)", ".cx(2, 4)", ".cx(0, 2)", ".cx(2, 5)", ".cx(1, 2)", ".h(3)", ".cx(3, 8)", ".cx(3, 9)", ".cx(3, 6)", ".cx(3, 11)", ".cx(4, 10)", ".cx(2, 7)", ".h(0)", ".cx(0, 2)", ".h(1)", ".cx(1, 7)", ".cx(1, 3)", ".cx(3, 5)", ".cx(0, 6)"]}, {"type": "degenerate", "A": [0, 6, 4, 10, 22, 20, 94, 197, 0, 0, 0, 0], "B": [0, 6, 31, 130, 376, 836, 1726, 2813, 0, 0, 0, 0], "gates": [".cx(0, 5)", ".h(0)", ".cx(0, 3)", ".cx(0, 1)", ".cx(1, 7)", ".cx(0, 4)", ".cx(0, 6)", ".h(0)", ".cx(0, 8)", ".cx(0, 9)", ".cx(0, 10)", ".cx(0, 11)", ".cx(0, 2)", ".h(0)", ".cx(0, 5)", ".cx(5, 7)", ".cx(5, 9)", ".cx(0, 1)", ".cx(1, 11)", ".cx(2, 5)", ".h(5)", ".cx(5, 7)"]}, {"type": "degenerate", "A": [0, 10, 0, 31, 0, 52, 96, 151, 0, 0, 0, 0], "B": [0, 10, 52, 131, 544, 908, 1768, 2647, 0, 0, 0, 0], "gates": [".h(2)", ".cx(2, 3)", ".cx(2, 4)", ".cx(0, 2)", ".cx(2, 9)", ".cx(1, 2)", ".h(1)", ".cx(1, 10)", ".cx(1, 6)", ".cx(2, 5)", ".cx(1, 8)", ".cx(1, 11)", ".h(0)", ".cx(0, 7)", ".cx(0, 2)", ".cx(0, 5)", ".cx(9, 10)", ".cx(6, 9)"]}, {"type": "degenerate", "A": [0, 6, 2, 12, 20, 44, 80, 177, 0, 0, 0, 0], "B": [0, 6, 38, 89, 400, 820, 1804, 2787, 0, 0, 0, 0], "gates": [".cx(0, 3)", ".h(3)", ".cx(3, 9)", ".cx(3, 4)", ".cx(1, 3)", ".h(2)", ".cx(2, 6)", ".h(1)", ".cx(1, 10)", ".cx(1, 7)", ".cx(2, 11)", ".cx(2, 5)", ".cx(3, 8)", ".h(0)", ".cx(0, 2)", ".h(0)", ".cx(0, 3)", ".cx(0, 8)", ".cx(2, 10)"]}, {"type": "degenerate", "A": [0, 8, 2, 22, 14, 50, 74, 135, 0, 0, 0, 0], "B": [0, 8, 50, 123, 424, 928, 1756, 2655, 0, 0, 0, 0], "gates": [".h(2)", ".cx(2, 7)", ".cx(2, 3)", ".cx(1, 2)", ".cx(2, 9)", ".cx(0, 2)", ".h(0)", ".cx(0, 8)", ".cx(0, 5)", ".cx(2, 4)", ".cx(0, 6)", ".cx(0, 10)", ".cx(2, 11)", ".cx(0, 1)", ".cx(1, 11)", ".h(0)", ".cx(0, 1)", ".cx(1, 9)", ".cx(0, 4)", ".cx(0, 2)"]}, {"type": "degenerate", "A": [0, 4, 4, 11, 15, 35, 91, 158, 0, 0, 0, 0], "B": [0, 4, 33, 96, 308, 812, 1630, 2885, 0, 0, 0, 0], "gates": [".h(2)", ".cx(2, 3)", ".cx(2, 5)", ".cx(1, 2)", ".cx(2, 11)", ".cx(0, 2)", ".h(4)", ".cx(4, 6)", ".cx(4, 8)", ".cx(4, 7)", ".cx(4, 9)", ".h(0)", ".cx(0, 10)", ".cx(0, 1)", ".cx(2, 10)", ".cx(7, 11)", ".cx(1, 2)", ".cx(1, 4)", ".cx(7, 10)", ".h(1)", ".cx(1, 8)"]}, {"type": "degenerate", "A": [0, 6, 4, 16, 22, 42, 62, 159, 0, 0, 0, 0], "B": [0, 6, 50, 97, 392, 812, 1756, 2763, 0, 0, 0, 0], "gates": [".h(3)", ".cx(3, 5)", ".cx(3, 11)", ".cx(0, 3)", ".h(0)", ".cx(0, 1)", ".cx(0, 2)", ".cx(1, 6)", ".cx(3, 9)", ".cx(1, 4)", ".cx(3, 10)", ".cx(3, 8)", ".cx(3, 7)", ".cx(0, 3)", ".h(0)", ".cx(0, 2)", ".cx(2, 10)", ".cx(0, 9)", ".cx(2, 7)", ".cx(0, 8)"]}, {"type": "degenerate", "A": [0, 11, 0, 38, 4, 50, 68, 137, 0, 0, 0, 0], "B": [0, 11, 62, 160, 520, 942, 1812, 2585, 0, 0, 0, 0], "gates": [".h(2)", ".cx(2, 5)", ".cx(2, 3)", ".cx(0, 2)", ".cx(2, 9)", ".cx(1, 2)", ".h(0)", ".cx(0, 4)", ".cx(0, 11)", ".h(1)", ".cx(1, 6)", ".cx(1, 10)", ".cx(2, 8)", ".cx(1, 7)", ".cx(1, 9)", ".cx(0, 2)", ".cx(6, 8)", ".cx(1, 2)", ".cx(0, 8)"]}, {"type": "degenerate", "A": [0, 7, 4, 9, 28, 38, 92, 139, 0, 0, 0, 0], "B": [0, 7, 44, 106, 408, 950, 1712, 2701, 0, 0, 0, 0], "gates": [".cx(1, 2)", ".cx(0, 7)", ".h(2)", ".cx(2, 7)", ".h(0)", ".cx(0, 1)", ".cx(0, 10)", ".cx(2, 8)", ".h(3)", ".cx(3, 11)", ".cx(3, 4)", ".cx(3, 9)", ".cx(2, 6)", ".cx(2, 5)", ".cx(1, 4)", ".cx(7, 10)", ".cx(3, 7)", ".h(0)", ".cx(0, 9)"]}, {"type": "degenerate", "A": [0, 6, 1, 16, 16, 40, 90, 173, 0, 0, 0, 0], "B": [0, 6, 38, 89, 400, 804, 1772, 2867, 0, 0, 0, 0], "gates": [".cx(1, 2)", ".cx(0, 3)", ".h(2)", ".cx(2, 3)", ".h(4)", ".cx(4, 5)", ".h(0)", ".cx(0, 1)", ".cx(2, 9)", ".cx(0, 8)", ".cx(4, 7)", ".cx(4, 6)", ".cx(4, 11)", ".cx(2, 10)", ".cx(1, 5)", ".cx(3, 11)", ".cx(0, 3)", ".h(0)", ".cx(0, 5)", ".cx(6, 8)"]}, {"type": "degenerate", "A": [0, 12, 0, 28, 6, 62, 102, 127, 0, 0, 0, 0], "B": [0, 12, 58, 131, 616, 1032, 1804, 2479, 0, 0, 0, 0], "gates": [".cx(1, 3)", ".cx(0, 8)", ".h(3)", ".cx(3, 8)", ".h(0)", ".cx(0, 1)", ".cx(1, 10)", ".cx(3, 4)", ".cx(8, 11)", ".cx(0, 2)", ".cx(3, 9)", ".cx(3, 6)", ".cx(0, 5)", ".cx(3, 7)", ".cx(0, 11)", ".h(0)", ".cx(0, 8)", ".cx(0, 10)", ".cx(0, 1)"]}, {"type": "degenerate", "A": [0, 3, 3, 7, 9, 49, 75, 206, 0, 0, 0, 0], "B": [0, 3, 22, 78, 308, 714, 1760, 2849, 0, 0, 0, 0], "gates": [".cx(1, 11)", ".cx(0, 2)", ".h(3)", ".cx(3, 11)", ".cx(3, 5)", ".h(4)", ".cx(4, 8)", ".cx(4, 6)", ".cx(4, 10)", ".cx(4, 7)", ".cx(3, 9)", ".cx(0, 3)", ".h(0)", ".cx(0, 1)", ".cx(0, 2)", ".cx(2, 5)", ".cx(7, 11)", ".cx(1, 4)", ".h(1)", ".cx(1, 3)", ".cx(1, 8)", ".cx(1, 2)"]}, {"type": "degenerate", "A": [0, 10, 0, 10, 20, 60, 100, 157, 0, 0, 0, 0], "B": [0, 10, 36, 119, 512, 1052, 1896, 2479, 0, 0, 0, 0], "gates": [".cx(1, 6)", ".cx(0, 7)", ".h(3)", ".cx(3, 7)", ".cx(3, 6)", ".h(2)", ".cx(2, 5)", ".cx(2, 8)", ".cx(2, 11)", ".cx(2, 10)", ".cx(2, 4)", ".cx(3, 9)", ".h(0)", ".cx(0, 1)", ".cx(0, 2)", ".cx(4, 6)", ".h(0)", ".cx(0, 1)", ".cx(1, 3)", ".cx(2, 9)"]}, {"type": "degenerate", "A": [0, 6, 2, 18, 18, 44, 70, 157, 0, 0, 0, 0], "B": [0, 6, 45, 96, 376, 820, 1770, 2809, 0, 0, 0, 0], "gates": [".h(2)", ".cx(2, 5)", ".cx(2, 4)", ".cx(0, 2)", ".h(0)", ".cx(0, 1)", ".cx(1, 7)", ".cx(0, 10)", ".cx(2, 6)", ".cx(0, 3)", ".cx(1, 9)", ".cx(2, 11)", ".cx(2, 8)", ".cx(2, 10)", ".h(3)", ".cx(3, 11)", ".cx(0, 2)", ".h(0)", ".cx(0, 8)", ".cx(0, 6)"]}, {"type": "degenerate", "A": [0, 6, 3, 14, 20, 32, 98, 145, 0, 0, 0, 0], "B": [0, 6, 40, 107, 368, 884, 1664, 2839, 0, 0, 0, 0], "gates": [".cx(1, 4)", ".h(3)", ".cx(3, 5)", ".cx(3, 9)", ".cx(0, 3)", ".h(0)", ".cx(0, 1)", ".cx(0, 2)", ".cx(3, 7)", ".h(4)", ".cx(4, 6)", ".cx(4, 8)", ".cx(1, 11)", ".cx(4, 10)", ".cx(4, 7)", ".cx(3, 11)", ".cx(1, 3)", ".h(1)", ".cx(1, 10)"]}, {"type": "degenerate", "A": [0, 5, 4, 16, 16, 34, 88, 137, 0, 0, 0, 0], "B": [0, 5, 42, 106, 328, 850, 1612, 2861, 0, 0, 0, 0], "gates": [".h(2)", ".cx(2, 3)", ".cx(2, 6)", ".cx(0, 2)", ".cx(2, 11)", ".cx(1, 2)", ".h(1)", ".cx(1, 7)", ".cx(1, 4)", ".cx(2, 5)", ".cx(1, 8)", ".cx(1, 10)", ".h(0)", ".cx(0, 9)", ".cx(0, 2)", ".cx(1, 5)", ".h(4)", ".cx(4, 7)", ".cx(4, 11)"]}, {"type": "degenerate", "A": [0, 6, 4, 15, 16, 28, 104, 151, 0, 0, 0, 0], "B": [0, 6, 40, 115, 384, 868, 1616, 2839, 0, 0, 0, 0], "gates": [".cx(1, 2)", ".cx(0, 4)", ".h(2)", ".cx(2, 4)", ".cx(2, 6)", ".h(0)", ".cx(0, 1)", ".cx(0, 5)", ".cx(1, 7)", ".cx(4, 8)", ".h(3)", ".cx(3, 11)", ".cx(3, 10)", ".cx(3, 9)", ".cx(3, 5)", ".cx(3, 8)", ".cx(3, 4)", ".h(0)", ".cx(0, 3)"]}, {"type": "degenerate", "A": [0, 6, 4, 16, 20, 30, 60, 203, 0, 0, 0, 0], "B": [0, 6, 41, 124, 384, 764, 1802, 2777, 0, 0, 0, 0], "gates": [".cx(1, 6)", ".h(3)", ".cx(3, 4)", ".cx(3, 5)", ".cx(0, 3)", ".h(0)", ".cx(0, 1)", ".cx(3, 6)", ".cx(1, 8)", ".cx(1, 2)", ".cx(1, 9)", ".cx(1, 11)", ".cx(3, 7)", ".cx(3, 10)", ".cx(0, 10)", ".h(1)", ".cx(1, 6)", ".cx(1, 2)", ".cx(2, 3)", ".cx(2, 7)", ".cx(2, 9)", ".cx(2, 8)", ".cx(9, 11)"]}, {"type": "degenerate", "A": [0, 4, 4, 4, 17, 39, 93, 180, 0, 0, 0, 0], "B": [0, 4, 24, 95, 316, 828, 1692, 2811, 0, 0, 0, 0], "gates": [".h(2)", ".cx(2, 4)", ".cx(1, 2)", ".cx(2, 9)", ".cx(0, 2)", ".h(0)", ".cx(0, 10)", ".cx(0, 8)", ".cx(2, 6)", ".h(3)", ".cx(3, 11)", ".cx(3, 7)", ".cx(3, 5)", ".cx(0, 1)", ".cx(1, 6)", ".h(0)", ".cx(0, 2)", ".cx(0, 1)", ".cx(0, 11)", ".cx(7, 9)"]}, {"type": "degenerate", "A": [0, 5, 3, 10, 18, 38, 96, 153, 0, 0, 0, 0], "B": [0, 5, 33, 97, 336, 866, 1674, 2835, 0, 0, 0, 0], "gates": [".h(2)", ".cx(2, 5)", ".cx(2, 3)", ".cx(1, 2)", ".cx(0, 1)", ".cx(2, 6)", ".h(4)", ".cx(4, 11)", ".cx(4, 9)", ".cx(4, 10)", ".cx(4, 8)", ".h(0)", ".cx(0, 7)", ".h(1)", ".cx(1, 2)", ".cx(0, 6)", ".cx(1, 11)", ".h(1)", ".cx(1, 9)", ".cx(1, 2)"]}, {"type": "degenerate", "A": [0, 6, 5, 5, 20, 40, 94, 167, 0, 0, 0, 0], "B": [0, 6, 32, 115, 384, 916, 1696, 2663, 0, 0, 0, 0], "gates": [".h(2)", ".cx(2, 5)", ".cx(1, 2)", ".cx(2, 7)", ".cx(0, 2)", ".h(0)", ".cx(0, 1)", ".cx(0, 11)", ".cx(2, 9)", ".cx(0, 10)", ".cx(0, 8)", ".cx(0, 4)", ".cx(0, 6)", ".cx(2, 3)", ".cx(1, 3)", ".h(0)", ".cx(0, 1)", ".cx(0, 9)", ".h(2)", ".cx(2, 11)", ".cx(2, 7)"]}, {"type": "degenerate", "A": [0, 6, 6, 14, 26, 32, 78, 129, 0, 0, 0, 0], "B": [0, 6, 53, 108, 376, 884, 1626, 2769, 0, 0, 0, 0], "gates": [".h(2)", ".cx(2, 3)", ".cx(2, 4)", ".cx(0, 2)", ".cx(2, 9)", ".cx(1, 2)", ".h(0)", ".cx(0, 8)", ".cx(0, 7)", ".cx(0, 5)", ".cx(2, 10)", ".cx(2, 6)", ".cx(2, 11)", ".cx(0, 1)", ".cx(5, 9)", ".cx(1, 10)", ".h(0)", ".cx(0, 11)", ".cx(0, 1)", ".cx(1, 6)", ".cx(0, 2)"]}, {"type": "degenerate", "A": [0, 7, 3, 21, 13, 41, 95, 106, 0, 0, 0, 0], "B": [0, 7, 48, 124, 372, 962, 1604, 2749, 0, 0, 0, 0], "gates": [".cx(1, 8)", ".h(2)", ".cx(2, 3)", ".cx(2, 6)", ".cx(0, 2)", ".h(0)", ".cx(0, 1)", ".cx(2, 8)", ".cx(0, 9)", ".cx(0, 10)", ".cx(0, 11)", ".cx(3, 5)", ".cx(3, 4)", ".cx(2, 7)", ".cx(0, 8)", ".cx(0, 2)", ".h(0)", ".cx(0, 1)", ".cx(1, 7)", ".cx(0, 5)", ".cx(0, 8)"]}, {"type": "degenerate", "A": [0, 7, 0, 30, 2, 58, 58, 153, 0, 0, 0, 0], "B": [0, 7, 49, 111, 400, 806, 1802, 2751, 0, 0, 0, 0], "gates": [".h(2)", ".cx(2, 3)", ".cx(2, 10)", ".cx(0, 2)", ".h(0)", ".cx(0, 6)", ".cx(0, 1)", ".cx(1, 11)", ".cx(2, 5)", ".cx(1, 9)", ".cx(1, 7)", ".cx(2, 4)", ".cx(2, 8)", ".cx(0, 2)", ".h(0)", ".cx(0, 6)", ".cx(0, 3)", ".cx(0, 10)", ".cx(0, 7)", ".cx(5, 7)"]}, {"type": "degenerate", "A": [0, 5, 0, 11, 18, 46, 106, 131, 0, 0, 0, 0], "B": [0, 5, 31, 75, 320, 898, 1702, 2903, 0, 0, 0, 0], "gates": [".cx(1, 6)", ".h(4)", ".cx(4, 9)", ".cx(4, 5)", ".cx(0, 4)", ".h(0)", ".cx(0, 1)", ".cx(0, 8)", ".cx(4, 10)", ".h(2)", ".cx(2, 6)", ".cx(2, 7)", ".cx(2, 3)", ".cx(4, 11)", ".cx(1, 4)", ".h(1)", ".cx(1, 6)", ".cx(6, 10)", ".cx(7, 11)"]}, {"type": "degenerate", "A": [0, 8, 2, 18, 24, 28, 108, 129, 0, 0, 0, 0], "B": [0, 8, 48, 117, 432, 952, 1680, 2811, 0, 0, 0, 0], "gates": [".h(2)", ".cx(2, 3)", ".cx(2, 4)", ".cx(1, 2)", ".cx(2, 5)", ".cx(0, 2)", ".h(0)", ".cx(0, 7)", ".h(1)", ".cx(1, 11)", ".cx(1, 9)", ".cx(0, 10)", ".cx(2, 6)", ".cx(0, 8)", ".cx(0, 5)", ".cx(1, 2)", ".cx(0, 2)", ".h(1)", ".cx(1, 6)"]}, {"type": "degenerate", "A": [0, 2, 2, 10, 9, 49, 73, 190, 0, 0, 0, 0], "B": [0, 2, 25, 58, 268, 672, 1734, 2977, 0, 0, 0, 0], "gates": [".cx(1, 6)", ".h(5)", ".cx(5, 11)", ".cx(5, 10)", ".cx(0, 5)", ".h(3)", ".cx(3, 6)", ".cx(3, 4)", ".cx(5, 8)", ".h(2)", ".cx(2, 9)", ".cx(2, 7)", ".h(0)", ".cx(0, 1)", ".cx(6, 8)", ".cx(0, 5)", ".cx(0, 3)", ".cx(2, 6)", ".h(0)", ".cx(0, 9)"]}, {"type": "degenerate", "A": [0, 5, 2, 12, 20, 36, 80, 163, 0, 0, 0, 0], "B": [0, 5, 31, 111, 296, 858, 1742, 2839, 0, 0, 0, 0], "gates": [".h(3)", ".cx(3, 6)", ".cx(3, 5)", ".cx(1, 3)", ".cx(3, 7)", ".cx(0, 3)", ".h(0)", ".cx(0, 9)", ".cx(0, 11)", ".cx(3, 10)", ".h(2)", ".cx(2, 8)", ".cx(2, 4)", ".h(1)", ".cx(1, 3)", ".cx(0, 10)", ".cx(4, 7)", ".cx(1, 4)"]}, {"type": "degenerate", "A": [0, 5, 4, 10, 16, 30, 104, 169, 0, 0, 0, 0], "B": [0, 5, 32, 104, 360, 834, 1640, 2857, 0, 0, 0, 0], "gates": [".h(2)", ".cx(2, 5)", ".cx(0, 2)", ".cx(2, 4)", ".cx(1, 2)", ".h(1)", ".cx(1, 11)", ".cx(1, 6)", ".cx(2, 10)", ".h(3)", ".cx(3, 8)", ".cx(3, 9)", ".cx(3, 7)", ".h(0)", ".cx(0, 2)", ".cx(8, 10)", ".cx(5, 6)", ".cx(2, 7)", ".cx(1, 5)"]}, {"type": "degenerate", "A": [0, 5, 3, 9, 19, 43, 69, 200, 0, 0, 0, 0], "B": [0, 5, 32, 94, 364, 774, 1820, 2777, 0, 0, 0, 0], "gates": [".h(2)", ".cx(2, 4)", ".cx(2, 8)", ".cx(0, 2)", ".cx(2, 6)", ".cx(1, 2)", ".h(0)", ".cx(0, 1)", ".cx(0, 11)", ".h(3)", ".cx(3, 10)", ".cx(3, 9)", ".cx(3, 5)", ".cx(2, 7)", ".cx(5, 6)", ".h(1)", ".cx(1, 7)", ".cx(2, 11)", ".cx(1, 2)", ".cx(1, 10)"]}, {"type": "degenerate", "A": [0, 5, 3, 10, 22, 28, 100, 167, 0, 0, 0, 0], "B": [0, 5, 34, 94, 352, 826, 1684, 2909, 0, 0, 0, 0], "gates": [".h(3)", ".cx(3, 7)", ".cx(3, 5)", ".cx(0, 3)", ".cx(3, 4)", ".cx(1, 3)", ".h(0)", ".cx(0, 1)", ".cx(0, 11)", ".h(2)", ".cx(2, 8)", ".cx(2, 10)", ".cx(2, 6)", ".cx(6, 9)", ".cx(3, 9)", ".h(3)", ".cx(3, 5)", ".cx(3, 7)", ".h(1)", ".cx(1, 8)"]}, {"type": "degenerate", "A": [0, 4, 5, 8, 22, 38, 72, 159, 0, 0, 0, 0], "B": [0, 4, 36, 97, 296, 824, 1680, 2811, 0, 0, 0, 0], "gates": [".h(2)", ".cx(2, 3)", ".cx(2, 7)", ".cx(0, 2)", ".h(0)", ".cx(0, 1)", ".cx(0, 9)", ".cx(1, 8)", ".cx(2, 10)", ".cx(1, 6)", ".cx(1, 11)", ".cx(2, 4)", ".cx(2, 5)", ".cx(0, 2)", ".h(0)", ".cx(0, 9)", ".cx(9, 10)", ".cx(0, 4)", ".h(1)", ".cx(1, 5)"]}, {"type": "degenerate", "A": [0, 6, 1, 16, 16, 36, 98, 145, 0, 0, 0, 0], "B": [0, 6, 34, 113, 336, 900, 1700, 2851, 0, 0, 0, 0], "gates": [".h(2)", ".cx(2, 3)", ".cx(2, 8)", ".cx(0, 2)", ".h(0)", ".cx(0, 1)", ".cx(1, 9)", ".cx(0, 11)", ".cx(2, 7)", ".cx(0, 5)", ".cx(1, 6)", ".cx(2, 10)", ".cx(2, 4)", ".cx(0, 2)", ".h(0)", ".cx(0, 5)", ".cx(0, 11)", ".cx(5, 8)", ".cx(1, 3)", ".h(3)", ".cx(3, 5)"]}, {"type": "degenerate", "A": [0, 7, 0, 13, 10, 68, 98, 129, 0, 0, 0, 0], "B": [0, 7, 36, 82, 416, 958, 1768, 2661, 0, 0, 0, 0], "gates": [".cx(0, 6)", ".cx(1, 2)", ".h(3)", ".cx(3, 6)", ".cx(3, 8)", ".h(4)", ".cx(4, 11)", ".cx(4, 5)", ".cx(4, 7)", ".cx(4, 9)", ".cx(3, 10)", ".h(0)", ".cx(0, 2)", ".cx(1, 3)", ".h(1)", ".cx(1, 10)", ".cx(1, 2)", ".cx(0, 8)", ".cx(6, 7)", ".cx(5, 6)"]}, {"type": "degenerate", "A": [0, 5, 0, 11, 18, 46, 106, 131, 0, 0, 0, 0], "B": [0, 5, 31, 75, 320, 898, 1702, 2903, 0, 0, 0, 0], "gates": [".cx(1, 4)", ".h(2)", ".cx(2, 6)", ".cx(2, 10)", ".cx(0, 2)", ".h(3)", ".cx(3, 4)", ".h(0)", ".cx(0, 1)", ".cx(3, 7)", ".cx(0, 5)", ".cx(2, 9)", ".cx(3, 8)", ".cx(2, 11)", ".cx(1, 2)", ".h(1)", ".cx(1, 4)", ".cx(8, 11)", ".cx(4, 9)"]}, {"type": "degenerate", "A": [0, 5, 2, 12, 20, 30, 104, 157, 0, 0, 0, 0], "B": [0, 5, 34, 90, 344, 834, 1676, 2941, 0, 0, 0, 0], "gates": [".cx(1, 5)", ".cx(0, 4)", ".h(3)", ".cx(3, 4)", ".h(2)", ".cx(2, 5)", ".h(0)", ".cx(0, 1)", ".cx(2, 10)", ".cx(3, 7)", ".cx(0, 9)", ".cx(4, 6)", ".cx(2, 8)", ".cx(3, 11)", ".cx(0, 4)", ".cx(4, 5)", ".cx(5, 6)", ".h(1)", ".cx(1, 11)"]}, {"type": "degenerate", "A": [0, 7, 4, 10, 12, 54, 92, 165, 0, 0, 0, 0], "B": [0, 7, 38, 104, 456, 902, 1732, 2601, 0, 0, 0, 0], "gates": [".h(3)", ".cx(3, 7)", ".cx(1, 3)", ".cx(3, 9)", ".cx(0, 3)", ".h(0)", ".cx(0, 1)", ".cx(0, 4)", ".cx(3, 5)", ".h(2)", ".cx(2, 8)", ".cx(2, 11)", ".cx(2, 6)", ".cx(2, 10)", ".cx(2, 9)", ".cx(1, 11)", ".cx(3, 4)", ".h(0)", ".cx(0, 3)", ".cx(3, 5)"]}, {"type": "degenerate", "A": [0, 12, 0, 30, 0, 68, 80, 137, 0, 0, 0, 0], "B": [0, 12, 52, 165, 560, 1056, 1848, 2363, 0, 0, 0, 0], "gates": [".cx(1, 3)", ".cx(0, 7)", ".h(3)", ".cx(3, 7)", ".h(0)", ".cx(0, 1)", ".cx(3, 5)", ".cx(1, 11)", ".cx(0, 2)", ".cx(7, 10)", ".cx(3, 6)", ".cx(0, 4)", ".cx(3, 8)", ".cx(3, 9)", ".cx(1, 10)", ".h(0)", ".cx(0, 7)", ".cx(0, 2)", ".cx(0, 4)"]}, {"type": "degenerate", "A": [0, 6, 4, 16, 20, 42, 68, 159, 0, 0, 0, 0], "B": [0, 6, 49, 96, 400, 812, 1738, 2769, 0, 0, 0, 0], "gates": [".h(2)", ".cx(2, 7)", ".cx(2, 4)", ".cx(0, 2)", ".h(0)", ".cx(0, 1)", ".cx(0, 10)", ".cx(1, 8)", ".cx(2, 9)", ".cx(0, 11)", ".cx(1, 5)", ".cx(2, 3)", ".cx(2, 6)", ".cx(0, 2)", ".h(0)", ".cx(0, 10)", ".cx(0, 6)", ".cx(6, 11)", ".cx(6, 9)", ".cx(0, 3)"]}, {"type": "degenerate", "A": [0, 7, 0, 30, 2, 58, 58, 153, 0, 0, 0, 0], "B": [0, 7, 49, 111, 400, 806, 1802, 2751, 0, 0, 0, 0], "gates": [".h(2)", ".cx(2, 3)", ".cx(2, 10)", ".cx(0, 2)", ".h(0)", ".cx(0, 1)", ".cx(0, 4)", ".cx(1, 5)", ".cx(2, 6)", ".cx(0, 11)", ".cx(1, 7)", ".cx(2, 9)", ".cx(1, 8)", ".h(1)", ".cx(1, 5)", ".cx(1, 8)", ".cx(1, 6)", ".cx(1, 7)", ".cx(7, 9)", ".cx(0, 2)"]}, {"type": "degenerate", "A": [0, 6, 1, 8, 18, 46, 108, 147, 0, 0, 0, 0], "B": [0, 6, 28, 95, 360, 940, 1728, 2775, 0, 0, 0, 0], "gates": [".h(3)", ".cx(3, 7)", ".cx(1, 3)", ".cx(3, 4)", ".cx(0, 3)", ".cx(3, 9)", ".h(2)", ".cx(2, 6)", ".cx(2, 5)", ".cx(2, 10)", ".cx(5, 8)", ".cx(3, 11)", ".h(0)", ".cx(0, 1)", ".cx(1, 3)", ".cx(2, 4)", ".cx(0, 8)", ".cx(1, 9)", ".cx(8, 11)", ".h(0)", ".cx(0, 9)"]}, {"type": "degenerate", "A": [0, 10, 1, 9, 20, 68, 102, 131, 0, 0, 0, 0], "B": [0, 10, 42, 105, 528, 1084, 1844, 2435, 0, 0, 0, 0], "gates": [".h(2)", ".cx(2, 3)", ".cx(1, 2)", ".cx(2, 6)", ".cx(0, 2)", ".h(0)", ".cx(0, 7)", ".cx(0, 8)", ".cx(2, 11)", ".cx(0, 9)", ".cx(0, 5)", ".cx(0, 10)", ".cx(3, 4)", ".cx(0, 1)", ".cx(5, 6)", ".h(0)", ".cx(0, 1)", ".cx(0, 4)", ".cx(1, 2)", ".h(3)", ".cx(3, 6)"]}, {"type": "degenerate", "A": [0, 6, 5, 10, 12, 52, 78, 173, 0, 0, 0, 0], "B": [0, 6, 38, 105, 416, 852, 1724, 2627, 0, 0, 0, 0], "gates": [".cx(1, 7)", ".h(2)", ".cx(2, 7)", ".cx(2, 10)", ".cx(0, 2)", ".cx(2, 11)", ".h(3)", ".cx(3, 6)", ".cx(3, 8)", ".cx(3, 9)", ".cx(3, 4)", ".cx(4, 5)", ".h(0)", ".cx(0, 2)", ".cx(0, 1)", ".cx(1, 11)", ".cx(1, 3)", ".cx(8, 10)", ".cx(9, 11)", ".h(1)", ".cx(1, 4)"]}, {"type": "non-degenerate", "A": [0, 0, 3, 7, 13, 25, 87, 204, 0, 0, 0, 0], "B": [0, 0, 17, 60, 188, 604, 1638, 3189, 0, 0, 0, 0], "gates": [".cx(0, 10)", ".h(2)", ".cx(2, 10)", ".cx(2, 4)", ".cx(1, 2)", ".cx(2, 8)", ".h(1)", ".cx(1, 3)", ".cx(1, 2)", ".cx(2, 11)", ".cx(0, 2)", ".h(0)", ".cx(0, 8)", ".cx(0, 7)", ".cx(2, 9)", ".cx(8, 9)", ".cx(0, 2)", ".cx(2, 6)", ".h(1)", ".cx(1, 7)", ".cx(1, 2)", ".cx(1, 4)", ".cx(4, 5)", ".cx(0, 5)"]}, {"type": "non-degenerate", "A": [0, 0, 4, 5, 11, 31, 87, 198, 0, 0, 0, 0], "B": [0, 0, 17, 60, 196, 628, 1614, 3117, 0, 0, 0, 0], "gates": [".h(2)", ".cx(2, 9)", ".cx(2, 7)", ".cx(1, 2)", ".cx(2, 11)", ".cx(0, 2)", ".h(1)", ".cx(1, 4)", ".cx(1, 2)", ".cx(2, 8)", ".h(3)", ".cx(3, 10)", ".cx(3, 7)", ".h(6)", ".cx(6, 8)", ".cx(8, 10)", ".cx(2, 5)", ".cx(6, 9)", ".h(1)", ".cx(1, 5)", ".h(0)", ".cx(0, 9)", ".cx(0, 3)"]}, {"type": "non-degenerate", "A": [0, 0, 2, 9, 9, 29, 97, 188, 0, 0, 0, 0], "B": [0, 0, 17, 52, 188, 620, 1606, 3221, 0, 0, 0, 0], "gates": [".cx(1, 11)", ".cx(0, 10)", ".h(2)", ".cx(2, 10)", ".cx(2, 11)", ".h(3)", ".cx(3, 6)", ".cx(3, 4)", ".h(1)", ".cx(1, 3)", ".cx(3, 5)", ".h(0)", ".cx(0, 6)", ".cx(6, 7)", ".cx(3, 10)", ".cx(2, 6)", ".cx(0, 3)", ".cx(6, 8)", ".h(0)", ".cx(0, 2)", ".h(1)", ".cx(1, 8)", ".cx(1, 9)", ".cx(7, 9)"]}, {"type": "non-degenerate", "A": [0, 0, 7, 12, 13, 17, 63, 198, 0, 0, 0, 0], "B": [0, 0, 31, 86, 188, 572, 1554, 3129, 0, 0, 0, 0], "gates": [".cx(0, 7)", ".cx(1, 9)", ".h(2)", ".cx(2, 7)", ".cx(7, 9)", ".cx(2, 3)", ".h(4)", ".cx(4, 5)", ".cx(4, 9)", ".cx(9, 11)", ".h(1)", ".cx(1, 2)", ".cx(2, 10)", ".cx(2, 4)", ".cx(4, 8)", ".h(0)", ".cx(0, 4)", ".cx(0, 3)", ".cx(4, 10)", ".cx(2, 11)", ".cx(1, 6)", ".cx(4, 6)"]}, {"type": "non-degenerate", "A": [0, 0, 6, 6, 7, 31, 87, 192, 0, 0, 0, 0], "B": [0, 0, 21, 68, 212, 628, 1542, 3069, 0, 0, 0, 0], "gates": [".cx(0, 11)", ".cx(1, 5)", ".h(3)", ".cx(3, 9)", ".cx(3, 7)", ".cx(1, 3)", ".h(1)", ".cx(1, 2)", ".cx(1, 3)", ".cx(3, 8)", ".cx(0, 3)", ".cx(3, 10)", ".h(0)", ".cx(0, 3)", ".cx(0, 4)", ".cx(3, 6)", ".h(5)", ".cx(5, 9)", ".cx(5, 6)", ".cx(5, 8)", ".h(0)", ".cx(0, 1)", ".cx(5, 11)", ".cx(4, 11)"]}, {"type": "non-degenerate", "A": [0, 0, 4, 4, 12, 36, 84, 189, 0, 0, 0, 0], "B": [0, 0, 18, 55, 192, 648, 1620, 3087, 0, 0, 0, 0], "gates": [".cx(1, 8)", ".cx(0, 7)", ".h(3)", ".cx(3, 11)", ".cx(3, 5)", ".h(4)", ".cx(4, 10)", ".cx(4, 8)", ".cx(8, 9)", ".cx(0, 3)", ".h(0)", ".cx(0, 10)", ".cx(0, 1)", ".cx(3, 9)", ".cx(0, 3)", ".cx(3, 6)", ".cx(10, 11)", ".h(0)", ".cx(0, 3)", ".cx(1, 2)", ".cx(0, 2)", ".h(4)", ".cx(4, 7)", ".cx(0, 4)"]}, {"type": "non-degenerate", "A": [0, 0, 6, 5, 6, 30, 90, 201, 0, 0, 0, 0], "B": [0, 0, 18, 71, 216, 624, 1548, 3063, 0, 0, 0, 0], "gates": [".cx(0, 3)", ".h(2)", ".cx(2, 4)", ".cx(2, 3)", ".cx(1, 2)", ".cx(2, 11)", ".h(1)", ".cx(1, 10)", ".cx(1, 9)", ".cx(1, 2)", ".cx(2, 5)", ".cx(2, 7)", ".h(1)", ".cx(1, 2)", ".cx(0, 1)", ".h(0)", ".cx(0, 11)", ".cx(0, 10)", ".cx(1, 6)", ".cx(0, 5)", ".h(3)", ".cx(3, 6)", ".cx(2, 8)", ".cx(0, 8)"]}, {"type": "non-degenerate", "A": [0, 0, 4, 5, 10, 30, 90, 201, 0, 0, 0, 0], "B": [0, 0, 16, 61, 200, 624, 1608, 3123, 0, 0, 0, 0], "gates": [".cx(1, 3)", ".cx(0, 10)", ".h(2)", ".cx(2, 7)", ".cx(2, 10)", ".cx(10, 11)", ".cx(1, 7)", ".h(1)", ".cx(1, 9)", ".cx(1, 8)", ".h(0)", ".cx(0, 1)", ".cx(1, 7)", ".cx(1, 5)", ".cx(1, 6)", ".h(1)", ".cx(1, 11)", ".cx(1, 4)", ".cx(1, 5)", ".cx(0, 1)", ".cx(1, 2)", ".cx(2, 8)", ".h(3)", ".cx(3, 8)", ".cx(3, 10)"]}, {"type": "non-degenerate", "A": [0, 0, 5, 6, 10, 26, 84, 207, 0, 0, 0, 0], "B": [0, 0, 18, 71, 200, 608, 1596, 3111, 0, 0, 0, 0], "gates": [".cx(1, 8)", ".cx(0, 5)", ".h(2)", ".cx(2, 11)", ".cx(2, 6)", ".h(3)", ".cx(3, 5)", ".cx(3, 10)", ".cx(1, 3)", ".h(1)", ".cx(1, 7)", ".cx(1, 2)", ".cx(2, 9)", ".cx(0, 2)", ".h(0)", ".cx(0, 10)", ".cx(0, 7)", ".cx(0, 4)", ".cx(0, 2)", ".cx(10, 11)", ".cx(1, 3)", ".cx(3, 4)", ".cx(6, 8)", ".cx(5, 8)"]}, {"type": "non-degenerate", "A": [0, 0, 0, 10, 4, 54, 68, 195, 0, 0, 0, 0], "B": [0, 0, 15, 40, 176, 608, 1750, 3105, 0, 0, 0, 0], "gates": [".cx(0, 9)", ".cx(1, 3)", ".h(2)", ".cx(2, 3)", ".cx(2, 8)", ".h(6)", ".cx(6, 10)", ".cx(6, 9)", ".h(0)", ".cx(0, 2)", ".cx(2, 11)", ".h(4)", ".cx(4, 6)", ".cx(4, 5)", ".cx(1, 2)", ".cx(2, 4)", ".cx(6, 11)", ".cx(6, 7)", ".cx(6, 8)", ".cx(0, 6)", ".h(0)", ".cx(0, 10)", ".h(1)", ".cx(1, 10)", ".cx(1, 5)"]}, {"type": "non-degenerate", "A": [0, 0, 7, 10, 9, 19, 75, 204, 0, 0, 0, 0], "B": [0, 0, 26, 85, 204, 580, 1536, 3111, 0, 0, 0, 0], "gates": [".cx(0, 10)", ".cx(1, 4)", ".h(3)", ".cx(3, 10)", ".cx(3, 4)", ".h(2)", ".cx(2, 8)", ".cx(2, 9)", ".h(1)", ".cx(1, 2)", ".cx(2, 7)", ".cx(2, 4)", ".cx(4, 6)", ".cx(0, 2)", ".cx(1, 5)", ".h(0)", ".cx(0, 7)", ".cx(0, 5)", ".cx(0, 8)", ".cx(0, 6)", ".cx(0, 3)", ".cx(5, 11)", ".cx(4, 11)"]}, {"type": "non-degenerate", "A": [0, 0, 4, 5, 8, 32, 96, 195, 0, 0, 0, 0], "B": [0, 0, 16, 57, 208, 632, 1584, 3123, 0, 0, 0, 0], "gates": [".cx(1, 2)", ".h(3)", ".cx(3, 10)", ".cx(3, 9)", ".cx(0, 3)", ".h(0)", ".cx(0, 7)", ".cx(0, 1)", ".cx(0, 3)", ".cx(3, 6)", ".cx(1, 8)", ".h(0)", ".cx(0, 11)", ".h(4)", ".cx(4, 7)", ".cx(4, 11)", ".cx(4, 9)", ".cx(4, 6)", ".cx(3, 5)", ".h(3)", ".cx(3, 8)", ".h(2)", ".cx(2, 6)", ".cx(2, 10)"]}, {"type": "non-degenerate", "A": [0, 0, 4, 8, 13, 27, 81, 192, 0, 0, 0, 0], "B": [0, 0, 22, 61, 188, 612, 1608, 3159, 0, 0, 0, 0], "gates": [".cx(1, 10)", ".cx(0, 9)", ".h(3)", ".cx(3, 9)", ".cx(9, 10)", ".cx(3, 6)", ".h(4)", ".cx(4, 7)", ".cx(4, 10)", ".cx(10, 11)", ".h(2)", ".cx(2, 3)", ".cx(3, 8)", ".h(1)", ".cx(1, 6)", ".cx(6, 7)", ".h(0)", ".cx(0, 10)", ".cx(0, 3)", ".cx(0, 5)", ".cx(2, 5)"]}, {"type": "non-degenerate", "A": [0, 0, 3, 4, 13, 33, 87, 198, 0, 0, 0, 0], "B": [0, 0, 15, 54, 188, 636, 1650, 3129, 0, 0, 0, 0], "gates": [".cx(0, 7)", ".cx(1, 8)", ".h(2)", ".cx(2, 10)", ".cx(2, 3)", ".h(5)", ".cx(5, 6)", ".cx(5, 8)", ".cx(0, 2)", ".h(0)", ".cx(0, 9)", ".cx(0, 8)", ".cx(1, 2)", ".h(1)", ".cx(1, 2)", ".cx(1, 4)", ".cx(5, 10)", ".cx(0, 1)", ".cx(3, 11)", ".cx(2, 6)", ".h(0)", ".cx(0, 11)", ".cx(5, 7)", ".cx(0, 5)"]}, {"type": "non-degenerate", "A": [0, 0, 5, 12, 15, 19, 69, 192, 0, 0, 0, 0], "B": [0, 0, 29, 72, 180, 580, 1590, 3189, 0, 0, 0, 0], "gates": [".cx(1, 4)", ".cx(0, 3)", ".h(2)", ".cx(2, 10)", ".cx(2, 7)", ".h(4)", ".cx(4, 11)", ".cx(4, 6)", ".cx(1, 2)", ".h(0)", ".cx(0, 2)", ".cx(2, 8)", ".h(3)", ".cx(3, 11)", ".cx(3, 5)", ".h(1)", ".cx(1, 3)", ".cx(1, 7)", ".cx(1, 8)", ".cx(2, 4)", ".cx(4, 5)", ".cx(6, 9)", ".cx(7, 9)"]}, {"type": "non-degenerate", "A": [0, 0, 5, 9, 11, 21, 81, 204, 0, 0, 0, 0], "B": [0, 0, 22, 73, 196, 588, 1584, 3159, 0, 0, 0, 0], "gates": [".cx(1, 7)", ".cx(0, 3)", ".h(4)", ".cx(4, 8)", ".cx(4, 7)", ".cx(7, 10)", ".h(2)", ".cx(2, 5)", ".cx(2, 7)", ".cx(0, 4)", ".h(0)", ".cx(0, 11)", ".cx(0, 4)", ".cx(4, 9)", ".h(1)", ".cx(1, 5)", ".cx(1, 11)", ".cx(1, 9)", ".cx(4, 6)", ".cx(1, 10)", ".cx(2, 4)", ".cx(2, 3)", ".cx(0, 2)"]}, {"type": "non-degenerate", "A": [0, 0, 2, 7, 6, 36, 98, 187, 0, 0, 0, 0], "B": [0, 0, 13, 54, 184, 648, 1610, 3157, 0, 0, 0, 0], "gates": [".cx(0, 9)", ".cx(1, 6)", ".h(2)", ".cx(2, 6)", ".cx(2, 4)", ".h(5)", ".cx(5, 7)", ".cx(5, 9)", ".cx(9, 10)", ".cx(2, 5)", ".h(3)", ".cx(3, 11)", ".cx(3, 6)", ".cx(6, 9)", ".h(0)", ".cx(0, 2)", ".cx(2, 11)", ".cx(0, 8)", ".cx(3, 10)", ".cx(3, 8)", ".h(1)", ".cx(1, 5)", ".cx(1, 8)"]}, {"type": "non-degenerate", "A": [0, 0, 5, 6, 9, 29, 87, 198, 0, 0, 0, 0], "B": [0, 0, 19, 66, 204, 620, 1578, 3105, 0, 0, 0, 0], "gates": [".cx(0, 3)", ".cx(1, 5)", ".h(4)", ".cx(4, 5)", ".cx(4, 10)", ".h(2)", ".cx(2, 9)", ".cx(2, 3)", ".cx(3, 6)", ".cx(5, 6)", ".h(0)", ".cx(0, 4)", ".cx(0, 8)", ".h(1)", ".cx(1, 3)", ".cx(1, 10)", ".cx(4, 11)", ".cx(4, 9)", ".h(0)", ".cx(0, 11)", ".cx(3, 7)", ".cx(5, 7)"]}, {"type": "non-degenerate", "A": [0, 0, 5, 5, 10, 30, 84, 201, 0, 0, 0, 0], "B": [0, 0, 18, 67, 200, 624, 1596, 3087, 0, 0, 0, 0], "gates": [".cx(0, 8)", ".cx(1, 11)", ".h(3)", ".cx(3, 10)", ".cx(3, 4)", ".cx(3, 7)", ".h(1)", ".cx(1, 3)", ".cx(3, 6)", ".cx(0, 3)", ".h(0)", ".cx(0, 11)", ".cx(0, 7)", ".cx(7, 9)", ".h(2)", ".cx(2, 9)", ".cx(2, 4)", ".cx(0, 3)", ".cx(4, 5)", ".cx(3, 5)", ".h(5)", ".cx(5, 11)", ".cx(0, 1)", ".cx(4, 8)", ".cx(5, 8)"]}, {"type": "non-degenerate", "A": [0, 0, 4, 5, 14, 32, 78, 195, 0, 0, 0, 0], "B": [0, 0, 19, 60, 184, 632, 1638, 3105, 0, 0, 0, 0], "gates": [".cx(1, 6)", ".h(2)", ".cx(2, 6)", ".cx(2, 10)", ".cx(0, 2)", ".cx(2, 8)", ".h(4)", ".cx(4, 7)", ".cx(4, 9)", ".cx(6, 7)", ".h(0)", ".cx(0, 11)", ".cx(0, 2)", ".cx(2, 5)", ".h(1)", ".cx(1, 8)", ".cx(1, 9)", ".cx(9, 10)", ".cx(1, 2)", ".cx(9, 11)", ".h(0)", ".cx(0, 9)", ".cx(1, 3)", ".cx(0, 1)"]}, {"type": "non-degenerate", "A": [0, 0, 5, 5, 9, 31, 87, 198, 0, 0, 0, 0], "B": [0, 0, 18, 65, 204, 628, 1584, 3087, 0, 0, 0, 0], "gates": [".cx(0, 5)", ".cx(1, 3)", ".h(2)", ".cx(2, 9)", ".cx(2, 5)", ".cx(5, 8)", ".h(4)", ".cx(4, 11)", ".cx(4, 6)", ".cx(1, 2)", ".h(1)", ".cx(1, 7)", ".cx(1, 2)", ".cx(6, 9)", ".h(0)", ".cx(0, 11)", ".cx(0, 10)", ".cx(9, 10)", ".cx(2, 6)", ".h(1)", ".cx(1, 5)", ".cx(2, 3)", ".cx(0, 2)"]}, {"type": "non-degenerate", "A": [0, 0, 4, 5, 10, 28, 90, 207, 0, 0, 0, 0], "B": [0, 0, 15, 64, 200, 616, 1614, 3129, 0, 0, 0, 0], "gates": [".cx(0, 6)", ".cx(1, 10)", ".h(2)", ".cx(2, 4)", ".cx(2, 10)", ".h(3)", ".cx(3, 11)", ".cx(3, 6)", ".h(0)", ".cx(0, 2)", ".cx(2, 7)", ".h(1)", ".cx(1, 3)", ".cx(3, 8)", ".cx(6, 10)", ".h(5)", ".cx(5, 8)", ".cx(5, 11)", ".cx(1, 2)", ".cx(10, 11)", ".cx(8, 9)", ".cx(6, 9)"]}, {"type": "non-degenerate", "A": [0, 0, 2, 6, 14, 28, 90, 201, 0, 0, 0, 0], "B": [0, 0, 15, 52, 184, 616, 1662, 3201, 0, 0, 0, 0], "gates": [".cx(1, 6)", ".cx(0, 2)", ".cx(0, 11)", ".h(0)", ".cx(0, 10)", ".cx(0, 1)", ".cx(1, 9)", ".h(3)", ".cx(3, 5)", ".cx(5, 10)", ".cx(0, 4)", ".h(0)", ".cx(0, 7)", ".cx(0, 1)", ".cx(0, 8)", ".h(0)", ".cx(0, 2)", ".cx(0, 9)", ".cx(0, 5)", ".cx(3, 6)", ".cx(0, 8)", ".h(0)", ".cx(0, 6)", ".cx(7, 11)", ".cx(5, 11)"]}, {"type": "non-degenerate", "A": [0, 0, 3, 6, 11, 29, 93, 198, 0, 0, 0, 0], "B": [0, 0, 16, 55, 196, 620, 1620, 3171, 0, 0, 0, 0], "gates": [".cx(0, 5)", ".cx(1, 9)", ".h(4)", ".cx(4, 5)", ".cx(5, 8)", ".cx(4, 7)", ".h(0)", ".cx(0, 1)", ".cx(0, 6)", ".cx(1, 4)", ".cx(4, 11)", ".h(3)", ".cx(3, 7)", ".cx(3, 6)", ".cx(3, 9)", ".h(2)", ".cx(2, 8)", ".cx(2, 3)", ".cx(2, 4)", ".h(1)", ".cx(1, 10)", ".cx(8, 10)"]}, {"type": "non-degenerate", "A": [0, 0, 4, 5, 10, 32, 90, 195, 0, 0, 0, 0], "B": [0, 0, 17, 58, 200, 632, 1602, 3117, 0, 0, 0, 0], "gates": [".cx(0, 3)", ".cx(1, 8)", ".h(2)", ".cx(2, 4)", ".cx(2, 8)", ".cx(2, 5)", ".cx(0, 2)", ".h(0)", ".cx(0, 6)", ".cx(0, 2)", ".cx(2, 11)", ".cx(2, 7)", ".h(1)", ".cx(1, 2)", ".cx(2, 9)", ".h(3)", ".cx(3, 5)", ".cx(3, 11)", ".cx(3, 9)", ".h(1)", ".cx(1, 6)", ".cx(1, 4)", ".cx(4, 10)", ".cx(0, 10)"]}, {"type": "non-degenerate", "A": [0, 0, 3, 7, 14, 32, 76, 191, 0, 0, 0, 0], "B": [0, 0, 19, 60, 168, 632, 1654, 3137, 0, 0, 0, 0], "gates": [".cx(1, 11)", ".cx(0, 7)", ".h(3)", ".cx(3, 11)", ".cx(3, 9)", ".h(2)", ".cx(2, 5)", ".cx(0, 3)", ".h(0)", ".cx(0, 10)", ".cx(0, 3)", ".cx(3, 4)", ".cx(3, 8)", ".cx(2, 3)", ".cx(1, 2)", ".cx(3, 6)", ".h(1)", ".cx(1, 10)", ".cx(1, 2)", ".cx(2, 6)", ".cx(2, 9)", ".cx(2, 4)", ".cx(2, 7)", ".cx(0, 2)"]}, {"type": "non-degenerate", "A": [0, 0, 4, 6, 12, 30, 84, 195, 0, 0, 0, 0], "B": [0, 0, 19, 60, 192, 624, 1614, 3129, 0, 0, 0, 0], "gates": [".cx(0, 5)", ".cx(1, 11)", ".h(3)", ".cx(3, 11)", ".cx(3, 5)", ".cx(5, 8)", ".h(0)", ".cx(0, 7)", ".cx(0, 3)", ".cx(3, 4)", ".h(2)", ".cx(2, 8)", ".cx(2, 10)", ".cx(1, 2)", ".h(1)", ".cx(1, 5)", ".cx(5, 9)", ".cx(2, 7)", ".cx(1, 2)", ".cx(2, 4)", ".cx(0, 9)", ".cx(0, 6)", ".cx(2, 6)"]}, {"type": "non-degenerate", "A": [0, 0, 5, 9, 11, 25, 73, 200, 0, 0, 0, 0], "B": [0, 0, 22, 77, 180, 604, 1600, 3119, 0, 0, 0, 0], "gates": [".cx(0, 2)", ".h(4)", ".cx(4, 5)", ".cx(4, 7)", ".cx(1, 4)", ".cx(4, 9)", ".h(3)", ".cx(3, 8)", ".cx(3, 6)", ".cx(0, 4)", ".h(0)", ".cx(0, 3)", ".cx(3, 10)", ".cx(0, 4)", ".cx(3, 7)", ".cx(4, 11)", ".h(1)", ".cx(1, 10)", ".cx(1, 5)", ".cx(5, 8)", ".cx(1, 11)", ".cx(1, 2)", ".cx(0, 1)"]}, {"type": "non-degenerate", "A": [0, 0, 5, 8, 12, 26, 78, 195, 0, 0, 0, 0], "B": [0, 0, 23, 68, 192, 608, 1590, 3129, 0, 0, 0, 0], "gates": [".cx(1, 2)", ".cx(0, 6)", ".h(3)", ".cx(3, 5)", ".cx(3, 4)", ".h(1)", ".cx(1, 3)", ".cx(3, 10)", ".cx(3, 9)", ".cx(0, 3)", ".h(0)", ".cx(0, 2)", ".cx(0, 3)", ".cx(3, 11)", ".cx(2, 5)", ".cx(1, 7)", ".cx(0, 7)", ".cx(1, 8)", ".h(0)", ".cx(0, 9)", ".cx(0, 3)", ".cx(3, 8)", ".cx(1, 6)", ".cx(0, 1)"]}, {"type": "non-degenerate", "A": [0, 0, 5, 8, 10, 20, 84, 213, 0, 0, 0, 0], "B": [0, 0, 19, 76, 200, 584, 1590, 3153, 0, 0, 0, 0], "gates": [".cx(1, 8)", ".h(2)", ".cx(2, 3)", ".cx(2, 8)", ".cx(0, 2)", ".cx(2, 4)", ".h(0)", ".cx(0, 7)", ".cx(0, 2)", ".cx(2, 10)", ".cx(1, 2)", ".cx(2, 5)", ".h(1)", ".cx(1, 4)", ".cx(1, 2)", ".cx(2, 6)", ".cx(3, 6)", ".cx(2, 11)", ".h(0)", ".cx(0, 2)", ".cx(0, 10)", ".cx(0, 8)", ".cx(2, 9)", ".cx(3, 9)"]}, {"type": "non-degenerate", "A": [0, 0, 4, 7, 10, 30, 82, 197, 0, 0, 0, 0], "B": [0, 0, 18, 67, 184, 624, 1612, 3119, 0, 0, 0, 0], "gates": [".cx(1, 8)", ".h(3)", ".cx(3, 8)", ".cx(3, 7)", ".cx(0, 3)", ".cx(3, 5)", ".h(6)", ".cx(6, 9)", ".cx(6, 8)", ".cx(8, 11)", ".h(2)", ".cx(2, 5)", ".cx(2, 4)", ".h(0)", ".cx(0, 4)", ".cx(0, 6)", ".h(1)", ".cx(1, 3)", ".cx(3, 8)", ".cx(2, 10)", ".cx(8, 10)"]}, {"type": "non-degenerate", "A": [0, 0, 5, 6, 12, 28, 78, 201, 0, 0, 0, 0], "B": [0, 0, 20, 69, 192, 616, 1608, 3099, 0, 0, 0, 0], "gates": [".cx(1, 11)", ".cx(0, 9)", ".h(2)", ".cx(2, 7)", ".cx(2, 3)", ".cx(0, 2)", ".h(0)", ".cx(0, 8)", ".cx(0, 1)", ".cx(1, 10)", ".h(4)", ".cx(4, 10)", ".cx(4, 5)", ".cx(0, 2)", ".cx(2, 6)", ".h(0)", ".cx(0, 5)", ".cx(0, 7)", ".cx(0, 6)", ".cx(0, 1)", ".cx(2, 11)", ".cx(4, 11)", ".cx(4, 9)", ".cx(1, 9)"]}, {"type": "degenerate", "A": [0, 4, 4, 3, 20, 36, 92, 187, 0, 0, 0, 0], "B": [0, 4, 24, 93, 320, 816, 1712, 2827, 0, 0, 0, 0], "gates": [".cx(1, 8)", ".h(2)", ".cx(2, 6)", ".cx(2, 4)", ".cx(0, 2)", ".h(0)", ".cx(0, 1)", ".cx(0, 9)", ".cx(2, 5)", ".h(3)", ".cx(3, 8)", ".cx(3, 11)", ".cx(3, 10)", ".cx(3, 7)", ".cx(2, 8)", ".cx(1, 5)", ".h(1)", ".cx(1, 4)", ".cx(1, 8)", ".h(2)", ".cx(2, 10)"]}, {"type": "degenerate", "A": [0, 6, 0, 16, 0, 80, 0, 357, 0, 0, 0, 0], "B": [0, 6, 24, 127, 288, 1076, 1296, 3615, 0, 0, 0, 0], "gates": [".cx(0, 3)", ".cx(1, 6)", ".h(2)", ".cx(2, 3)", ".cx(2, 6)", ".h(0)", ".cx(0, 1)", ".cx(0, 11)", ".cx(3, 8)", ".cx(0, 7)", ".cx(0, 10)", ".cx(2, 9)", ".cx(2, 5)", ".cx(2, 4)", ".cx(1, 8)", ".h(0)", ".cx(0, 1)", ".cx(1, 3)", ".h(2)", ".cx(2, 6)", ".cx(6, 8)"]}, {"type": "degenerate", "A": [0, 3, 4, 8, 22, 40, 78, 147, 0, 0, 0, 0], "B": [0, 3, 36, 70, 272, 790, 1656, 2925, 0, 0, 0, 0], "gates": [".cx(1, 8)", ".cx(0, 2)", ".h(2)", ".cx(2, 8)", ".cx(2, 10)", ".h(4)", ".cx(4, 11)", ".cx(4, 7)", ".h(3)", ".cx(3, 9)", ".cx(3, 6)", ".h(0)", ".cx(0, 1)", ".cx(2, 5)", ".cx(4, 8)", ".cx(0, 3)", ".h(1)", ".cx(1, 10)", ".cx(8, 10)", ".h(0)", ".cx(0, 7)"]}, {"type": "degenerate", "A": [0, 5, 3, 13, 13, 47, 79, 172, 0, 0, 0, 0], "B": [0, 5, 37, 87, 372, 790, 1734, 2803, 0, 0, 0, 0], "gates": [".h(3)", ".cx(3, 4)", ".cx(3, 6)", ".cx(1, 3)", ".cx(3, 7)", ".cx(0, 3)", ".h(2)", ".cx(2, 5)", ".h(0)", ".cx(0, 11)", ".cx(0, 8)", ".cx(2, 9)", ".cx(3, 10)", ".h(1)", ".cx(1, 3)", ".cx(2, 7)", ".cx(0, 10)", ".cx(3, 11)"]}, {"type": "degenerate", "A": [0, 4, 3, 13, 15, 43, 73, 178, 0, 0, 0, 0], "B": [0, 4, 37, 76, 340, 732, 1734, 2893, 0, 0, 0, 0], "gates": [".h(3)", ".cx(3, 7)", ".cx(3, 10)", ".cx(0, 3)", ".h(0)", ".cx(0, 1)", ".cx(1, 8)", ".cx(0, 9)", ".cx(3, 6)", ".h(2)", ".cx(2, 11)", ".cx(2, 4)", ".cx(2, 5)", ".cx(1, 10)", ".cx(4, 9)", ".cx(2, 7)", ".cx(0, 3)", ".h(0)", ".cx(0, 3)", ".cx(0, 5)"]}, {"type": "degenerate", "A": [0, 5, 3, 12, 18, 44, 72, 179, 0, 0, 0, 0], "B": [0, 5, 38, 86, 368, 778, 1772, 2813, 0, 0, 0, 0], "gates": [".h(4)", ".cx(4, 6)", ".cx(4, 10)", ".cx(0, 4)", ".cx(4, 5)", ".cx(1, 4)", ".h(0)", ".cx(0, 1)", ".cx(0, 2)", ".h(3)", ".cx(3, 7)", ".cx(3, 9)", ".cx(3, 11)", ".cx(3, 8)", ".cx(1, 3)", ".cx(3, 10)", ".cx(3, 6)", ".h(1)", ".cx(1, 5)", ".cx(4, 9)"]}, {"type": "degenerate", "A": [0, 10, 0, 32, 10, 42, 106, 103, 0, 0, 0, 0], "B": [0, 10, 60, 127, 504, 980, 1680, 2743, 0, 0, 0, 0], "gates": [".cx(1, 2)", ".h(3)", ".cx(3, 7)", ".cx(3, 6)", ".cx(0, 3)", ".h(0)", ".cx(0, 1)", ".cx(0, 9)", ".cx(3, 8)", ".h(2)", ".cx(2, 4)", ".cx(2, 5)", ".cx(2, 11)", ".cx(3, 10)", ".cx(1, 7)", ".cx(5, 6)", ".h(0)", ".cx(0, 9)"]}, {"type": "degenerate", "A": [0, 8, 3, 22, 16, 32, 86, 165, 0, 0, 0, 0], "B": [0, 8, 50, 127, 464, 856, 1732, 2751, 0, 0, 0, 0], "gates": [".cx(1, 2)", ".h(2)", ".cx(2, 3)", ".cx(2, 11)", ".cx(0, 2)", ".h(0)", ".cx(0, 1)", ".cx(1, 4)", ".cx(0, 9)", ".cx(2, 5)", ".cx(1, 7)", ".cx(2, 8)", ".cx(2, 6)", ".cx(2, 10)", ".cx(0, 2)", ".h(0)", ".cx(0, 5)", ".cx(5, 9)", ".cx(5, 10)", ".cx(0, 6)", ".cx(6, 8)"]}, {"type": "degenerate", "A": [0, 11, 1, 16, 16, 50, 106, 157, 0, 0, 0, 0], "B": [0, 11, 42, 144, 552, 1054, 1836, 2473, 0, 0, 0, 0], "gates": [".h(2)", ".cx(2, 7)", ".cx(2, 6)", ".cx(1, 2)", ".cx(2, 8)", ".cx(0, 2)", ".h(0)", ".cx(0, 11)", ".cx(0, 5)", ".cx(2, 3)", ".cx(0, 4)", ".cx(0, 10)", ".h(1)", ".cx(1, 9)", ".cx(1, 2)", ".cx(0, 8)", ".h(3)", ".cx(3, 9)", ".cx(3, 8)"]}, {"type": "degenerate", "A": [0, 4, 5, 8, 21, 43, 75, 144, 0, 0, 0, 0], "B": [0, 4, 38, 89, 300, 844, 1656, 2799, 0, 0, 0, 0], "gates": [".h(2)", ".cx(2, 6)", ".cx(1, 2)", ".cx(2, 4)", ".cx(0, 2)", ".h(0)", ".cx(0, 11)", ".cx(0, 7)", ".cx(2, 3)", ".cx(0, 9)", ".cx(0, 10)", ".cx(2, 5)", ".cx(2, 8)", ".cx(0, 1)", ".cx(1, 8)", ".h(0)", ".cx(0, 1)", ".cx(0, 6)", ".cx(1, 5)", ".cx(1, 3)", ".h(2)", ".cx(2, 9)"]}, {"type": "degenerate", "A": [0, 5, 2, 12, 18, 44, 70, 187, 0, 0, 0, 0], "B": [0, 5, 34, 90, 352, 778, 1812, 2821, 0, 0, 0, 0], "gates": [".h(2)", ".cx(2, 6)", ".cx(2, 4)", ".cx(0, 2)", ".cx(2, 5)", ".cx(1, 2)", ".h(1)", ".cx(1, 11)", ".cx(1, 8)", ".cx(2, 10)", ".h(3)", ".cx(3, 7)", ".cx(3, 9)", ".h(0)", ".cx(0, 2)", ".cx(3, 5)", ".cx(1, 10)", ".cx(2, 9)"]}, {"type": "degenerate", "A": [0, 10, 1, 7, 30, 50, 112, 125, 0, 0, 0, 0], "B": [0, 10, 40, 119, 488, 1124, 1816, 2519, 0, 0, 0, 0], "gates": [".cx(0, 11)", ".cx(1, 4)", ".h(4)", ".cx(4, 11)", ".h(0)", ".cx(0, 1)", ".cx(0, 10)", ".cx(4, 9)", ".cx(4, 5)", ".cx(4, 6)", ".cx(0, 2)", ".cx(4, 8)", ".cx(4, 7)", ".cx(0, 3)", ".cx(1, 4)", ".h(0)", ".cx(0, 1)", ".cx(0, 11)", ".cx(0, 10)", ".h(0)", ".cx(0, 2)", ".cx(2, 10)", ".cx(1, 3)"]}, {"type": "degenerate", "A": [0, 7, 1, 16, 12, 58, 78, 149, 0, 0, 0, 0], "B": [0, 7, 38, 108, 392, 918, 1796, 2657, 0, 0, 0, 0], "gates": [".h(2)", ".cx(2, 3)", ".cx(2, 9)", ".cx(1, 2)", ".cx(2, 4)", ".cx(0, 2)", ".h(0)", ".cx(0, 7)", ".cx(0, 6)", ".cx(2, 11)", ".cx(0, 8)", ".cx(0, 5)", ".cx(0, 10)", ".h(1)", ".cx(1, 2)", ".cx(6, 11)", ".h(0)", ".cx(0, 4)", ".cx(2, 8)", ".cx(0, 2)"]}, {"type": "degenerate", "A": [0, 10, 0, 11, 18, 46, 146, 121, 0, 0, 0, 0], "B": [0, 10, 36, 115, 520, 1108, 1712, 2623, 0, 0, 0, 0], "gates": [".cx(0, 2)", ".cx(1, 3)", ".h(4)", ".cx(4, 6)", ".h(0)", ".cx(0, 3)", ".cx(0, 10)", ".cx(4, 8)", ".cx(4, 5)", ".cx(4, 11)", ".cx(4, 7)", ".cx(8, 9)", ".h(0)", ".cx(0, 1)", ".cx(1, 2)", ".cx(0, 4)", ".h(0)", ".cx(0, 3)", ".cx(0, 1)", ".cx(3, 11)", ".cx(2, 11)"]}, {"type": "degenerate", "A": [0, 6, 5, 10, 20, 40, 94, 137, 0, 0, 0, 0], "B": [0, 6, 42, 105, 384, 916, 1636, 2723, 0, 0, 0, 0], "gates": [".cx(1, 3)", ".cx(1, 7)", ".h(1)", ".cx(1, 7)", ".cx(1, 2)", ".cx(0, 1)", ".cx(1, 3)", ".h(0)", ".cx(0, 9)", ".cx(0, 11)", ".cx(0, 6)", ".cx(0, 10)", ".cx(0, 4)", ".cx(1, 8)", ".cx(1, 5)", ".cx(0, 7)", ".h(1)", ".cx(1, 3)", ".cx(1, 5)", ".cx(0, 5)", ".cx(1, 2)", ".h(0)", ".cx(0, 9)", ".cx(0, 2)"]}, {"type": "degenerate", "A": [0, 4, 8, 10, 18, 28, 74, 169, 0, 0, 0, 0], "B": [0, 4, 41, 114, 328, 784, 1586, 2797, 0, 0, 0, 0], "gates": [".h(2)", ".cx(2, 5)", ".cx(2, 4)", ".cx(0, 2)", ".cx(2, 3)", ".cx(1, 2)", ".h(1)", ".cx(1, 10)", ".cx(1, 7)", ".cx(2, 11)", ".cx(1, 9)", ".cx(1, 8)", ".cx(1, 6)", ".h(0)", ".cx(0, 2)", ".cx(1, 11)", ".h(1)", ".cx(1, 3)", ".cx(1, 10)", ".cx(2, 8)"]}, {"type": "degenerate", "A": [0, 5, 4, 16, 18, 32, 98, 127, 0, 0, 0, 0], "B": [0, 5, 46, 90, 352, 842, 1580, 2917, 0, 0, 0, 0], "gates": [".h(2)", ".cx(2, 4)", ".cx(2, 6)", ".cx(1, 2)", ".cx(2, 8)", ".cx(0, 2)", ".h(1)", ".cx(1, 10)", ".cx(1, 7)", ".cx(1, 3)", ".cx(1, 9)", ".cx(1, 11)", ".h(0)", ".cx(0, 5)", ".cx(2, 11)", ".cx(0, 2)", ".h(1)", ".cx(1, 3)", ".cx(3, 8)"]}, {"type": "degenerate", "A": [0, 6, 4, 7, 18, 42, 106, 149, 0, 0, 0, 0], "B": [0, 6, 34, 101, 392, 924, 1660, 2723, 0, 0, 0, 0], "gates": [".cx(1, 4)", ".h(3)", ".cx(3, 4)", ".cx(3, 5)", ".cx(0, 3)", ".h(2)", ".cx(2, 9)", ".h(0)", ".cx(0, 1)", ".cx(1, 8)", ".cx(3, 10)", ".cx(2, 6)", ".cx(2, 7)", ".cx(2, 11)", ".cx(0, 3)", ".cx(6, 10)", ".cx(6, 8)", ".h(1)", ".cx(1, 7)", ".cx(1, 4)"]}, {"type": "degenerate", "A": [0, 5, 0, 12, 16, 52, 96, 155, 0, 0, 0, 0], "B": [0, 5, 35, 55, 376, 810, 1766, 2903, 0, 0, 0, 0], "gates": [".cx(0, 6)", ".cx(1, 3)", ".h(3)", ".cx(3, 5)", ".h(0)", ".cx(0, 1)", ".h(4)", ".cx(4, 6)", ".cx(6, 10)", ".cx(0, 11)", ".cx(3, 7)", ".cx(4, 8)", ".h(2)", ".cx(2, 9)", ".cx(1, 6)", ".cx(2, 10)", ".cx(10, 11)", ".h(1)", ".cx(1, 11)"]}, {"type": "degenerate", "A": [0, 7, 0, 15, 12, 62, 92, 135, 0, 0, 0, 0], "B": [0, 7, 38, 88, 408, 934, 1780, 2697, 0, 0, 0, 0], "gates": [".cx(0, 3)", ".cx(1, 10)", ".h(4)", ".cx(4, 10)", ".h(0)", ".cx(0, 1)", ".cx(4, 5)", ".h(2)", ".cx(2, 3)", ".cx(2, 9)", ".cx(1, 7)", ".cx(3, 11)", ".cx(2, 8)", ".cx(2, 6)", ".cx(4, 11)", ".cx(0, 3)", ".cx(4, 7)", ".h(1)", ".cx(1, 10)"]}, {"type": "degenerate", "A": [0, 6, 4, 7, 18, 42, 106, 149, 0, 0, 0, 0], "B": [0, 6, 34, 101, 392, 924, 1660, 2723, 0, 0, 0, 0], "gates": [".cx(1, 6)", ".h(2)", ".cx(2, 6)", ".cx(2, 8)", ".cx(0, 2)", ".h(3)", ".cx(3, 5)", ".h(0)", ".cx(0, 1)", ".cx(1, 11)", ".cx(2, 7)", ".cx(3, 10)", ".cx(3, 9)", ".cx(3, 4)", ".cx(0, 2)", ".cx(3, 7)", ".cx(4, 11)", ".h(1)", ".cx(1, 6)", ".cx(1, 3)"]}, {"type": "degenerate", "A": [0, 8, 0, 28, 2, 70, 66, 127, 0, 0, 0, 0], "B": [0, 8, 52, 105, 440, 896, 1792, 2635, 0, 0, 0, 0], "gates": [".cx(1, 2)", ".h(2)", ".cx(2, 11)", ".cx(2, 4)", ".cx(0, 2)", ".h(0)", ".cx(0, 1)", ".cx(1, 10)", ".cx(2, 3)", ".cx(0, 6)", ".cx(0, 7)", ".cx(2, 5)", ".cx(0, 9)", ".cx(2, 8)", ".cx(0, 2)", ".h(0)", ".cx(0, 1)", ".cx(0, 8)", ".cx(1, 5)", ".cx(8, 10)", ".cx(2, 3)"]}, {"type": "degenerate", "A": [0, 5, 4, 12, 14, 44, 94, 131, 0, 0, 0, 0], "B": [0, 5, 38, 98, 336, 890, 1612, 2789, 0, 0, 0, 0], "gates": [".cx(1, 2)", ".h(5)", ".cx(5, 7)", ".cx(5, 8)", ".cx(0, 5)", ".cx(5, 9)", ".h(4)", ".cx(4, 10)", ".h(0)", ".cx(0, 2)", ".cx(2, 11)", ".cx(4, 6)", ".h(1)", ".cx(1, 3)", ".cx(1, 5)", ".cx(0, 9)", ".cx(5, 11)", ".cx(1, 2)"]}, {"type": "degenerate", "A": [0, 7, 0, 9, 22, 40, 110, 157, 0, 0, 0, 0], "B": [0, 7, 28, 106, 384, 958, 1784, 2773, 0, 0, 0, 0], "gates": [".h(2)", ".cx(2, 3)", ".cx(0, 2)", ".cx(2, 4)", ".cx(1, 2)", ".cx(2, 8)", ".h(5)", ".cx(5, 10)", ".cx(5, 6)", ".cx(5, 7)", ".cx(5, 9)", ".h(0)", ".cx(0, 11)", ".h(1)", ".cx(1, 2)", ".cx(0, 8)", ".cx(3, 10)", ".cx(1, 10)", ".cx(7, 8)", ".cx(0, 3)"]}, {"type": "degenerate", "A": [0, 11, 0, 38, 4, 50, 68, 137, 0, 0, 0, 0], "B": [0, 11, 62, 160, 520, 942, 1812, 2585, 0, 0, 0, 0], "gates": [".h(2)", ".cx(2, 4)", ".cx(2, 6)", ".cx(1, 2)", ".cx(2, 3)", ".cx(0, 2)", ".h(1)", ".cx(1, 7)", ".cx(1, 5)", ".h(0)", ".cx(0, 11)", ".cx(0, 10)", ".cx(2, 9)", ".cx(0, 8)", ".cx(5, 9)", ".cx(1, 2)", ".cx(0, 4)", ".cx(0, 6)"]}, {"type": "degenerate", "A": [0, 2, 6, 4, 18, 38, 70, 179, 0, 0, 0, 0], "B": [0, 2, 28, 83, 248, 740, 1648, 2879, 0, 0, 0, 0], "gates": [".cx(0, 2)", ".cx(1, 10)", ".h(3)", ".cx(3, 10)", ".cx(3, 6)", ".h(4)", ".cx(4, 7)", ".cx(4, 11)", ".cx(4, 8)", ".cx(4, 5)", ".cx(3, 9)", ".h(0)", ".cx(0, 1)", ".cx(0, 2)", ".cx(2, 7)", ".cx(2, 10)", ".cx(1, 11)", ".h(0)", ".cx(0, 5)", ".cx(9, 11)", ".h(1)", ".cx(1, 3)"]}, {"type": "degenerate", "A": [0, 7, 2, 8, 22, 40, 106, 155, 0, 0, 0, 0], "B": [0, 7, 32, 110, 400, 958, 1744, 2717, 0, 0, 0, 0], "gates": [".h(2)", ".cx(2, 3)", ".cx(1, 2)", ".cx(2, 7)", ".cx(0, 2)", ".h(0)", ".cx(0, 8)", ".cx(0, 11)", ".cx(2, 4)", ".cx(0, 6)", ".cx(0, 9)", ".cx(2, 5)", ".cx(2, 10)", ".cx(0, 1)", ".cx(1, 10)", ".h(0)", ".cx(0, 1)", ".cx(1, 4)", ".cx(1, 5)", ".cx(0, 2)", ".h(2)", ".cx(2, 3)"]}, {"type": "degenerate", "A": [0, 5, 3, 15, 22, 28, 92, 145, 0, 0, 0, 0], "B": [0, 5, 42, 94, 336, 826, 1652, 2941, 0, 0, 0, 0], "gates": [".h(2)", ".cx(2, 6)", ".cx(2, 3)", ".cx(0, 2)", ".cx(2, 9)", ".cx(1, 2)", ".h(0)", ".cx(0, 7)", ".cx(0, 4)", ".h(1)", ".cx(1, 11)", ".cx(1, 10)", ".cx(2, 8)", ".cx(1, 5)", ".cx(0, 8)", ".cx(1, 2)", ".h(1)", ".cx(1, 10)", ".cx(1, 9)"]}, {"type": "degenerate", "A": [0, 8, 2, 15, 20, 24, 120, 159, 0, 0, 0, 0], "B": [0, 8, 38, 127, 448, 936, 1692, 2799, 0, 0, 0, 0], "gates": [".h(2)", ".cx(2, 3)", ".cx(2, 8)", ".cx(1, 2)", ".cx(2, 5)", ".cx(0, 2)", ".h(0)", ".cx(0, 10)", ".h(1)", ".cx(1, 6)", ".cx(1, 9)", ".cx(0, 7)", ".cx(2, 4)", ".cx(7, 11)", ".cx(0, 5)", ".cx(1, 2)", ".h(4)", ".cx(4, 9)", ".cx(4, 5)"]}, {"type": "degenerate", "A": [0, 5, 2, 14, 14, 42, 82, 181, 0, 0, 0, 0], "B": [0, 5, 35, 87, 368, 770, 1758, 2863, 0, 0, 0, 0], "gates": [".cx(1, 10)", ".cx(0, 2)", ".h(2)", ".cx(2, 10)", ".cx(2, 7)", ".h(4)", ".cx(4, 6)", ".cx(4, 5)", ".h(3)", ".cx(3, 9)", ".cx(3, 11)", ".cx(3, 8)", ".h(0)", ".cx(0, 1)", ".cx(4, 10)", ".cx(0, 3)", ".h(0)", ".cx(0, 1)", ".cx(1, 8)"]}, {"type": "degenerate", "A": [0, 5, 4, 16, 16, 34, 88, 137, 0, 0, 0, 0], "B": [0, 5, 42, 106, 328, 850, 1612, 2861, 0, 0, 0, 0], "gates": [".h(2)", ".cx(2, 6)", ".cx(2, 4)", ".cx(0, 2)", ".cx(2, 10)", ".cx(1, 2)", ".h(1)", ".cx(1, 3)", ".cx(1, 11)", ".cx(2, 5)", ".cx(3, 7)", ".cx(1, 8)", ".h(0)", ".cx(0, 9)", ".cx(0, 2)", ".cx(3, 5)", ".h(1)", ".cx(1, 3)", ".cx(3, 10)"]}, {"type": "degenerate", "A": [0, 6, 4, 15, 24, 28, 96, 135, 0, 0, 0, 0], "B": [0, 6, 48, 99, 384, 868, 1632, 2871, 0, 0, 0, 0], "gates": [".cx(1, 2)", ".h(2)", ".cx(2, 8)", ".cx(2, 6)", ".cx(0, 2)", ".h(3)", ".cx(3, 4)", ".h(0)", ".cx(0, 1)", ".cx(0, 5)", ".cx(1, 7)", ".cx(2, 10)", ".cx(3, 11)", ".cx(3, 9)", ".cx(4, 7)", ".h(2)", ".cx(2, 10)", ".h(1)", ".cx(1, 4)"]}, {"type": "non-degenerate", "A": [0, 0, 3, 6, 11, 31, 93, 192, 0, 0, 0, 0], "B": [0, 0, 17, 52, 196, 628, 1614, 3165, 0, 0, 0, 0], "gates": [".cx(1, 5)", ".cx(0, 11)", ".h(4)", ".cx(4, 6)", ".cx(4, 5)", ".h(3)", ".cx(3, 11)", ".cx(3, 10)", ".h(1)", ".cx(1, 3)", ".cx(3, 9)", ".h(0)", ".cx(0, 4)", ".cx(4, 7)", ".cx(5, 10)", ".cx(1, 7)", ".cx(5, 9)", ".cx(3, 8)", ".cx(0, 3)", ".h(0)", ".cx(0, 5)", ".cx(0, 2)", ".cx(1, 2)"]}, {"type": "non-degenerate", "A": [0, 0, 4, 3, 8, 34, 96, 201, 0, 0, 0, 0], "B": [0, 0, 13, 58, 208, 640, 1602, 3093, 0, 0, 0, 0], "gates": [".cx(0, 4)", ".cx(1, 3)", ".h(2)", ".cx(2, 9)", ".cx(2, 3)", ".cx(3, 7)", ".h(1)", ".cx(1, 6)", ".cx(1, 2)", ".cx(2, 4)", ".cx(4, 11)", ".h(0)", ".cx(0, 7)", ".cx(0, 5)", ".h(3)", ".cx(3, 11)", ".cx(7, 8)", ".cx(0, 6)", ".h(0)", ".cx(0, 2)", ".cx(0, 8)", ".cx(3, 10)", ".cx(9, 10)"]}, {"type": "non-degenerate", "A": [0, 0, 5, 6, 12, 32, 78, 189, 0, 0, 0, 0], "B": [0, 0, 22, 63, 192, 632, 1596, 3087, 0, 0, 0, 0], "gates": [".cx(0, 6)", ".h(2)", ".cx(2, 6)", ".cx(2, 10)", ".cx(1, 2)", ".cx(6, 11)", ".h(3)", ".cx(3, 5)", ".cx(3, 9)", ".cx(2, 3)", ".h(0)", ".cx(0, 2)", ".cx(2, 8)", ".h(4)", ".cx(4, 6)", ".cx(4, 8)", ".h(1)", ".cx(1, 9)", ".cx(1, 11)", ".cx(5, 7)", ".cx(2, 7)"]}, {"type": "non-degenerate", "A": [0, 0, 3, 4, 13, 35, 87, 192, 0, 0, 0, 0], "B": [0, 0, 16, 51, 188, 644, 1644, 3123, 0, 0, 0, 0], "gates": [".cx(1, 4)", ".cx(0, 5)", ".h(2)", ".cx(2, 6)", ".cx(2, 3)", ".h(1)", ".cx(1, 2)", ".cx(2, 7)", ".cx(2, 11)", ".cx(0, 2)", ".h(0)", ".cx(0, 4)", ".cx(0, 2)", ".cx(2, 8)", ".cx(4, 6)", ".cx(1, 9)", ".cx(6, 7)", ".h(1)", ".cx(1, 2)", ".cx(1, 10)", ".h(1)", ".cx(1, 4)", ".cx(3, 5)", ".cx(2, 3)"]}, {"type": "non-degenerate", "A": [0, 0, 7, 10, 10, 22, 72, 195, 0, 0, 0, 0], "B": [0, 0, 28, 81, 200, 592, 1536, 3099, 0, 0, 0, 0], "gates": [".cx(1, 6)", ".cx(0, 9)", ".h(3)", ".cx(3, 6)", ".cx(3, 5)", ".h(4)", ".cx(4, 9)", ".cx(4, 11)", ".h(1)", ".cx(1, 4)", ".cx(4, 7)", ".cx(4, 6)", ".cx(6, 10)", ".cx(0, 7)", ".h(0)", ".cx(0, 10)", ".cx(0, 9)", ".cx(0, 8)", ".cx(0, 7)", ".cx(3, 8)", ".cx(1, 5)", ".cx(1, 2)", ".cx(0, 1)"]}, {"type": "non-degenerate", "A": [0, 0, 4, 5, 11, 29, 87, 204, 0, 0, 0, 0], "B": [0, 0, 16, 63, 196, 620, 1620, 3123, 0, 0, 0, 0], "gates": [".cx(0, 5)", ".h(2)", ".cx(2, 9)", ".cx(2, 6)", ".cx(1, 2)", ".cx(2, 5)", ".h(3)", ".cx(3, 11)", ".cx(3, 5)", ".cx(5, 8)", ".h(4)", ".cx(4, 7)", ".cx(4, 8)", ".cx(2, 4)", ".h(1)", ".cx(1, 2)", ".cx(1, 11)", ".h(0)", ".cx(0, 9)", ".cx(0, 10)", ".cx(4, 10)"]}, {"type": "non-degenerate", "A": [0, 0, 3, 5, 12, 30, 90, 201, 0, 0, 0, 0], "B": [0, 0, 15, 56, 192, 624, 1638, 3153, 0, 0, 0, 0], "gates": [".cx(1, 10)", ".h(4)", ".cx(4, 6)", ".cx(4, 10)", ".cx(0, 4)", ".cx(4, 8)", ".h(0)", ".cx(0, 2)", ".cx(0, 11)", ".cx(0, 4)", ".cx(4, 5)", ".h(0)", ".cx(0, 1)", ".cx(1, 4)", ".cx(1, 6)", ".cx(6, 7)", ".h(3)", ".cx(3, 8)", ".cx(3, 7)", ".h(2)", ".cx(2, 9)", ".cx(8, 9)", ".h(1)", ".cx(1, 9)"]}, {"type": "non-degenerate", "A": [0, 0, 3, 5, 11, 33, 93, 192, 0, 0, 0, 0], "B": [0, 0, 16, 51, 196, 636, 1620, 3147, 0, 0, 0, 0], "gates": [".cx(1, 9)", ".h(2)", ".cx(2, 11)", ".cx(2, 9)", ".cx(0, 2)", ".h(0)", ".cx(0, 4)", ".cx(2, 5)", ".cx(0, 6)", ".cx(0, 2)", ".cx(2, 3)", ".h(0)", ".cx(0, 1)", ".cx(1, 5)", ".cx(0, 3)", ".cx(2, 8)", ".cx(5, 7)", ".h(6)", ".cx(6, 8)", ".cx(6, 7)", ".cx(6, 9)", ".h(0)", ".cx(0, 10)", ".cx(7, 10)"]}, {"type": "non-degenerate", "A": [0, 0, 5, 7, 10, 26, 84, 201, 0, 0, 0, 0], "B": [0, 0, 20, 69, 200, 608, 1584, 3123, 0, 0, 0, 0], "gates": [".cx(1, 3)", ".cx(0, 5)", ".h(2)", ".cx(2, 6)", ".cx(2, 7)", ".cx(0, 11)", ".h(0)", ".cx(0, 4)", ".cx(0, 1)", ".cx(1, 2)", ".cx(2, 5)", ".h(3)", ".cx(3, 8)", ".cx(3, 4)", ".cx(4, 9)", ".cx(7, 8)", ".cx(3, 5)", ".h(0)", ".cx(0, 10)", ".cx(0, 9)", ".cx(0, 7)", ".h(0)", ".cx(0, 11)", ".cx(2, 11)"]}, {"type": "non-degenerate", "A": [0, 0, 6, 6, 8, 32, 84, 189, 0, 0, 0, 0], "B": [0, 0, 22, 67, 208, 632, 1548, 3063, 0, 0, 0, 0], "gates": [".cx(1, 7)", ".cx(0, 9)", ".h(2)", ".cx(2, 8)", ".cx(2, 7)", ".cx(7, 11)", ".h(3)", ".cx(3, 5)", ".cx(3, 4)", ".h(0)", ".cx(0, 2)", ".cx(2, 10)", ".cx(5, 8)", ".cx(0, 3)", ".h(1)", ".cx(1, 2)", ".cx(2, 9)", ".cx(2, 11)", ".cx(3, 9)", ".h(0)", ".cx(0, 4)", ".cx(3, 6)", ".cx(4, 6)"]}, {"type": "non-degenerate", "A": [0, 0, 6, 8, 12, 26, 72, 195, 0, 0, 0, 0], "B": [0, 0, 25, 74, 192, 608, 1578, 3093, 0, 0, 0, 0], "gates": [".cx(1, 5)", ".cx(0, 10)", ".h(4)", ".cx(4, 8)", ".cx(4, 5)", ".h(2)", ".cx(2, 7)", ".cx(2, 3)", ".h(1)", ".cx(1, 2)", ".cx(2, 6)", ".cx(0, 2)", ".h(0)", ".cx(0, 4)", ".cx(4, 9)", ".cx(5, 11)", ".cx(2, 8)", ".cx(0, 7)", ".cx(1, 4)", ".cx(4, 11)", ".cx(0, 2)", ".cx(3, 10)", ".cx(8, 10)"]}, {"type": "non-degenerate", "A": [0, 0, 5, 6, 7, 23, 93, 216, 0, 0, 0, 0], "B": [0, 0, 15, 74, 212, 596, 1578, 3129, 0, 0, 0, 0], "gates": [".cx(1, 10)", ".cx(0, 6)", ".h(2)", ".cx(2, 10)", ".cx(2, 5)", ".h(4)", ".cx(4, 7)", ".cx(4, 6)", ".cx(7, 10)", ".cx(10, 11)", ".cx(0, 2)", ".h(0)", ".cx(0, 4)", ".cx(0, 3)", ".cx(4, 9)", ".cx(0, 2)", ".h(0)", ".cx(0, 11)", ".h(1)", ".cx(1, 9)", ".cx(1, 7)", ".cx(2, 8)", ".cx(1, 8)"]}, {"type": "non-degenerate", "A": [0, 0, 7, 10, 8, 22, 78, 195, 0, 0, 0, 0], "B": [0, 0, 27, 80, 208, 592, 1518, 3105, 0, 0, 0, 0], "gates": [".cx(0, 6)", ".cx(1, 10)", ".h(2)", ".cx(2, 6)", ".cx(2, 4)", ".h(3)", ".cx(3, 10)", ".cx(3, 9)", ".cx(6, 11)", ".cx(10, 11)", ".h(1)", ".cx(1, 2)", ".cx(2, 5)", ".h(0)", ".cx(0, 3)", ".cx(3, 7)", ".cx(1, 3)", ".cx(2, 9)", ".cx(0, 4)", ".cx(3, 5)", ".cx(1, 8)", ".cx(0, 8)"]}, {"type": "non-degenerate", "A": [0, 0, 5, 4, 8, 32, 90, 201, 0, 0, 0, 0], "B": [0, 0, 16, 65, 208, 632, 1584, 3075, 0, 0, 0, 0], "gates": [".cx(1, 6)", ".cx(0, 3)", ".h(5)", ".cx(5, 11)", ".cx(5, 6)", ".h(2)", ".cx(2, 3)", ".cx(2, 7)", ".cx(6, 10)", ".cx(0, 6)", ".h(0)", ".cx(0, 5)", ".cx(5, 8)", ".h(1)", ".cx(1, 2)", ".cx(2, 11)", ".cx(2, 8)", ".cx(0, 3)", ".cx(1, 4)", ".cx(3, 4)", ".h(6)", ".cx(6, 9)", ".cx(5, 6)"]}, {"type": "non-degenerate", "A": [0, 0, 2, 3, 9, 37, 97, 200, 0, 0, 0, 0], "B": [0, 0, 9, 52, 188, 652, 1654, 3125, 0, 0, 0, 0], "gates": [".cx(1, 5)", ".cx(0, 6)", ".h(2)", ".cx(2, 5)", ".cx(2, 8)", ".h(4)", ".cx(4, 9)", ".cx(4, 6)", ".cx(5, 7)", ".cx(6, 8)", ".h(1)", ".cx(1, 10)", ".cx(1, 4)", ".h(3)", ".cx(3, 7)", ".cx(3, 11)", ".cx(3, 6)", ".cx(4, 5)", ".cx(8, 11)", ".cx(7, 10)", ".h(0)", ".cx(0, 2)", ".cx(0, 7)"]}, {"type": "non-degenerate", "A": [0, 0, 4, 4, 11, 35, 87, 192, 0, 0, 0, 0], "B": [0, 0, 17, 56, 196, 644, 1614, 3093, 0, 0, 0, 0], "gates": [".cx(1, 5)", ".cx(0, 6)", ".h(2)", ".cx(2, 6)", ".cx(6, 11)", ".cx(2, 8)", ".h(1)", ".cx(1, 2)", ".cx(2, 9)", ".h(0)", ".cx(0, 5)", ".cx(5, 8)", ".cx(1, 4)", ".cx(0, 2)", ".cx(2, 10)", ".cx(2, 11)", ".h(1)", ".cx(1, 2)", ".cx(2, 3)", ".h(0)", ".cx(0, 3)", ".cx(3, 7)", ".cx(5, 7)"]}, {"type": "degenerate", "A": [0, 7, 0, 14, 12, 54, 100, 125, 0, 0, 0, 0], "B": [0, 7, 30, 120, 344, 1014, 1732, 2681, 0, 0, 0, 0], "gates": [".cx(1, 3)", ".cx(0, 2)", ".h(3)", ".cx(3, 4)", ".h(0)", ".cx(0, 1)", ".cx(0, 9)", ".cx(3, 7)", ".cx(3, 10)", ".cx(3, 8)", ".cx(3, 6)", ".cx(0, 11)", ".h(0)", ".cx(0, 5)", ".cx(0, 2)", ".cx(1, 3)", ".cx(0, 9)", ".cx(2, 4)", ".h(2)", ".cx(2, 3)", ".cx(3, 11)"]}, {"type": "degenerate", "A": [0, 4, 1, 10, 18, 28, 100, 185, 0, 0, 0, 0], "B": [0, 4, 23, 92, 296, 784, 1726, 2993, 0, 0, 0, 0], "gates": [".h(2)", ".cx(2, 7)", ".cx(2, 6)", ".cx(0, 2)", ".h(0)", ".cx(0, 1)", ".cx(0, 11)", ".cx(1, 10)", ".cx(2, 9)", ".cx(0, 4)", ".h(3)", ".cx(3, 8)", ".cx(3, 5)", ".cx(1, 9)", ".cx(8, 11)", ".cx(2, 4)", ".h(2)", ".cx(2, 10)", ".cx(3, 9)", ".h(0)", ".cx(0, 4)"]}, {"type": "degenerate", "A": [0, 10, 0, 31, 0, 52, 96, 87, 0, 0, 0, 0], "B": [0, 10, 44, 187, 384, 1132, 1656, 2535, 0, 0, 0, 0], "gates": [".cx(1, 2)", ".h(2)", ".cx(2, 4)", ".cx(2, 7)", ".cx(0, 2)", ".h(0)", ".cx(0, 1)", ".cx(0, 8)", ".cx(1, 11)", ".cx(2, 6)", ".cx(0, 3)", ".cx(2, 5)", ".cx(0, 9)", ".cx(0, 10)", ".h(0)", ".cx(0, 1)", ".cx(1, 6)", ".cx(1, 11)", ".cx(1, 2)", ".cx(2, 5)"]}, {"type": "degenerate", "A": [0, 5, 6, 10, 22, 28, 82, 167, 0, 0, 0, 0], "B": [0, 5, 40, 112, 352, 826, 1648, 2801, 0, 0, 0, 0], "gates": [".cx(1, 3)", ".h(2)", ".cx(2, 9)", ".cx(2, 5)", ".cx(0, 2)", ".h(3)", ".cx(3, 7)", ".h(0)", ".cx(0, 1)", ".cx(0, 11)", ".cx(3, 4)", ".cx(2, 6)", ".cx(1, 10)", ".cx(3, 8)", ".cx(3, 6)", ".cx(6, 11)", ".cx(0, 2)", ".h(0)", ".cx(0, 7)"]}, {"type": "degenerate", "A": [0, 6, 4, 16, 22, 42, 62, 159, 0, 0, 0, 0], "B": [0, 6, 50, 97, 392, 812, 1756, 2763, 0, 0, 0, 0], "gates": [".h(2)", ".cx(2, 3)", ".cx(2, 5)", ".cx(0, 2)", ".h(0)", ".cx(0, 1)", ".cx(0, 11)", ".cx(1, 7)", ".cx(2, 4)", ".cx(0, 9)", ".cx(1, 6)", ".cx(2, 10)", ".cx(2, 8)", ".cx(0, 2)", ".h(0)", ".cx(0, 11)", ".cx(0, 9)", ".cx(0, 4)", ".cx(9, 10)", ".cx(4, 8)"]}, {"type": "degenerate", "A": [0, 4, 5, 6, 18, 42, 76, 167, 0, 0, 0, 0], "B": [0, 4, 30, 103, 296, 840, 1684, 2759, 0, 0, 0, 0], "gates": [".h(2)", ".cx(2, 7)", ".cx(1, 2)", ".cx(2, 10)", ".cx(0, 2)", ".h(3)", ".cx(3, 8)", ".h(0)", ".cx(0, 1)", ".cx(0, 11)", ".cx(2, 9)", ".cx(3, 6)", ".cx(3, 4)", ".cx(2, 5)", ".cx(3, 10)", ".cx(1, 4)", ".cx(0, 9)", ".cx(2, 11)", ".cx(4, 5)", ".h(0)", ".cx(0, 2)"]}, {"type": "degenerate", "A": [0, 8, 0, 16, 22, 38, 102, 167, 0, 0, 0, 0], "B": [0, 8, 42, 95, 472, 880, 1820, 2807, 0, 0, 0, 0], "gates": [".h(3)", ".cx(3, 5)", ".cx(3, 4)", ".cx(0, 3)", ".cx(3, 7)", ".cx(1, 3)", ".h(0)", ".cx(0, 1)", ".cx(0, 10)", ".h(2)", ".cx(2, 6)", ".cx(2, 11)", ".cx(6, 9)", ".cx(0, 8)", ".cx(6, 7)", ".cx(3, 8)", ".h(1)", ".cx(1, 3)"]}, {"type": "degenerate", "A": [0, 4, 2, 8, 16, 42, 108, 147, 0, 0, 0, 0], "B": [0, 4, 29, 70, 320, 840, 1650, 2925, 0, 0, 0, 0], "gates": [".h(3)", ".cx(3, 4)", ".cx(1, 3)", ".cx(3, 5)", ".cx(0, 3)", ".cx(3, 6)", ".h(0)", ".cx(0, 11)", ".cx(0, 10)", ".h(2)", ".cx(2, 7)", ".cx(2, 8)", ".cx(8, 9)", ".h(1)", ".cx(1, 3)", ".cx(2, 6)", ".cx(3, 8)", ".h(1)", ".cx(1, 3)", ".h(5)", ".cx(5, 7)"]}, {"type": "degenerate", "A": [0, 7, 5, 16, 24, 38, 90, 105, 0, 0, 0, 0], "B": [0, 7, 56, 106, 408, 950, 1608, 2733, 0, 0, 0, 0], "gates": [".cx(1, 2)", ".cx(0, 1)", ".h(1)", ".cx(1, 10)", ".cx(1, 2)", ".cx(2, 7)", ".cx(1, 8)", ".h(1)", ".cx(1, 11)", ".cx(1, 5)", ".cx(1, 4)", ".cx(1, 3)", ".cx(1, 9)", ".cx(1, 6)", ".h(0)", ".cx(0, 1)", ".cx(5, 7)", ".h(0)", ".cx(0, 5)", ".h(1)", ".cx(1, 2)", ".h(0)", ".cx(0, 9)"]}, {"type": "degenerate", "A": [0, 7, 1, 11, 14, 48, 104, 145, 0, 0, 0, 0], "B": [0, 7, 28, 122, 368, 990, 1736, 2677, 0, 0, 0, 0], "gates": [".h(2)", ".cx(2, 4)", ".cx(2, 10)", ".cx(1, 2)", ".cx(2, 8)", ".cx(0, 2)", ".h(0)", ".cx(0, 6)", ".cx(0, 9)", ".cx(2, 7)", ".cx(0, 5)", ".cx(0, 11)", ".cx(2, 3)", ".cx(0, 1)", ".cx(1, 3)", ".h(0)", ".cx(0, 1)", ".cx(0, 7)", ".h(2)", ".cx(2, 4)", ".cx(2, 10)"]}, {"type": "degenerate", "A": [0, 5, 10, 14, 24, 30, 52, 137, 0, 0, 0, 0], "B": [0, 5, 58, 126, 344, 834, 1564, 2693, 0, 0, 0, 0], "gates": [".cx(1, 2)", ".h(2)", ".cx(2, 7)", ".cx(2, 4)", ".cx(0, 2)", ".h(0)", ".cx(0, 1)", ".cx(0, 9)", ".cx(1, 10)", ".cx(2, 11)", ".cx(0, 6)", ".cx(2, 8)", ".cx(0, 5)", ".cx(2, 3)", ".cx(6, 11)", ".cx(0, 2)", ".h(0)", ".cx(0, 6)", ".cx(0, 3)", ".cx(0, 5)", ".cx(0, 8)", ".cx(8, 9)"]}, {"type": "degenerate", "A": [0, 5, 5, 11, 20, 42, 86, 127, 0, 0, 0, 0], "B": [0, 5, 44, 92, 344, 882, 1616, 2785, 0, 0, 0, 0], "gates": [".cx(1, 3)", ".cx(0, 7)", ".h(3)", ".cx(3, 7)", ".h(0)", ".cx(0, 1)", ".cx(0, 11)", ".cx(3, 5)", ".cx(7, 9)", ".cx(1, 6)", ".h(2)", ".cx(2, 8)", ".cx(2, 4)", ".cx(2, 10)", ".cx(2, 9)", ".cx(2, 6)", ".cx(1, 7)", ".h(1)", ".cx(1, 10)"]}, {"type": "degenerate", "A": [0, 6, 3, 14, 20, 32, 98, 145, 0, 0, 0, 0], "B": [0, 6, 40, 107, 368, 884, 1664, 2839, 0, 0, 0, 0], "gates": [".cx(0, 3)", ".cx(1, 4)", ".h(4)", ".cx(4, 7)", ".h(2)", ".cx(2, 3)", ".h(0)", ".cx(0, 1)", ".cx(2, 10)", ".cx(1, 11)", ".cx(3, 8)", ".cx(4, 6)", ".cx(4, 5)", ".cx(4, 9)", ".cx(0, 8)", ".cx(3, 7)", ".cx(0, 3)", ".h(0)", ".cx(0, 6)"]}, {"type": "degenerate", "A": [0, 5, 3, 11, 17, 37, 91, 158, 0, 0, 0, 0], "B": [0, 5, 32, 106, 324, 862, 1684, 2825, 0, 0, 0, 0], "gates": [".cx(1, 6)", ".h(2)", ".cx(2, 6)", ".cx(2, 8)", ".cx(0, 2)", ".cx(2, 10)", ".h(3)", ".cx(3, 7)", ".cx(3, 4)", ".cx(3, 5)", ".cx(3, 11)", ".cx(2, 9)", ".h(0)", ".cx(0, 2)", ".h(1)", ".cx(1, 10)", ".cx(2, 9)", ".cx(6, 11)", ".cx(1, 7)", ".cx(4, 6)"]}, {"type": "degenerate", "A": [0, 6, 2, 6, 24, 44, 108, 141, 0, 0, 0, 0], "B": [0, 6, 34, 81, 384, 932, 1716, 2787, 0, 0, 0, 0], "gates": [".cx(0, 6)", ".cx(1, 11)", ".h(2)", ".cx(2, 6)", ".cx(6, 11)", ".h(0)", ".cx(0, 5)", ".cx(0, 9)", ".cx(2, 3)", ".cx(0, 4)", ".cx(2, 10)", ".cx(2, 8)", ".cx(2, 7)", ".cx(0, 1)", ".cx(4, 6)", ".h(0)", ".cx(0, 11)", ".cx(0, 4)", ".cx(0, 9)", ".cx(1, 2)", ".cx(0, 2)", ".h(1)", ".cx(1, 4)"]}, {"type": "degenerate", "A": [0, 4, 2, 8, 12, 58, 80, 171, 0, 0, 0, 0], "B": [0, 4, 29, 66, 336, 792, 1762, 2805, 0, 0, 0, 0], "gates": [".cx(1, 3)", ".h(2)", ".cx(2, 7)", ".cx(2, 6)", ".cx(0, 2)", ".h(0)", ".cx(0, 1)", ".cx(1, 11)", ".cx(2, 8)", ".h(3)", ".cx(3, 10)", ".cx(3, 5)", ".h(4)", ".cx(4, 9)", ".cx(0, 2)", ".cx(4, 8)", ".cx(4, 11)", ".h(0)", ".cx(0, 9)"]}, {"type": "degenerate", "A": [0, 6, 4, 8, 18, 46, 106, 131, 0, 0, 0, 0], "B": [0, 6, 38, 93, 392, 940, 1636, 2723, 0, 0, 0, 0], "gates": [".cx(1, 10)", ".cx(0, 6)", ".h(3)", ".cx(3, 6)", ".cx(3, 10)", ".h(2)", ".cx(2, 8)", ".cx(2, 4)", ".cx(2, 5)", ".cx(8, 9)", ".cx(2, 7)", ".cx(2, 11)", ".h(0)", ".cx(0, 1)", ".cx(3, 9)", ".cx(0, 3)", ".h(0)", ".cx(0, 3)", ".cx(1, 2)", ".h(1)", ".cx(1, 10)", ".cx(0, 7)"]}, {"type": "degenerate", "A": [0, 6, 4, 16, 20, 42, 68, 159, 0, 0, 0, 0], "B": [0, 6, 49, 96, 400, 812, 1738, 2769, 0, 0, 0, 0], "gates": [".h(3)", ".cx(3, 4)", ".cx(3, 5)", ".cx(0, 3)", ".h(0)", ".cx(0, 1)", ".cx(1, 11)", ".cx(0, 2)", ".cx(3, 10)", ".cx(1, 9)", ".cx(0, 7)", ".cx(3, 8)", ".cx(3, 6)", ".cx(0, 3)", ".h(0)", ".cx(0, 2)", ".cx(0, 7)", ".cx(2, 10)", ".cx(2, 8)", ".cx(0, 6)"]}, {"type": "degenerate", "A": [0, 7, 1, 12, 20, 42, 102, 141, 0, 0, 0, 0], "B": [0, 7, 34, 112, 376, 966, 1740, 2745, 0, 0, 0, 0], "gates": [".cx(1, 2)", ".h(2)", ".cx(2, 3)", ".h(4)", ".cx(4, 6)", ".cx(4, 9)", ".cx(0, 4)", ".h(0)", ".cx(0, 1)", ".cx(0, 8)", ".cx(4, 7)", ".cx(2, 10)", ".cx(2, 11)", ".cx(2, 5)", ".cx(1, 7)", ".cx(2, 4)", ".cx(4, 8)", ".cx(1, 5)", ".h(1)", ".cx(1, 8)"]}, {"type": "degenerate", "A": [0, 5, 6, 10, 22, 28, 82, 167, 0, 0, 0, 0], "B": [0, 5, 40, 112, 352, 826, 1648, 2801, 0, 0, 0, 0], "gates": [".cx(1, 2)", ".h(3)", ".cx(3, 4)", ".cx(3, 5)", ".cx(0, 3)", ".h(2)", ".cx(2, 6)", ".h(0)", ".cx(0, 1)", ".cx(0, 11)", ".cx(3, 9)", ".cx(2, 10)", ".cx(1, 8)", ".cx(2, 7)", ".cx(2, 9)", ".cx(9, 11)", ".cx(0, 3)", ".h(0)", ".cx(0, 6)"]}, {"type": "degenerate", "A": [0, 7, 0, 14, 4, 66, 92, 153, 0, 0, 0, 0], "B": [0, 7, 28, 110, 392, 950, 1792, 2613, 0, 0, 0, 0], "gates": [".h(2)", ".cx(2, 11)", ".cx(1, 2)", ".cx(2, 6)", ".cx(0, 2)", ".cx(2, 5)", ".h(3)", ".cx(3, 7)", ".cx(3, 9)", ".cx(3, 4)", ".cx(3, 10)", ".h(0)", ".cx(0, 8)", ".cx(0, 1)", ".cx(3, 6)", ".cx(1, 2)", ".cx(2, 3)", ".h(1)", ".cx(1, 2)", ".cx(0, 5)"]}, {"type": "degenerate", "A": [0, 4, 6, 11, 24, 36, 68, 139, 0, 0, 0, 0], "B": [0, 4, 46, 91, 304, 816, 1628, 2839, 0, 0, 0, 0], "gates": [".cx(0, 3)", ".cx(0, 2)", ".h(0)", ".cx(0, 1)", ".cx(0, 2)", ".cx(1, 11)", ".cx(0, 4)", ".cx(0, 3)", ".cx(0, 5)", ".h(0)", ".cx(0, 9)", ".cx(0, 10)", ".cx(0, 6)", ".cx(0, 7)", ".cx(0, 8)", ".cx(0, 11)", ".h(0)", ".cx(0, 1)", ".cx(1, 3)", ".cx(1, 2)", ".h(3)", ".cx(3, 9)", ".h(2)", ".cx(2, 7)"]}, {"type": "degenerate", "A": [0, 6, 3, 14, 16, 40, 70, 193, 0, 0, 0, 0], "B": [0, 6, 36, 115, 384, 804, 1800, 2743, 0, 0, 0, 0], "gates": [".cx(1, 2)", ".cx(0, 8)", ".h(2)", ".cx(2, 7)", ".h(0)", ".cx(0, 1)", ".h(4)", ".cx(4, 8)", ".cx(4, 6)", ".cx(0, 5)", ".cx(2, 3)", ".cx(8, 9)", ".cx(1, 10)", ".cx(4, 11)", ".cx(2, 9)", ".cx(3, 8)", ".cx(4, 10)", ".h(1)", ".cx(1, 4)"]}, {"type": "degenerate", "A": [0, 11, 0, 21, 8, 50, 120, 143, 0, 0, 0, 0], "B": [0, 11, 42, 144, 552, 1054, 1772, 2537, 0, 0, 0, 0], "gates": [".h(2)", ".cx(2, 3)", ".cx(2, 4)", ".cx(1, 2)", ".cx(2, 6)", ".cx(0, 2)", ".cx(2, 5)", ".h(0)", ".cx(0, 11)", ".cx(0, 10)", ".cx(0, 9)", ".cx(0, 7)", ".cx(0, 8)", ".cx(0, 1)", ".cx(0, 6)", ".h(0)", ".cx(0, 1)", ".cx(0, 5)", ".h(2)", ".cx(2, 6)"]}, {"type": "degenerate", "A": [0, 4, 4, 11, 24, 28, 72, 171, 0, 0, 0, 0], "B": [0, 4, 36, 101, 288, 784, 1704, 2907, 0, 0, 0, 0], "gates": [".h(2)", ".cx(2, 3)", ".cx(2, 7)", ".cx(0, 2)", ".h(0)", ".cx(0, 5)", ".cx(0, 1)", ".cx(1, 9)", ".cx(2, 11)", ".cx(1, 6)", ".cx(2, 8)", ".cx(1, 10)", ".cx(2, 4)", ".cx(0, 2)", ".h(0)", ".cx(0, 11)", ".cx(4, 5)", ".cx(0, 8)", ".cx(0, 6)", ".h(4)", ".cx(4, 9)"]}, {"type": "degenerate", "A": [0, 6, 3, 12, 22, 30, 84, 171, 0, 0, 0, 0], "B": [0, 6, 34, 125, 344, 876, 1740, 2787, 0, 0, 0, 0], "gates": [".h(3)", ".cx(3, 5)", ".cx(3, 7)", ".cx(0, 3)", ".cx(3, 11)", ".cx(1, 3)", ".h(0)", ".cx(0, 1)", ".cx(0, 10)", ".h(2)", ".cx(2, 9)", ".cx(2, 6)", ".cx(2, 8)", ".cx(3, 4)", ".cx(8, 11)", ".h(3)", ".cx(3, 4)", ".h(1)", ".cx(1, 9)"]}, {"type": "degenerate", "A": [0, 5, 3, 9, 25, 33, 91, 158, 0, 0, 0, 0], "B": [0, 5, 36, 90, 340, 846, 1708, 2873, 0, 0, 0, 0], "gates": [".h(2)", ".cx(2, 5)", ".cx(2, 3)", ".cx(0, 2)", ".cx(2, 8)", ".cx(1, 2)", ".h(1)", ".cx(1, 11)", ".h(4)", ".cx(4, 6)", ".cx(4, 9)", ".cx(4, 7)", ".cx(2, 10)", ".h(0)", ".cx(0, 2)", ".cx(1, 10)", ".cx(6, 8)", ".cx(2, 9)"]}, {"type": "degenerate", "A": [0, 10, 0, 31, 0, 52, 96, 87, 0, 0, 0, 0], "B": [0, 10, 44, 187, 384, 1132, 1656, 2535, 0, 0, 0, 0], "gates": [".cx(1, 2)", ".h(2)", ".cx(2, 9)", ".cx(2, 5)", ".cx(0, 2)", ".h(0)", ".cx(0, 1)", ".cx(0, 10)", ".cx(1, 11)", ".cx(2, 7)", ".cx(2, 3)", ".cx(0, 8)", ".cx(0, 6)", ".cx(0, 4)", ".h(0)", ".cx(0, 1)", ".cx(1, 7)", ".cx(1, 11)", ".cx(1, 2)", ".cx(2, 3)"]}, {"type": "degenerate", "A": [0, 7, 1, 16, 18, 32, 116, 139, 0, 0, 0, 0], "B": [0, 7, 38, 108, 400, 926, 1676, 2857, 0, 0, 0, 0], "gates": [".cx(1, 2)", ".cx(0, 8)", ".h(2)", ".cx(2, 8)", ".h(0)", ".cx(0, 1)", ".cx(2, 3)", ".cx(0, 9)", ".h(4)", ".cx(4, 10)", ".cx(4, 6)", ".cx(4, 5)", ".cx(4, 7)", ".cx(4, 11)", ".cx(4, 8)", ".cx(8, 9)", ".cx(1, 4)", ".cx(9, 10)", ".h(1)", ".cx(1, 10)"]}, {"type": "degenerate", "A": [0, 11, 0, 20, 20, 46, 108, 137, 0, 0, 0, 0], "B": [0, 11, 50, 128, 552, 1038, 1820, 2585, 0, 0, 0, 0], "gates": [".h(3)", ".cx(3, 5)", ".cx(3, 4)", ".cx(1, 3)", ".cx(3, 7)", ".cx(0, 3)", ".h(0)", ".cx(0, 8)", ".cx(0, 2)", ".cx(3, 9)", ".cx(0, 10)", ".cx(0, 11)", ".cx(2, 6)", ".h(0)", ".cx(0, 1)", ".cx(0, 3)", ".cx(8, 9)", ".cx(2, 7)", ".h(0)", ".cx(0, 7)"]}, {"type": "degenerate", "A": [0, 11, 0, 20, 20, 46, 108, 137, 0, 0, 0, 0], "B": [0, 11, 50, 128, 552, 1038, 1820, 2585, 0, 0, 0, 0], "gates": [".h(2)", ".cx(2, 9)", ".cx(2, 4)", ".cx(1, 2)", ".cx(2, 3)", ".cx(0, 2)", ".h(0)", ".cx(0, 10)", ".cx(0, 5)", ".cx(2, 7)", ".cx(0, 11)", ".cx(0, 6)", ".h(1)", ".cx(1, 8)", ".cx(1, 2)", ".cx(5, 7)", ".h(4)", ".cx(4, 7)", ".cx(0, 9)"]}, {"type": "degenerate", "A": [0, 10, 2, 6, 34, 46, 102, 135, 0, 0, 0, 0], "B": [0, 10, 42, 125, 488, 1108, 1836, 2499, 0, 0, 0, 0], "gates": [".h(2)", ".cx(2, 3)", ".cx(2, 4)", ".cx(1, 2)", ".cx(2, 8)", ".cx(0, 2)", ".h(0)", ".cx(0, 6)", ".cx(0, 9)", ".cx(2, 10)", ".cx(0, 11)", ".cx(0, 7)", ".cx(0, 5)", ".cx(0, 1)", ".h(0)", ".cx(0, 1)", ".cx(0, 3)", ".cx(6, 8)", ".cx(1, 10)", ".h(1)", ".cx(1, 2)"]}, {"type": "degenerate", "A": [0, 6, 2, 5, 26, 50, 94, 137, 0, 0, 0, 0], "B": [0, 6, 34, 85, 360, 956, 1756, 2723, 0, 0, 0, 0], "gates": [".cx(0, 2)", ".h(3)", ".cx(3, 5)", ".cx(1, 3)", ".cx(3, 6)", ".h(0)", ".cx(0, 9)", ".cx(0, 10)", ".cx(3, 4)", ".cx(3, 7)", ".cx(3, 8)", ".cx(0, 11)", ".h(0)", ".cx(0, 1)", ".cx(0, 2)", ".cx(2, 5)", ".cx(0, 11)", ".h(1)", ".cx(1, 3)", ".cx(0, 1)", ".h(0)", ".cx(0, 9)"]}, {"type": "degenerate", "A": [0, 8, 3, 22, 16, 36, 86, 153, 0, 0, 0, 0], "B": [0, 8, 52, 121, 464, 872, 1720, 2739, 0, 0, 0, 0], "gates": [".h(2)", ".cx(2, 5)", ".cx(2, 4)", ".cx(0, 2)", ".cx(2, 9)", ".cx(1, 2)", ".h(0)", ".cx(0, 6)", ".cx(0, 10)", ".h(1)", ".cx(1, 8)", ".cx(1, 7)", ".cx(0, 11)", ".cx(2, 3)", ".cx(7, 9)", ".cx(0, 3)", ".cx(9, 10)", ".cx(0, 2)"]}, {"type": "degenerate", "A": [0, 4, 4, 8, 24, 36, 80, 157, 0, 0, 0, 0], "B": [0, 4, 36, 85, 304, 816, 1688, 2875, 0, 0, 0, 0], "gates": [".cx(1, 8)", ".cx(0, 11)", ".h(2)", ".cx(2, 11)", ".cx(2, 8)", ".h(3)", ".cx(3, 7)", ".h(0)", ".cx(0, 1)", ".cx(1, 5)", ".cx(3, 4)", ".cx(3, 10)", ".cx(3, 9)", ".cx(2, 6)", ".cx(3, 11)", ".cx(2, 5)", ".h(1)", ".cx(1, 8)", ".cx(0, 3)", ".h(0)", ".cx(0, 7)"]}, {"type": "degenerate", "A": [0, 8, 3, 22, 16, 44, 70, 113, 0, 0, 0, 0], "B": [0, 8, 48, 157, 352, 1016, 1696, 2603, 0, 0, 0, 0], "gates": [".cx(0, 9)", ".cx(1, 3)", ".h(3)", ".cx(3, 9)", ".h(0)", ".cx(0, 1)", ".cx(3, 4)", ".cx(0, 8)", ".cx(9, 10)", ".cx(1, 7)", ".h(2)", ".cx(2, 11)", ".cx(2, 5)", ".cx(3, 6)", ".cx(2, 10)", ".cx(5, 9)", ".cx(2, 8)", ".h(1)", ".cx(1, 7)"]}, {"type": "degenerate", "A": [0, 11, 0, 21, 6, 60, 118, 121, 0, 0, 0, 0], "B": [0, 11, 44, 138, 544, 1094, 1752, 2485, 0, 0, 0, 0], "gates": [".cx(0, 2)", ".h(3)", ".cx(3, 6)", ".h(0)", ".cx(0, 7)", ".cx(0, 1)", ".cx(1, 8)", ".cx(3, 10)", ".cx(3, 11)", ".cx(3, 4)", ".cx(3, 9)", ".cx(3, 5)", ".cx(2, 3)", ".cx(0, 2)", ".cx(1, 3)", ".h(0)", ".cx(0, 1)", ".cx(0, 8)", ".cx(0, 11)", ".h(2)", ".cx(2, 11)"]}, {"type": "degenerate", "A": [0, 5, 0, 12, 18, 30, 122, 157, 0, 0, 0, 0], "B": [0, 5, 29, 77, 352, 834, 1682, 3019, 0, 0, 0, 0], "gates": [".h(2)", ".cx(2, 3)", ".cx(1, 2)", ".cx(2, 7)", ".cx(0, 2)", ".h(0)", ".cx(0, 1)", ".cx(0, 6)", ".cx(2, 8)", ".cx(1, 4)", ".h(5)", ".cx(5, 10)", ".cx(5, 9)", ".cx(5, 11)", ".cx(5, 7)", ".cx(2, 4)", ".cx(1, 5)", ".h(1)", ".cx(1, 3)", ".cx(1, 5)"]}, {"type": "degenerate", "A": [0, 7, 4, 8, 20, 34, 116, 157, 0, 0, 0, 0], "B": [0, 7, 36, 110, 440, 934, 1664, 2725, 0, 0, 0, 0], "gates": [".cx(1, 8)", ".h(2)", ".cx(2, 8)", ".cx(2, 4)", ".cx(0, 2)", ".h(3)", ".cx(3, 5)", ".h(0)", ".cx(0, 1)", ".cx(1, 11)", ".cx(2, 9)", ".cx(3, 7)", ".cx(3, 6)", ".cx(3, 10)", ".cx(0, 2)", ".cx(5, 9)", ".h(0)", ".cx(0, 3)", ".cx(3, 8)"]}, {"type": "degenerate", "A": [0, 5, 0, 13, 7, 53, 91, 178, 0, 0, 0, 0], "B": [0, 5, 25, 87, 348, 814, 1782, 2827, 0, 0, 0, 0], "gates": [".h(2)", ".cx(2, 5)", ".cx(1, 2)", ".cx(2, 10)", ".cx(0, 2)", ".h(0)", ".cx(0, 1)", ".cx(0, 11)", ".cx(2, 3)", ".cx(1, 6)", ".h(7)", ".cx(7, 8)", ".cx(7, 9)", ".cx(2, 4)", ".cx(7, 10)", ".cx(2, 6)", ".h(1)", ".cx(1, 3)", ".cx(1, 4)", ".h(2)", ".cx(2, 6)"]}, {"type": "degenerate", "A": [0, 9, 0, 26, 4, 66, 84, 101, 0, 0, 0, 0], "B": [0, 9, 48, 132, 424, 1034, 1736, 2561, 0, 0, 0, 0], "gates": [".h(2)", ".cx(2, 9)", ".cx(2, 4)", ".cx(1, 2)", ".cx(2, 7)", ".cx(0, 2)", ".h(0)", ".cx(0, 8)", ".cx(0, 10)", ".cx(2, 3)", ".cx(0, 11)", ".cx(0, 5)", ".cx(2, 6)", ".cx(0, 1)", ".cx(5, 7)", ".h(0)", ".cx(0, 1)", ".cx(0, 6)", ".cx(0, 2)", ".cx(2, 3)"]}, {"type": "degenerate", "A": [0, 10, 0, 10, 22, 42, 126, 147, 0, 0, 0, 0], "B": [0, 10, 32, 135, 488, 1092, 1800, 2583, 0, 0, 0, 0], "gates": [".h(2)", ".cx(2, 3)", ".cx(1, 2)", ".cx(2, 9)", ".cx(0, 2)", ".h(0)", ".cx(0, 6)", ".cx(0, 10)", ".cx(2, 7)", ".cx(0, 4)", ".cx(0, 5)", ".cx(0, 11)", ".cx(2, 8)", ".cx(0, 1)", ".h(0)", ".cx(0, 1)", ".cx(1, 2)", ".cx(0, 7)", ".cx(4, 8)", ".h(3)", ".cx(3, 7)"]}, {"type": "degenerate", "A": [0, 6, 3, 13, 25, 35, 83, 142, 0, 0, 0, 0], "B": [0, 6, 42, 107, 348, 896, 1712, 2803, 0, 0, 0, 0], "gates": [".cx(0, 8)", ".cx(1, 2)", ".h(4)", ".cx(4, 8)", ".h(2)", ".cx(2, 7)", ".h(0)", ".cx(0, 1)", ".cx(4, 5)", ".cx(0, 6)", ".cx(2, 10)", ".cx(2, 3)", ".cx(4, 11)", ".cx(4, 9)", ".cx(7, 8)", ".cx(1, 3)", ".cx(5, 6)", ".h(0)", ".cx(0, 4)", ".cx(0, 1)"]}, {"type": "degenerate", "A": [0, 8, 8, 16, 16, 44, 72, 149, 0, 0, 0, 0], "B": [0, 8, 58, 131, 496, 904, 1652, 2519, 0, 0, 0, 0], "gates": [".cx(0, 4)", ".cx(1, 2)", ".h(2)", ".cx(2, 4)", ".h(0)", ".cx(0, 1)", ".cx(1, 9)", ".cx(4, 10)", ".cx(0, 11)", ".cx(2, 8)", ".cx(0, 6)", ".cx(2, 5)", ".cx(2, 3)", ".cx(2, 7)", ".cx(1, 2)", ".cx(0, 10)", ".h(0)", ".cx(0, 4)", ".cx(0, 1)", ".cx(0, 9)", ".cx(0, 2)"]}, {"type": "degenerate", "A": [0, 7, 4, 10, 12, 54, 92, 165, 0, 0, 0, 0], "B": [0, 7, 38, 104, 456, 902, 1732, 2601, 0, 0, 0, 0], "gates": [".cx(1, 7)", ".h(3)", ".cx(3, 7)", ".cx(3, 4)", ".cx(0, 3)", ".h(0)", ".cx(0, 1)", ".cx(0, 8)", ".cx(3, 10)", ".h(2)", ".cx(2, 6)", ".cx(6, 9)", ".cx(2, 11)", ".cx(2, 5)", ".cx(1, 3)", ".cx(5, 10)", ".h(1)", ".cx(1, 2)", ".cx(1, 7)"]}, {"type": "degenerate", "A": [0, 6, 0, 28, 0, 58, 64, 127, 0, 0, 0, 0], "B": [0, 6, 41, 124, 304, 876, 1722, 2761, 0, 0, 0, 0], "gates": [".cx(1, 2)", ".h(2)", ".cx(2, 4)", ".cx(2, 3)", ".cx(0, 2)", ".h(0)", ".cx(0, 1)", ".cx(0, 5)", ".cx(1, 9)", ".cx(2, 6)", ".cx(0, 10)", ".cx(2, 11)", ".cx(2, 7)", ".cx(0, 8)", ".cx(0, 2)", ".h(0)", ".cx(0, 11)", ".cx(0, 9)", ".cx(0, 1)", ".cx(1, 6)", ".cx(0, 7)"]}, {"type": "degenerate", "A": [0, 7, 4, 18, 20, 28, 100, 131, 0, 0, 0, 0], "B": [0, 7, 49, 119, 408, 910, 1618, 2807, 0, 0, 0, 0], "gates": [".cx(1, 11)", ".cx(0, 7)", ".h(3)", ".cx(3, 11)", ".cx(3, 7)", ".h(0)", ".cx(0, 1)", ".cx(0, 2)", ".cx(7, 10)", ".cx(0, 5)", ".cx(0, 9)", ".cx(3, 6)", ".cx(3, 8)", ".cx(3, 4)", ".cx(2, 11)", ".h(0)", ".cx(0, 1)", ".cx(1, 10)", ".cx(1, 7)", ".cx(0, 8)"]}, {"type": "degenerate", "A": [0, 5, 3, 10, 18, 38, 96, 153, 0, 0, 0, 0], "B": [0, 5, 33, 97, 336, 866, 1674, 2835, 0, 0, 0, 0], "gates": [".cx(1, 9)", ".h(2)", ".cx(2, 9)", ".cx(2, 3)", ".cx(0, 2)", ".h(0)", ".cx(0, 1)", ".cx(0, 10)", ".cx(2, 5)", ".h(4)", ".cx(4, 11)", ".cx(4, 6)", ".cx(4, 8)", ".cx(4, 7)", ".cx(7, 9)", ".cx(1, 4)", ".h(1)", ".cx(1, 8)", ".cx(1, 3)"]}, {"type": "degenerate", "A": [0, 6, 3, 12, 16, 42, 78, 191, 0, 0, 0, 0], "B": [0, 6, 35, 106, 400, 812, 1790, 2741, 0, 0, 0, 0], "gates": [".cx(0, 10)", ".h(2)", ".cx(2, 7)", ".cx(1, 2)", ".h(0)", ".cx(0, 1)", ".cx(2, 11)", ".h(3)", ".cx(3, 10)", ".cx(3, 5)", ".cx(2, 4)", ".cx(2, 6)", ".cx(3, 9)", ".cx(3, 8)", ".cx(6, 10)", ".cx(0, 2)", ".cx(5, 7)", ".h(0)", ".cx(0, 1)", ".cx(1, 5)", ".cx(1, 10)"]}, {"type": "degenerate", "A": [0, 6, 3, 16, 12, 40, 66, 197, 0, 0, 0, 0], "B": [0, 6, 34, 129, 368, 804, 1796, 2723, 0, 0, 0, 0], "gates": [".cx(1, 3)", ".cx(0, 2)", ".h(2)", ".cx(2, 8)", ".h(3)", ".cx(3, 5)", ".cx(3, 6)", ".cx(2, 10)", ".cx(2, 11)", ".cx(3, 9)", ".cx(2, 4)", ".cx(2, 7)", ".cx(0, 3)", ".h(0)", ".cx(0, 1)", ".cx(0, 3)", ".cx(1, 2)", ".cx(3, 10)", ".h(1)", ".cx(1, 8)", ".cx(0, 8)"]}, {"type": "degenerate", "A": [0, 6, 2, 14, 20, 44, 96, 117, 0, 0, 0, 0], "B": [0, 6, 42, 93, 352, 932, 1668, 2811, 0, 0, 0, 0], "gates": [".h(2)", ".cx(2, 11)", ".cx(2, 3)", ".cx(1, 2)", ".cx(2, 4)", ".cx(0, 2)", ".h(1)", ".cx(1, 8)", ".cx(1, 6)", ".h(0)", ".cx(0, 9)", ".cx(0, 7)", ".cx(2, 5)", ".cx(1, 10)", ".cx(0, 4)", ".h(1)", ".cx(1, 2)", ".cx(1, 5)", ".cx(1, 10)"]}, {"type": "degenerate", "A": [0, 7, 0, 30, 4, 58, 52, 153, 0, 0, 0, 0], "B": [0, 7, 50, 112, 392, 806, 1820, 2745, 0, 0, 0, 0], "gates": [".h(2)", ".cx(2, 3)", ".cx(2, 6)", ".cx(0, 2)", ".h(0)", ".cx(0, 1)", ".cx(1, 5)", ".cx(0, 9)", ".cx(2, 4)", ".cx(0, 7)", ".cx(1, 10)", ".cx(2, 11)", ".cx(2, 8)", ".h(1)", ".cx(1, 11)", ".cx(1, 5)", ".cx(1, 10)", ".cx(0, 2)", ".cx(1, 8)", ".cx(0, 4)"]}, {"type": "degenerate", "A": [0, 4, 8, 10, 18, 28, 74, 169, 0, 0, 0, 0], "B": [0, 4, 41, 114, 328, 784, 1586, 2797, 0, 0, 0, 0], "gates": [".cx(1, 4)", ".h(4)", ".cx(4, 8)", ".cx(4, 5)", ".cx(0, 4)", ".h(2)", ".cx(2, 11)", ".cx(2, 6)", ".cx(2, 3)", ".cx(2, 9)", ".cx(2, 10)", ".cx(4, 7)", ".h(0)", ".cx(0, 1)", ".cx(1, 2)", ".cx(3, 7)", ".cx(0, 4)", ".cx(4, 9)", ".h(1)", ".cx(1, 6)"]}, {"type": "degenerate", "A": [0, 6, 4, 4, 12, 60, 92, 177, 0, 0, 0, 0], "B": [0, 6, 30, 89, 432, 884, 1756, 2595, 0, 0, 0, 0], "gates": [".h(3)", ".cx(3, 4)", ".cx(1, 3)", ".cx(3, 5)", ".cx(0, 3)", ".h(2)", ".cx(2, 8)", ".cx(2, 6)", ".cx(2, 11)", ".cx(3, 9)", ".cx(2, 10)", ".cx(2, 7)", ".h(0)", ".cx(0, 1)", ".cx(1, 9)", ".cx(0, 2)", ".cx(2, 3)", ".h(0)", ".cx(0, 8)", ".cx(0, 4)"]}, {"type": "degenerate", "A": [0, 12, 0, 30, 0, 84, 0, 265, 0, 0, 0, 0], "B": [0, 12, 52, 157, 640, 784, 2248, 2203, 0, 0, 0, 0], "gates": [".cx(0, 3)", ".h(2)", ".cx(2, 5)", ".cx(1, 2)", ".h(3)", ".cx(3, 4)", ".h(0)", ".cx(0, 1)", ".cx(2, 9)", ".cx(3, 8)", ".cx(2, 7)", ".cx(2, 10)", ".cx(3, 6)", ".cx(3, 11)", ".cx(0, 2)", ".h(0)", ".cx(0, 1)", ".cx(1, 7)", ".cx(1, 10)", ".cx(7, 9)"]}, {"type": "degenerate", "A": [0, 8, 4, 15, 16, 48, 88, 151, 0, 0, 0, 0], "B": [0, 8, 48, 113, 480, 920, 1728, 2611, 0, 0, 0, 0], "gates": [".cx(1, 2)", ".cx(0, 2)", ".h(3)", ".cx(3, 4)", ".h(0)", ".cx(0, 11)", ".cx(3, 8)", ".cx(3, 5)", ".cx(3, 9)", ".cx(3, 7)", ".cx(3, 10)", ".cx(0, 6)", ".h(0)", ".cx(0, 1)", ".cx(0, 2)", ".cx(1, 3)", ".h(1)", ".cx(1, 2)", ".cx(2, 10)", ".cx(0, 8)", ".cx(7, 8)"]}, {"type": "degenerate", "A": [0, 10, 1, 6, 34, 46, 108, 135, 0, 0, 0, 0], "B": [0, 10, 40, 119, 488, 1108, 1848, 2535, 0, 0, 0, 0], "gates": [".cx(0, 4)", ".h(3)", ".cx(3, 6)", ".cx(1, 3)", ".cx(3, 4)", ".h(0)", ".cx(0, 8)", ".cx(0, 10)", ".cx(4, 9)", ".cx(0, 7)", ".cx(0, 5)", ".cx(0, 2)", ".cx(3, 11)", ".cx(0, 1)", ".h(0)", ".cx(0, 1)", ".cx(1, 11)", ".cx(2, 3)", ".cx(0, 4)", ".h(3)", ".cx(3, 6)"]}, {"type": "degenerate", "A": [0, 7, 4, 18, 20, 36, 68, 171, 0, 0, 0, 0], "B": [0, 7, 49, 119, 424, 830, 1762, 2727, 0, 0, 0, 0], "gates": [".cx(1, 2)", ".h(2)", ".cx(2, 4)", ".cx(2, 5)", ".cx(0, 2)", ".h(0)", ".cx(0, 1)", ".cx(1, 8)", ".cx(0, 10)", ".cx(2, 9)", ".cx(2, 6)", ".cx(1, 3)", ".cx(2, 7)", ".cx(2, 11)", ".cx(0, 2)", ".h(0)", ".cx(0, 9)", ".cx(9, 10)", ".cx(10, 11)", ".cx(0, 7)", ".cx(0, 6)"]}, {"type": "degenerate", "A": [0, 6, 4, 16, 20, 34, 68, 183, 0, 0, 0, 0], "B": [0, 6, 45, 108, 400, 780, 1762, 2793, 0, 0, 0, 0], "gates": [".h(2)", ".cx(2, 3)", ".cx(2, 7)", ".cx(0, 2)", ".h(0)", ".cx(0, 1)", ".cx(1, 5)", ".cx(0, 9)", ".cx(2, 8)", ".cx(1, 4)", ".cx(0, 11)", ".cx(2, 10)", ".cx(2, 6)", ".cx(6, 9)", ".cx(0, 2)", ".h(0)", ".cx(0, 10)", ".cx(10, 11)", ".cx(0, 8)", ".cx(0, 6)", ".cx(0, 5)"]}, {"type": "degenerate", "A": [0, 5, 3, 15, 18, 32, 96, 141, 0, 0, 0, 0], "B": [0, 5, 40, 96, 336, 842, 1632, 2913, 0, 0, 0, 0], "gates": [".h(2)", ".cx(2, 8)", ".cx(2, 5)", ".cx(0, 2)", ".cx(2, 3)", ".cx(1, 2)", ".h(1)", ".cx(1, 6)", ".cx(1, 9)", ".cx(2, 7)", ".cx(1, 4)", ".cx(1, 10)", ".h(0)", ".cx(0, 11)", ".cx(0, 2)", ".cx(1, 7)", ".h(1)", ".cx(1, 8)", ".cx(1, 5)", ".cx(1, 4)"]}, {"type": "degenerate", "A": [0, 6, 4, 4, 20, 44, 100, 161, 0, 0, 0, 0], "B": [0, 6, 30, 105, 384, 932, 1708, 2675, 0, 0, 0, 0], "gates": [".h(3)", ".cx(3, 5)", ".cx(1, 3)", ".cx(3, 8)", ".cx(0, 3)", ".h(2)", ".cx(2, 11)", ".cx(2, 6)", ".cx(2, 4)", ".cx(3, 10)", ".cx(2, 9)", ".cx(3, 7)", ".h(0)", ".cx(0, 1)", ".cx(1, 3)", ".cx(6, 8)", ".cx(0, 10)", ".cx(2, 10)", ".h(0)", ".cx(0, 6)", ".cx(0, 7)"]}, {"type": "degenerate", "A": [0, 6, 3, 14, 20, 40, 98, 121, 0, 0, 0, 0], "B": [0, 6, 44, 95, 368, 916, 1640, 2815, 0, 0, 0, 0], "gates": [".h(2)", ".cx(2, 4)", ".cx(2, 5)", ".cx(1, 2)", ".cx(2, 6)", ".cx(0, 2)", ".h(1)", ".cx(1, 11)", ".cx(1, 3)", ".h(0)", ".cx(0, 10)", ".cx(0, 8)", ".cx(1, 7)", ".cx(2, 9)", ".cx(3, 9)", ".cx(1, 2)", ".h(1)", ".cx(1, 7)", ".cx(1, 6)"]}, {"type": "degenerate", "A": [0, 6, 5, 1, 24, 44, 90, 171, 0, 0, 0, 0], "B": [0, 6, 30, 109, 384, 932, 1740, 2619, 0, 0, 0, 0], "gates": [".cx(0, 2)", ".h(0)", ".cx(0, 8)", ".cx(0, 1)", ".cx(1, 6)", ".cx(0, 9)", ".cx(0, 11)", ".h(0)", ".cx(0, 10)", ".cx(0, 2)", ".cx(0, 5)", ".cx(0, 7)", ".cx(0, 3)", ".cx(0, 4)", ".cx(2, 6)", ".h(0)", ".cx(0, 2)", ".cx(2, 9)", ".cx(0, 11)", ".h(0)", ".cx(0, 1)", ".cx(1, 7)"]}, {"type": "degenerate", "A": [0, 7, 4, 10, 12, 46, 100, 149, 0, 0, 0, 0], "B": [0, 7, 32, 134, 392, 982, 1672, 2597, 0, 0, 0, 0], "gates": [".h(3)", ".cx(3, 6)", ".cx(1, 3)", ".cx(3, 11)", ".cx(0, 3)", ".cx(3, 4)", ".h(2)", ".cx(2, 10)", ".cx(2, 9)", ".cx(2, 7)", ".cx(2, 5)", ".cx(3, 8)", ".h(0)", ".cx(0, 1)", ".cx(1, 3)", ".cx(2, 11)", ".cx(0, 8)", ".cx(2, 8)", ".h(0)", ".cx(0, 7)", ".cx(3, 4)"]}]