[{"type": "non-degenerate", "A": [1, 0, 0, 0, 0, 10, 80, 244, 545, 840, 968, 876, 454, 78], "B": [1, 0, 0, 0, 0, 97, 308, 916, 2069, 3390, 4148, 3396, 1666, 393], "gates": [".cx(0, 7)", ".h(2)", ".cx(2, 11)", ".cx(2, 7)", ".cx(7, 8)", ".h(1)", ".cx(1, 12)", ".cx(1, 5)", ".h(3)", ".cx(3, 6)", ".cx(3, 9)", ".h(0)", ".cx(0, 4)", ".cx(0, 10)", ".cx(3, 8)", ".cx(8, 10)", ".cx(10, 12)", ".cx(5, 11)", ".cx(0, 3)", ".h(4)", ".cx(4, 7)", ".cx(4, 5)", ".cx(4, 9)", ".h(6)", ".cx(6, 7)", ".cx(6, 11)", ".cx(2, 5)", ".cx(4, 10)", ".h(3)", ".cx(3, 5)", ".h(8)", ".cx(0, 11)", ".cx(8, 12)", ".cx(5, 8)", ".cx(5, 10)", ".h(7)", ".h(4)", ".h(6)", ".h(12)", ".h(8)", ".cx(3, 12)", ".cx(3, 6)", ".h(9)", ".cx(4, 9)"]}, {"type": "degenerate", "A": [1, 0, 0, 0, 3, 0, 144, 0, 1071, 0, 2016, 0, 861, 0], "B": [1, 0, 0, 0, 3, 126, 144, 1368, 1071, 5124, 2016, 5112, 861, 558], "gates": [".cx(0, 5)", ".h(1)", ".cx(1, 10)", ".cx(1, 5)", ".cx(5, 8)", ".h(3)", ".cx(3, 11)", ".cx(3, 9)", ".h(2)", ".cx(2, 12)", ".cx(2, 4)", ".h(0)", ".cx(0, 6)", ".cx(0, 7)", ".cx(4, 10)", ".cx(10, 11)", ".cx(3, 7)", ".cx(0, 12)", ".cx(3, 8)", ".h(4)", ".cx(4, 9)", ".cx(4, 5)", ".cx(5, 6)", ".h(2)", ".cx(2, 3)", ".cx(2, 5)", ".h(0)", ".cx(0, 9)", ".h(8)", ".cx(8, 11)", ".cx(2, 12)", ".cx(0, 10)", ".cx(4, 6)", ".cx(0, 4)", ".cx(5, 12)", ".cx(2, 6)", ".cx(5, 7)", ".cx(8, 9)", ".cx(5, 11)", ".cx(8, 10)", ".cx(3, 12)", ".h(0)", ".h(5)", ".cx(6, 9)", ".cx(6, 9)", ".cx(6, 9)", ".cx(6, 9)", ".cx(6, 9)", ".cx(6, 9)", ".cx(6, 9)", ".cx(6, 9)", ".cx(6, 9)", ".cx(6, 9)", ".cx(6, 9)", ".cx(6, 9)", ".cx(6, 9)", ".cx(6, 9)", ".cx(6, 9)", ".cx(6, 9)", ".cx(6, 9)"]}, {"type": "non-degenerate", "A": [1, 0, 0, 0, 0, 0, 156, 0, 1053, 0, 2028, 0, 858, 0], "B": [1, 0, 0, 0, 0, 117, 156, 1404, 1053, 5070, 2028, 5148, 858, 549], "gates": [".cx(0, 4)", ".h(2)", ".cx(2, 6)", ".cx(2, 4)", ".cx(4, 11)", ".h(1)", ".cx(1, 12)", ".cx(1, 3)", ".h(5)", ".cx(5, 8)", ".cx(5, 7)", ".h(0)", ".cx(0, 9)", ".cx(9, 10)", ".cx(3, 4)", ".cx(4, 8)", ".cx(7, 9)", ".cx(9, 11)", ".cx(0, 3)", ".h(6)", ".cx(6, 7)", ".cx(2, 10)", ".cx(6, 12)", ".h(3)", ".cx(3, 5)", ".cx(10, 12)", ".cx(6, 11)", ".cx(3, 10)", ".h(4)", ".cx(4, 7)", ".h(8)", ".cx(8, 10)", ".cx(3, 6)", ".cx(1, 5)", ".cx(4, 12)", ".h(9)", ".cx(1, 8)", ".cx(9, 11)", ".cx(5, 9)", ".cx(3, 9)", ".h(6)", ".cx(6, 10)", ".cx(5, 6)", ".cx(0, 11)"]}, {"type": "degenerate", "A": [1, 0, 0, 0, 2, 0, 148, 0, 1065, 0, 2020, 0, 860, 0], "B": [1, 0, 0, 0, 2, 123, 148, 1380, 1065, 5106, 2020, 5124, 860, 555], "gates": [".cx(0, 3)", ".h(2)", ".cx(2, 8)", ".cx(2, 3)", ".cx(3, 12)", ".h(5)", ".cx(5, 11)", ".cx(5, 10)", ".h(0)", ".cx(0, 7)", ".cx(0, 6)", ".h(1)", ".cx(1, 4)", ".cx(1, 9)", ".cx(10, 12)", ".cx(1, 6)", ".cx(6, 11)", ".h(4)", ".cx(4, 8)", ".cx(4, 7)", ".cx(8, 9)", ".cx(1, 3)", ".cx(3, 5)", ".h(1)", ".cx(1, 10)", ".h(4)", ".cx(4, 11)", ".cx(7, 12)", ".cx(1, 8)", ".cx(2, 4)", ".h(5)", ".cx(5, 9)", ".cx(5, 7)", ".cx(5, 6)", ".h(6)", ".cx(5, 6)", ".h(3)", ".h(0)", ".cx(3, 4)", ".cx(9, 11)", ".cx(3, 4)", ".cx(6, 10)", ".cx(0, 1)", ".h(2)", ".cx(5, 6)", ".h(4)", ".h(6)", ".h(6)", ".h(6)", ".h(6)", ".h(6)", ".h(6)", ".h(6)", ".h(6)", ".h(6)", ".h(6)", ".h(6)", ".h(6)", ".h(6)", ".h(6)"]}]