[{"type": "non-degenerate", "A": [1, 0, 0, 0, 0, 9, 62, 236, 629, 1222, 1752, 1932, 1522, 697, 130], "B": [1, 0, 0, 0, 0, 68, 273, 912, 2425, 4792, 7194, 7888, 5910, 2724, 581], "gates": [".cx(0, 4)", ".h(1)", ".cx(1, 7)", ".cx(1, 4)", ".cx(4, 6)", ".h(2)", ".cx(2, 8)", ".cx(2, 10)", ".h(3)", ".cx(3, 13)", ".cx(3, 9)", ".h(0)", ".cx(0, 5)", ".cx(0, 11)", ".cx(3, 12)", ".cx(2, 6)", ".cx(1, 3)", ".cx(6, 11)", ".cx(11, 12)", ".h(1)", ".cx(1, 10)", ".cx(1, 13)", ".h(0)", ".cx(0, 8)", ".cx(0, 7)", ".h(2)", ".cx(2, 9)", ".cx(2, 7)", ".cx(10, 11)", ".cx(5, 7)", ".cx(7, 13)", ".cx(9, 10)", ".h(3)", ".cx(3, 9)", ".h(6)", ".cx(6, 10)", ".cx(3, 7)", ".h(1)", ".cx(1, 10)", ".cx(6, 12)", ".cx(8, 11)", ".cx(5, 13)"]}, {"type": "non-degenerate", "A": [1, 0, 0, 0, 0, 7, 72, 228, 605, 1258, 1764, 1892, 1530, 711, 124], "B": [1, 0, 0, 0, 0, 72, 253, 928, 2473, 4720, 7170, 7968, 5894, 2696, 593], "gates": [".cx(0, 9)", ".h(5)", ".cx(5, 7)", ".cx(5, 9)", ".cx(9, 13)", ".h(1)", ".cx(1, 8)", ".cx(1, 4)", ".h(2)", ".cx(2, 3)", ".cx(2, 11)", ".h(0)", ".cx(0, 12)", ".cx(0, 6)", ".cx(1, 10)", ".cx(2, 10)", ".cx(10, 13)", ".h(4)", ".cx(4, 6)", ".cx(6, 11)", ".cx(4, 7)", ".cx(7, 8)", ".h(3)", ".cx(3, 12)", ".cx(3, 9)", ".h(0)", ".cx(0, 1)", ".cx(0, 5)", ".cx(9, 11)", ".cx(3, 8)", ".cx(6, 10)", ".cx(0, 11)", ".h(7)", ".cx(7, 12)", ".h(5)", ".cx(7, 11)", ".cx(0, 5)", ".cx(1, 5)", ".h(1)", ".cx(1, 3)"]}, {"type": "non-degenerate", "A": [1, 0, 0, 0, 0, 9, 62, 236, 629, 1222, 1752, 1932, 1522, 697, 130], "B": [1, 0, 0, 0, 0, 68, 273, 912, 2425, 4792, 7194, 7888, 5910, 2724, 581], "gates": [".cx(0, 11)", ".h(1)", ".cx(1, 4)", ".cx(1, 11)", ".cx(11, 12)", ".h(2)", ".cx(2, 5)", ".cx(2, 10)", ".h(3)", ".cx(3, 7)", ".cx(3, 6)", ".h(0)", ".cx(0, 13)", ".cx(0, 9)", ".cx(2, 8)", ".cx(3, 10)", ".cx(10, 12)", ".h(3)", ".cx(3, 11)", ".cx(11, 13)", ".cx(3, 8)", ".cx(0, 2)", ".cx(4, 7)", ".cx(2, 4)", ".cx(3, 9)", ".h(1)", ".cx(1, 5)", ".cx(1, 9)", ".cx(10, 13)", ".cx(6, 9)", ".h(0)", ".cx(0, 6)", ".cx(0, 13)", ".cx(0, 1)", ".h(2)", ".cx(2, 3)", ".cx(5, 11)", ".h(6)", ".cx(6, 11)"]}, {"type": "non-degenerate", "A": [1, 0, 0, 0, 0, 9, 62, 236, 629, 1222, 1752, 1932, 1522, 697, 130], "B": [1, 0, 0, 0, 0, 68, 273, 912, 2425, 4792, 7194, 7888, 5910, 2724, 581], "gates": [".cx(0, 10)", ".h(1)", ".cx(1, 6)", ".cx(1, 10)", ".cx(10, 12)", ".h(3)", ".cx(3, 11)", ".cx(3, 8)", ".h(2)", ".cx(2, 9)", ".cx(2, 13)", ".h(0)", ".cx(0, 5)", ".cx(0, 4)", ".cx(2, 7)", ".cx(11, 12)", ".cx(12, 13)", ".cx(1, 4)", ".cx(4, 8)", ".h(1)", ".cx(1, 9)", ".cx(9, 10)", ".cx(1, 5)", ".cx(0, 7)", ".cx(7, 11)", ".h(0)", ".cx(0, 3)", ".cx(0, 9)", ".cx(0, 13)", ".cx(4, 9)", ".h(6)", ".cx(6, 8)", ".cx(6, 13)", ".h(0)", ".cx(0, 11)", ".cx(6, 7)", ".cx(0, 13)", ".cx(6, 11)", ".h(2)", ".cx(2, 7)", ".cx(2, 10)", ".cx(0, 8)", ".h(2)", ".cx(2, 11)"]}, {"type": "non-degenerate", "A": [1, 0, 0, 0, 0, 9, 66, 228, 621, 1246, 1752, 1908, 1530, 705, 126], "B": [1, 0, 0, 0, 0, 72, 261, 912, 2457, 4768, 7170, 7920, 5910, 2712, 585], "gates": [".cx(0, 4)", ".h(2)", ".cx(2, 3)", ".cx(2, 5)", ".h(1)", ".cx(1, 12)", ".cx(1, 4)", ".cx(4, 13)", ".h(8)", ".cx(8, 11)", ".cx(8, 10)", ".h(0)", ".cx(0, 6)", ".cx(0, 9)", ".cx(0, 7)", ".cx(2, 4)", ".cx(4, 6)", ".h(2)", ".cx(2, 10)", ".cx(10, 12)", ".cx(2, 9)", ".h(0)", ".cx(0, 3)", ".cx(0, 11)", ".cx(8, 13)", ".cx(6, 8)", ".cx(3, 7)", ".cx(3, 12)", ".h(5)", ".cx(5, 7)", ".cx(5, 12)", ".h(6)", ".cx(6, 11)", ".cx(4, 7)", ".cx(5, 8)", ".h(1)", ".cx(1, 11)", ".h(8)", ".cx(3, 9)", ".cx(8, 12)", ".cx(3, 10)"]}, {"type": "non-degenerate", "A": [1, 0, 0, 0, 0, 8, 63, 240, 625, 1216, 1758, 1936, 1518, 696, 131], "B": [1, 0, 0, 0, 0, 66, 275, 920, 2417, 4780, 7206, 7896, 5902, 2722, 583], "gates": [".cx(0, 7)", ".h(4)", ".cx(4, 9)", ".cx(4, 7)", ".cx(7, 11)", ".h(3)", ".cx(3, 13)", ".cx(3, 6)", ".h(1)", ".cx(1, 2)", ".cx(1, 10)", ".h(0)", ".cx(0, 12)", ".cx(0, 8)", ".cx(3, 5)", ".cx(2, 7)", ".cx(7, 13)", ".h(1)", ".cx(1, 4)", ".cx(4, 12)", ".cx(1, 5)", ".h(6)", ".cx(6, 11)", ".cx(6, 8)", ".cx(0, 10)", ".h(0)", ".cx(0, 3)", ".cx(8, 9)", ".cx(3, 4)", ".cx(5, 11)", ".cx(3, 6)", ".h(4)", ".cx(4, 13)", ".h(5)", ".cx(0, 2)", ".cx(3, 4)", ".cx(5, 13)", ".cx(5, 12)"]}, {"type": "non-degenerate", "A": [1, 0, 0, 0, 0, 9, 62, 236, 629, 1222, 1752, 1932, 1522, 697, 130], "B": [1, 0, 0, 0, 0, 68, 273, 912, 2425, 4792, 7194, 7888, 5910, 2724, 581], "gates": [".cx(0, 5)", ".h(2)", ".cx(2, 3)", ".cx(2, 5)", ".cx(5, 13)", ".h(4)", ".cx(4, 10)", ".cx(4, 8)", ".h(1)", ".cx(1, 6)", ".cx(1, 12)", ".h(0)", ".cx(0, 7)", ".cx(0, 9)", ".cx(10, 11)", ".cx(1, 5)", ".cx(5, 10)", ".h(3)", ".cx(3, 4)", ".cx(3, 6)", ".cx(2, 7)", ".cx(7, 11)", ".cx(4, 9)", ".cx(9, 12)", ".cx(4, 13)", ".h(2)", ".cx(2, 8)", ".cx(5, 9)", ".cx(0, 6)", ".cx(2, 9)", ".h(6)", ".cx(6, 8)", ".cx(6, 9)", ".cx(2, 10)", ".cx(6, 12)", ".h(8)", ".cx(8, 13)", ".h(5)", ".cx(5, 12)", ".cx(6, 10)", ".cx(8, 9)", ".cx(1, 11)"]}, {"type": "non-degenerate", "A": [1, 0, 0, 0, 0, 6, 89, 152, 777, 1044, 1850, 2040, 1286, 854, 93], "B": [1, 0, 0, 0, 0, 78, 215, 1064, 2145, 5172, 6974, 7656, 6398, 2414, 651], "gates": [".cx(0, 7)", ".h(3)", ".cx(3, 9)", ".cx(3, 7)", ".cx(7, 12)", ".h(1)", ".cx(1, 8)", ".cx(1, 6)", ".h(2)", ".cx(2, 5)", ".cx(2, 10)", ".h(0)", ".cx(0, 11)", ".cx(0, 4)", ".cx(2, 13)", ".cx(8, 12)", ".cx(3, 13)", ".h(6)", ".cx(6, 7)", ".cx(7, 10)", ".cx(6, 11)", ".cx(0, 9)", ".cx(1, 2)", ".cx(2, 4)", ".cx(6, 8)", ".h(3)", ".cx(3, 8)", ".h(2)", ".cx(2, 11)", ".cx(3, 10)", ".cx(2, 12)", ".h(0)", ".cx(0, 8)", ".cx(0, 13)", ".cx(3, 11)", ".cx(11, 13)", ".h(1)", ".cx(1, 10)", ".cx(0, 4)"]}, {"type": "non-degenerate", "A": [1, 0, 0, 0, 0, 8, 63, 240, 625, 1216, 1758, 1936, 1518, 696, 131], "B": [1, 0, 0, 0, 0, 66, 275, 920, 2417, 4780, 7206, 7896, 5902, 2722, 583], "gates": [".cx(0, 10)", ".h(3)", ".cx(3, 7)", ".cx(7, 10)", ".cx(10, 11)", ".h(2)", ".cx(2, 8)", ".cx(2, 6)", ".h(1)", ".cx(1, 13)", ".cx(1, 12)", ".h(0)", ".cx(0, 5)", ".cx(0, 4)", ".cx(0, 9)", ".cx(1, 7)", ".cx(7, 9)", ".cx(8, 11)", ".cx(11, 13)", ".h(2)", ".cx(2, 5)", ".cx(2, 10)", ".h(0)", ".cx(0, 12)", ".cx(0, 6)", ".h(1)", ".cx(1, 8)", ".cx(1, 4)", ".cx(6, 9)", ".cx(1, 10)", ".h(7)", ".cx(7, 10)", ".cx(5, 8)", ".h(0)", ".cx(2, 13)", ".cx(0, 12)", ".cx(4, 12)", ".cx(7, 12)", ".h(4)", ".cx(4, 8)"]}, {"type": "non-degenerate", "A": [1, 0, 0, 0, 0, 5, 66, 252, 613, 1198, 1776, 1948, 1506, 693, 134], "B": [1, 0, 0, 0, 0, 60, 281, 944, 2393, 4744, 7242, 7920, 5878, 2716, 589], "gates": [".cx(0, 10)", ".h(4)", ".cx(4, 6)", ".cx(4, 10)", ".cx(10, 11)", ".h(5)", ".cx(5, 7)", ".cx(5, 13)", ".h(1)", ".cx(1, 9)", ".cx(1, 3)", ".h(2)", ".cx(2, 8)", ".cx(2, 12)", ".h(0)", ".cx(0, 7)", ".cx(7, 11)", ".cx(11, 12)", ".cx(0, 3)", ".cx(1, 6)", ".cx(8, 9)", ".cx(6, 13)", ".cx(0, 2)", ".cx(9, 10)", ".h(3)", ".cx(3, 8)", ".cx(3, 4)", ".cx(3, 5)", ".h(2)", ".cx(2, 6)", ".h(7)", ".cx(7, 13)", ".cx(2, 9)", ".cx(5, 9)", ".cx(7, 11)", ".cx(7, 9)", ".h(1)", ".cx(1, 2)", ".cx(3, 13)", ".h(13)", ".cx(11, 13)", ".cx(0, 1)"]}, {"type": "non-degenerate", "A": [1, 0, 0, 0, 0, 9, 58, 244, 637, 1198, 1752, 1956, 1514, 689, 134], "B": [1, 0, 0, 0, 0, 64, 285, 912, 2393, 4816, 7218, 7856, 5910, 2736, 577], "gates": [".cx(0, 8)", ".h(2)", ".cx(2, 5)", ".cx(2, 8)", ".cx(8, 12)", ".h(3)", ".cx(3, 4)", ".cx(3, 6)", ".h(1)", ".cx(1, 11)", ".cx(1, 10)", ".h(0)", ".cx(0, 9)", ".cx(0, 7)", ".cx(3, 13)", ".cx(10, 12)", ".cx(12, 13)", ".h(5)", ".cx(5, 6)", ".cx(5, 10)", ".cx(2, 9)", ".cx(9, 11)", ".cx(6, 7)", ".cx(5, 8)", ".cx(0, 3)", ".h(0)", ".cx(0, 5)", ".cx(0, 12)", ".cx(0, 11)", ".h(1)", ".cx(1, 7)", ".cx(1, 12)", ".cx(4, 11)", ".cx(9, 12)", ".cx(1, 5)", ".h(4)", ".cx(4, 6)", ".h(6)", ".cx(6, 7)"]}, {"type": "non-degenerate", "A": [1, 0, 0, 0, 0, 10, 57, 240, 641, 1204, 1746, 1952, 1518, 690, 133], "B": [1, 0, 0, 0, 0, 66, 283, 904, 2401, 4828, 7206, 7848, 5918, 2738, 575], "gates": [".cx(0, 5)", ".h(2)", ".cx(2, 12)", ".cx(2, 5)", ".cx(5, 9)", ".h(1)", ".cx(1, 6)", ".cx(1, 3)", ".h(0)", ".cx(0, 7)", ".cx(0, 11)", ".cx(1, 10)", ".cx(0, 8)", ".cx(2, 4)", ".cx(1, 13)", ".h(1)", ".cx(1, 9)", ".cx(9, 10)", ".cx(1, 11)", ".h(2)", ".cx(2, 6)", ".cx(6, 7)", ".cx(2, 5)", ".h(4)", ".cx(4, 13)", ".cx(4, 8)", ".cx(12, 13)", ".h(0)", ".cx(0, 12)", ".cx(0, 6)", ".cx(8, 9)", ".cx(6, 11)", ".h(1)", ".cx(1, 2)", ".cx(1, 7)", ".h(3)", ".cx(3, 7)"]}, {"type": "non-degenerate", "A": [1, 0, 0, 0, 0, 5, 90, 156, 773, 1038, 1856, 2044, 1282, 853, 94], "B": [1, 0, 0, 0, 0, 76, 217, 1072, 2137, 5160, 6986, 7664, 6390, 2412, 653], "gates": [".cx(0, 11)", ".h(1)", ".cx(1, 10)", ".cx(1, 11)", ".cx(11, 13)", ".h(2)", ".cx(2, 9)", ".cx(2, 5)", ".h(3)", ".cx(3, 8)", ".cx(3, 12)", ".h(0)", ".cx(0, 6)", ".cx(0, 7)", ".cx(2, 4)", ".cx(8, 9)", ".cx(9, 13)", ".cx(1, 4)", ".cx(3, 7)", ".cx(7, 10)", ".cx(11, 12)", ".h(3)", ".cx(3, 11)", ".cx(3, 6)", ".cx(0, 2)", ".cx(6, 9)", ".h(5)", ".cx(5, 8)", ".cx(5, 10)", ".h(1)", ".cx(1, 6)", ".cx(1, 13)", ".h(0)", ".cx(0, 2)", ".cx(5, 6)", ".cx(3, 13)", ".h(6)", ".cx(6, 9)", ".cx(1, 7)", ".h(4)", ".cx(4, 11)"]}, {"type": "non-degenerate", "A": [1, 0, 0, 0, 0, 7, 60, 252, 629, 1186, 1764, 1964, 1506, 687, 136], "B": [1, 0, 0, 0, 0, 60, 289, 928, 2377, 4792, 7242, 7872, 5894, 2732, 581], "gates": [".cx(0, 7)", ".h(1)", ".cx(1, 5)", ".cx(1, 7)", ".cx(7, 13)", ".h(2)", ".cx(2, 8)", ".cx(2, 9)", ".h(3)", ".cx(3, 10)", ".cx(3, 4)", ".h(0)", ".cx(0, 6)", ".cx(0, 11)", ".cx(2, 12)", ".cx(3, 7)", ".cx(7, 9)", ".h(2)", ".cx(2, 5)", ".cx(5, 11)", ".cx(0, 10)", ".h(6)", ".cx(6, 13)", ".cx(6, 8)", ".cx(2, 3)", ".h(4)", ".cx(4, 5)", ".cx(5, 12)", ".cx(4, 13)", ".cx(8, 11)", ".cx(3, 6)", ".cx(10, 12)", ".h(5)", ".cx(5, 7)", ".h(1)", ".cx(1, 2)", ".cx(5, 11)", ".cx(5, 13)", ".h(8)", ".cx(7, 8)"]}, {"type": "non-degenerate", "A": [1, 0, 0, 0, 0, 8, 87, 144, 785, 1056, 1838, 2032, 1294, 856, 91], "B": [1, 0, 0, 0, 0, 82, 211, 1048, 2161, 5196, 6950, 7640, 6414, 2418, 647], "gates": [".cx(0, 5)", ".h(1)", ".cx(1, 3)", ".cx(1, 5)", ".cx(5, 10)", ".h(2)", ".cx(2, 4)", ".cx(2, 8)", ".h(6)", ".cx(6, 13)", ".cx(6, 7)", ".h(0)", ".cx(0, 11)", ".cx(0, 12)", ".cx(2, 9)", ".cx(7, 8)", ".cx(8, 10)", ".cx(10, 11)", ".h(2)", ".cx(2, 3)", ".cx(3, 13)", ".cx(0, 1)", ".cx(2, 6)", ".cx(7, 12)", ".cx(5, 9)", ".h(5)", ".cx(5, 7)", ".cx(2, 11)", ".h(6)", ".cx(6, 9)", ".cx(6, 13)", ".cx(5, 9)", ".cx(1, 7)", ".h(1)", ".cx(1, 8)", ".cx(1, 7)", ".cx(6, 11)", ".h(4)", ".cx(4, 9)"]}, {"type": "non-degenerate", "A": [1, 0, 0, 0, 0, 9, 62, 236, 629, 1222, 1752, 1932, 1522, 697, 130], "B": [1, 0, 0, 0, 0, 68, 273, 912, 2425, 4792, 7194, 7888, 5910, 2724, 581], "gates": [".cx(0, 5)", ".h(1)", ".cx(1, 2)", ".cx(1, 5)", ".cx(5, 13)", ".h(4)", ".cx(4, 9)", ".cx(4, 8)", ".h(3)", ".cx(3, 7)", ".cx(3, 6)", ".h(0)", ".cx(0, 10)", ".cx(0, 11)", ".cx(3, 12)", ".h(2)", ".cx(2, 7)", ".cx(2, 4)", ".cx(8, 11)", ".cx(7, 13)", ".cx(1, 6)", ".cx(0, 5)", ".cx(5, 12)", ".cx(1, 8)", ".cx(7, 10)", ".cx(4, 5)", ".h(6)", ".cx(6, 9)", ".cx(6, 7)", ".cx(6, 12)", ".h(0)", ".cx(0, 7)", ".cx(0, 4)", ".h(3)", ".cx(3, 5)", ".cx(3, 8)", ".h(4)", ".cx(4, 12)", ".cx(0, 8)"]}, {"type": "non-degenerate", "A": [1, 0, 0, 0, 0, 10, 57, 240, 641, 1204, 1746, 1952, 1518, 690, 133], "B": [1, 0, 0, 0, 0, 66, 283, 904, 2401, 4828, 7206, 7848, 5918, 2738, 575], "gates": [".cx(0, 4)", ".h(3)", ".cx(3, 9)", ".cx(3, 4)", ".cx(4, 6)", ".h(2)", ".cx(2, 12)", ".cx(2, 5)", ".h(1)", ".cx(1, 8)", ".cx(1, 13)", ".h(0)", ".cx(0, 10)", ".cx(0, 11)", ".cx(2, 7)", ".cx(8, 9)", ".cx(9, 12)", ".h(2)", ".cx(2, 6)", ".cx(6, 8)", ".cx(8, 10)", ".cx(0, 4)", ".cx(4, 7)", ".cx(5, 13)", ".cx(5, 11)", ".h(3)", ".cx(3, 5)", ".cx(3, 8)", ".h(0)", ".cx(0, 7)", ".cx(7, 8)", ".cx(0, 9)", ".h(1)", ".cx(1, 13)", ".cx(1, 11)", ".h(2)", ".cx(1, 7)", ".cx(1, 10)", ".cx(5, 10)", ".h(11)", ".cx(5, 11)"]}, {"type": "non-degenerate", "A": [1, 0, 0, 0, 0, 9, 58, 244, 637, 1198, 1752, 1956, 1514, 689, 134], "B": [1, 0, 0, 0, 0, 64, 285, 912, 2393, 4816, 7218, 7856, 5910, 2736, 577], "gates": [".cx(0, 4)", ".h(1)", ".cx(1, 6)", ".cx(1, 4)", ".cx(4, 13)", ".h(2)", ".cx(2, 8)", ".cx(2, 7)", ".h(3)", ".cx(3, 5)", ".cx(3, 11)", ".h(0)", ".cx(0, 9)", ".cx(0, 10)", ".cx(2, 12)", ".cx(11, 12)", ".cx(12, 13)", ".h(2)", ".cx(2, 6)", ".cx(6, 11)", ".cx(2, 10)", ".cx(0, 3)", ".cx(4, 9)", ".h(4)", ".cx(4, 8)", ".cx(4, 6)", ".h(0)", ".cx(0, 12)", ".cx(0, 8)", ".cx(0, 11)", ".cx(2, 8)", ".h(1)", ".cx(1, 7)", ".cx(1, 10)", ".h(3)", ".cx(3, 4)", ".cx(0, 9)", ".cx(0, 10)", ".h(0)", ".h(9)", ".h(7)", ".cx(1, 7)", ".cx(0, 2)"]}, {"type": "non-degenerate", "A": [1, 0, 0, 0, 0, 9, 62, 236, 629, 1222, 1752, 1932, 1522, 697, 130], "B": [1, 0, 0, 0, 0, 68, 273, 912, 2425, 4792, 7194, 7888, 5910, 2724, 581], "gates": [".cx(0, 6)", ".h(3)", ".cx(3, 13)", ".cx(3, 6)", ".cx(6, 10)", ".h(2)", ".cx(2, 11)", ".cx(2, 9)", ".h(1)", ".cx(1, 12)", ".cx(1, 7)", ".h(0)", ".cx(0, 8)", ".cx(0, 4)", ".cx(2, 5)", ".cx(7, 10)", ".cx(10, 11)", ".cx(2, 4)", ".cx(4, 12)", ".cx(3, 9)", ".cx(0, 6)", ".h(2)", ".cx(2, 13)", ".cx(2, 7)", ".cx(7, 8)", ".h(1)", ".cx(1, 5)", ".cx(1, 6)", ".cx(1, 13)", ".h(0)", ".cx(0, 12)", ".h(3)", ".cx(3, 10)", ".h(6)", ".cx(6, 7)", ".cx(7, 9)", ".cx(3, 9)", ".cx(5, 8)"]}, {"type": "non-degenerate", "A": [1, 0, 0, 0, 0, 9, 66, 228, 621, 1246, 1752, 1908, 1530, 705, 126], "B": [1, 0, 0, 0, 0, 72, 261, 912, 2457, 4768, 7170, 7920, 5910, 2712, 585], "gates": [".cx(0, 12)", ".h(3)", ".cx(3, 5)", ".cx(3, 12)", ".cx(12, 13)", ".h(1)", ".cx(1, 7)", ".cx(1, 4)", ".h(2)", ".cx(2, 11)", ".cx(2, 8)", ".h(0)", ".cx(0, 9)", ".cx(9, 10)", ".cx(4, 6)", ".cx(8, 13)", ".cx(3, 6)", ".h(3)", ".cx(3, 4)", ".cx(4, 8)", ".cx(8, 10)", ".cx(0, 7)", ".cx(3, 12)", ".cx(6, 9)", ".cx(0, 11)", ".h(0)", ".cx(0, 5)", ".cx(0, 4)", ".h(1)", ".cx(1, 8)", ".cx(1, 5)", ".cx(5, 10)", ".h(2)", ".cx(2, 4)", ".cx(2, 9)", ".cx(2, 10)", ".h(4)", ".cx(2, 11)", ".cx(5, 11)", ".h(6)", ".cx(6, 9)", ".cx(3, 11)"]}, {"type": "non-degenerate", "A": [1, 0, 0, 0, 0, 7, 60, 252, 629, 1186, 1764, 1964, 1506, 687, 136], "B": [1, 0, 0, 0, 0, 60, 289, 928, 2377, 4792, 7242, 7872, 5894, 2732, 581], "gates": [".cx(0, 4)", ".h(2)", ".cx(2, 10)", ".cx(2, 4)", ".cx(4, 12)", ".h(3)", ".cx(3, 5)", ".cx(3, 13)", ".h(1)", ".cx(1, 9)", ".cx(1, 6)", ".h(0)", ".cx(0, 7)", ".cx(0, 11)", ".cx(3, 8)", ".cx(1, 12)", ".cx(12, 13)", ".h(5)", ".cx(5, 7)", ".cx(5, 6)", ".cx(0, 4)", ".h(8)", ".cx(8, 10)", ".cx(10, 11)", ".cx(8, 9)", ".h(1)", ".cx(1, 10)", ".cx(1, 4)", ".cx(1, 5)", ".cx(7, 13)", ".cx(3, 11)", ".cx(3, 5)", ".cx(6, 10)", ".h(0)", ".cx(0, 8)", ".cx(0, 3)", ".cx(0, 10)", ".cx(0, 6)", ".h(6)", ".cx(0, 6)", ".cx(6, 12)"]}, {"type": "non-degenerate", "A": [1, 0, 0, 0, 0, 8, 87, 144, 785, 1056, 1838, 2032, 1294, 856, 91], "B": [1, 0, 0, 0, 0, 82, 211, 1048, 2161, 5196, 6950, 7640, 6414, 2418, 647], "gates": [".cx(0, 11)", ".h(3)", ".cx(3, 12)", ".cx(3, 11)", ".cx(11, 13)", ".h(2)", ".cx(2, 5)", ".cx(2, 4)", ".h(1)", ".cx(1, 7)", ".cx(1, 8)", ".h(0)", ".cx(0, 10)", ".cx(0, 9)", ".cx(1, 6)", ".cx(2, 6)", ".cx(6, 12)", ".h(1)", ".cx(1, 9)", ".cx(9, 11)", ".cx(0, 5)", ".h(4)", ".cx(4, 10)", ".cx(4, 8)", ".cx(5, 13)", ".h(0)", ".cx(0, 7)", ".cx(0, 3)", ".cx(0, 10)", ".cx(10, 11)", ".h(5)", ".cx(5, 6)", ".cx(1, 6)", ".cx(5, 7)", ".h(8)", ".cx(5, 11)", ".cx(4, 8)", ".h(3)", ".cx(3, 7)", ".h(2)", ".h(10)", ".cx(5, 9)", ".h(13)", ".cx(2, 12)", ".cx(3, 6)", ".cx(2, 13)"]}, {"type": "non-degenerate", "A": [1, 0, 0, 0, 0, 7, 60, 252, 629, 1186, 1764, 1964, 1506, 687, 136], "B": [1, 0, 0, 0, 0, 60, 289, 928, 2377, 4792, 7242, 7872, 5894, 2732, 581], "gates": [".cx(0, 4)", ".h(1)", ".cx(1, 5)", ".cx(1, 4)", ".cx(4, 8)", ".h(6)", ".cx(6, 13)", ".cx(6, 11)", ".h(2)", ".cx(2, 10)", ".cx(2, 12)", ".h(0)", ".cx(0, 9)", ".cx(0, 3)", ".cx(6, 7)", ".cx(2, 8)", ".cx(8, 11)", ".h(2)", ".cx(2, 5)", ".cx(5, 7)", ".cx(2, 3)", ".cx(3, 12)", ".cx(12, 13)", ".cx(6, 9)", ".cx(0, 4)", ".h(1)", ".cx(1, 6)", ".cx(1, 3)", ".cx(3, 11)", ".h(0)", ".cx(0, 10)", ".h(3)", ".cx(3, 8)", ".cx(0, 6)", ".h(5)", ".cx(5, 12)", ".cx(3, 12)", ".cx(0, 4)", ".cx(1, 4)", ".cx(5, 13)"]}, {"type": "non-degenerate", "A": [1, 0, 0, 0, 0, 12, 55, 232, 649, 1216, 1734, 1944, 1526, 692, 131], "B": [1, 0, 0, 0, 0, 70, 279, 888, 2417, 4852, 7182, 7832, 5934, 2742, 571], "gates": [".cx(0, 9)", ".h(1)", ".cx(1, 2)", ".cx(1, 9)", ".cx(9, 13)", ".h(3)", ".cx(3, 11)", ".cx(3, 10)", ".h(4)", ".cx(4, 12)", ".cx(4, 8)", ".h(0)", ".cx(0, 6)", ".cx(0, 5)", ".cx(3, 7)", ".cx(8, 9)", ".cx(9, 11)", ".h(2)", ".cx(2, 7)", ".cx(7, 8)", ".cx(1, 6)", ".cx(6, 10)", ".cx(7, 13)", ".h(0)", ".cx(0, 12)", ".cx(0, 3)", ".cx(5, 8)", ".cx(0, 1)", ".cx(10, 12)", ".cx(0, 8)", ".h(3)", ".cx(3, 13)", ".cx(3, 10)", ".cx(3, 5)", ".h(4)", ".cx(4, 9)", ".h(7)", ".cx(2, 7)", ".cx(4, 5)", ".cx(3, 12)"]}, {"type": "non-degenerate", "A": [1, 0, 0, 0, 0, 7, 60, 252, 629, 1186, 1764, 1964, 1506, 687, 136], "B": [1, 0, 0, 0, 0, 60, 289, 928, 2377, 4792, 7242, 7872, 5894, 2732, 581], "gates": [".cx(0, 7)", ".h(4)", ".cx(4, 12)", ".cx(4, 7)", ".cx(7, 10)", ".h(3)", ".cx(3, 9)", ".cx(3, 5)", ".h(1)", ".cx(1, 11)", ".cx(1, 6)", ".h(0)", ".cx(0, 8)", ".cx(0, 2)", ".cx(5, 13)", ".cx(1, 12)", ".cx(12, 13)", ".h(0)", ".cx(0, 6)", ".cx(0, 3)", ".cx(3, 10)", ".cx(8, 9)", ".cx(10, 11)", ".cx(6, 8)", ".cx(2, 7)", ".h(4)", ".cx(4, 6)", ".cx(4, 5)", ".cx(4, 11)", ".h(5)", ".cx(5, 8)", ".cx(5, 11)", ".h(0)", ".cx(0, 7)", ".cx(5, 13)", ".cx(1, 2)", ".cx(0, 6)", ".cx(6, 12)"]}, {"type": "non-degenerate", "A": [1, 0, 0, 0, 0, 7, 60, 252, 629, 1186, 1764, 1964, 1506, 687, 136], "B": [1, 0, 0, 0, 0, 60, 289, 928, 2377, 4792, 7242, 7872, 5894, 2732, 581], "gates": [".cx(0, 5)", ".h(1)", ".cx(1, 9)", ".cx(1, 5)", ".cx(5, 12)", ".h(3)", ".cx(3, 10)", ".cx(3, 13)", ".h(2)", ".cx(2, 7)", ".cx(2, 8)", ".h(0)", ".cx(0, 4)", ".cx(0, 11)", ".cx(3, 6)", ".cx(7, 12)", ".cx(12, 13)", ".h(2)", ".cx(2, 9)", ".cx(9, 10)", ".cx(1, 4)", ".cx(4, 6)", ".h(1)", ".cx(1, 8)", ".cx(1, 11)", ".h(3)", ".cx(3, 5)", ".cx(3, 11)", ".cx(2, 8)", ".cx(5, 10)", ".cx(1, 13)", ".cx(6, 7)", ".cx(2, 13)", ".h(0)", ".cx(0, 3)", ".cx(0, 6)", ".h(7)", ".cx(7, 11)", ".cx(10, 12)"]}, {"type": "non-degenerate", "A": [1, 0, 0, 0, 0, 11, 56, 236, 645, 1210, 1740, 1948, 1522, 691, 132], "B": [1, 0, 0, 0, 0, 68, 281, 896, 2409, 4840, 7194, 7840, 5926, 2740, 573], "gates": [".cx(0, 8)", ".h(3)", ".cx(3, 6)", ".cx(3, 8)", ".cx(8, 12)", ".h(1)", ".cx(1, 4)", ".cx(1, 10)", ".h(2)", ".cx(2, 7)", ".cx(2, 5)", ".h(0)", ".cx(0, 13)", ".cx(0, 9)", ".cx(1, 11)", ".cx(2, 12)", ".cx(3, 10)", ".h(6)", ".cx(6, 7)", ".cx(7, 13)", ".cx(0, 1)", ".cx(7, 8)", ".cx(8, 11)", ".cx(1, 5)", ".cx(3, 9)", ".h(4)", ".cx(4, 7)", ".cx(4, 9)", ".cx(4, 12)", ".h(1)", ".cx(1, 3)", ".h(2)", ".cx(2, 13)", ".h(0)", ".cx(0, 10)", ".cx(2, 8)", ".cx(0, 13)", ".cx(2, 9)"]}, {"type": "non-degenerate", "A": [1, 0, 0, 0, 0, 6, 61, 256, 625, 1180, 1770, 1968, 1502, 686, 137], "B": [1, 0, 0, 0, 0, 58, 291, 936, 2369, 4780, 7254, 7880, 5886, 2730, 583], "gates": [".cx(0, 9)", ".h(1)", ".cx(1, 6)", ".cx(1, 9)", ".cx(9, 13)", ".h(3)", ".cx(3, 8)", ".cx(3, 7)", ".h(2)", ".cx(2, 4)", ".cx(2, 5)", ".h(0)", ".cx(0, 10)", ".cx(0, 11)", ".cx(3, 12)", ".cx(5, 9)", ".cx(9, 12)", ".h(1)", ".cx(1, 3)", ".cx(3, 5)", ".cx(6, 11)", ".cx(0, 7)", ".cx(1, 2)", ".cx(4, 10)", ".cx(8, 13)", ".h(4)", ".cx(4, 8)", ".cx(4, 11)", ".h(0)", ".cx(0, 1)", ".cx(0, 13)", ".h(5)", ".cx(5, 10)", ".cx(11, 12)", ".h(8)", ".cx(8, 13)", ".h(9)", ".cx(8, 10)", ".cx(8, 12)", ".cx(5, 12)", ".cx(1, 10)", ".cx(1, 9)"]}, {"type": "non-degenerate", "A": [1, 0, 0, 0, 0, 10, 61, 232, 633, 1228, 1746, 1928, 1526, 698, 129], "B": [1, 0, 0, 0, 0, 70, 271, 904, 2433, 4804, 7182, 7880, 5918, 2726, 579], "gates": [".cx(0, 6)", ".h(2)", ".cx(2, 3)", ".cx(2, 6)", ".cx(6, 12)", ".h(4)", ".cx(4, 13)", ".cx(4, 9)", ".h(1)", ".cx(1, 8)", ".cx(1, 5)", ".h(0)", ".cx(0, 11)", ".cx(0, 10)", ".cx(1, 7)", ".cx(9, 12)", ".cx(3, 7)", ".h(5)", ".cx(5, 6)", ".cx(6, 13)", ".cx(5, 10)", ".cx(0, 8)", ".cx(7, 9)", ".cx(4, 11)", ".cx(0, 2)", ".h(3)", ".cx(3, 8)", ".cx(3, 12)", ".cx(3, 4)", ".h(4)", ".cx(4, 10)", ".cx(4, 7)", ".h(1)", ".cx(1, 11)", ".h(0)", ".cx(0, 5)", ".cx(5, 9)", ".cx(4, 13)", ".cx(1, 4)"]}, {"type": "non-degenerate", "A": [1, 0, 0, 0, 0, 9, 58, 244, 637, 1198, 1752, 1956, 1514, 689, 134], "B": [1, 0, 0, 0, 0, 64, 285, 912, 2393, 4816, 7218, 7856, 5910, 2736, 577], "gates": [".cx(0, 8)", ".h(1)", ".cx(1, 6)", ".cx(1, 8)", ".cx(8, 9)", ".h(2)", ".cx(2, 5)", ".cx(2, 3)", ".h(4)", ".cx(4, 7)", ".cx(4, 13)", ".h(0)", ".cx(0, 11)", ".cx(0, 12)", ".cx(7, 10)", ".h(4)", ".cx(4, 8)", ".cx(8, 12)", ".cx(0, 2)", ".cx(2, 9)", ".cx(8, 13)", ".cx(4, 11)", ".cx(1, 3)", ".cx(3, 10)", ".cx(0, 6)", ".h(0)", ".cx(0, 1)", ".h(6)", ".cx(6, 7)", ".cx(7, 9)", ".cx(0, 13)", ".cx(6, 11)", ".h(5)", ".cx(5, 10)", ".cx(7, 12)", ".cx(5, 11)", ".cx(5, 9)", ".h(1)", ".h(9)", ".cx(9, 13)", ".cx(1, 3)"]}, {"type": "non-degenerate", "A": [1, 0, 0, 0, 0, 7, 72, 212, 653, 1242, 1684, 1972, 1546, 663, 140], "B": [1, 0, 0, 0, 0, 64, 293, 864, 2473, 4832, 7058, 7968, 5958, 2656, 601], "gates": [".cx(0, 4)", ".h(2)", ".cx(2, 11)", ".cx(2, 4)", ".cx(4, 9)", ".h(3)", ".cx(3, 10)", ".cx(3, 8)", ".h(1)", ".cx(1, 5)", ".cx(1, 7)", ".h(0)", ".cx(0, 6)", ".cx(0, 13)", ".cx(1, 12)", ".cx(0, 1)", ".cx(1, 11)", ".cx(4, 8)", ".cx(8, 12)", ".cx(8, 13)", ".h(3)", ".cx(3, 4)", ".cx(3, 5)", ".cx(5, 9)", ".cx(2, 6)", ".h(2)", ".cx(2, 7)", ".cx(2, 13)", ".cx(4, 13)", ".h(5)", ".cx(5, 11)", ".cx(5, 12)", ".h(7)", ".cx(7, 9)", ".h(0)", ".cx(0, 10)", ".cx(7, 10)", ".cx(7, 11)", ".cx(2, 12)"]}, {"type": "non-degenerate", "A": [1, 0, 0, 0, 0, 7, 64, 244, 621, 1210, 1764, 1940, 1514, 695, 132], "B": [1, 0, 0, 0, 0, 64, 277, 928, 2409, 4768, 7218, 7904, 5894, 2720, 585], "gates": [".cx(0, 7)", ".h(3)", ".cx(3, 6)", ".cx(3, 7)", ".cx(7, 8)", ".h(1)", ".cx(1, 4)", ".cx(1, 13)", ".h(2)", ".cx(2, 5)", ".cx(2, 10)", ".h(0)", ".cx(0, 11)", ".cx(0, 9)", ".cx(2, 12)", ".cx(4, 6)", ".cx(6, 12)", ".h(2)", ".cx(2, 8)", ".cx(2, 9)", ".cx(0, 1)", ".cx(8, 10)", ".cx(10, 11)", ".cx(5, 13)", ".cx(0, 7)", ".h(3)", ".cx(3, 5)", ".cx(3, 9)", ".h(4)", ".cx(4, 7)", ".cx(4, 11)", ".cx(4, 12)", ".h(0)", ".cx(0, 2)", ".cx(0, 5)", ".cx(2, 4)"]}, {"type": "non-degenerate", "A": [1, 0, 0, 0, 0, 11, 60, 228, 637, 1234, 1740, 1924, 1530, 699, 128], "B": [1, 0, 0, 0, 0, 72, 269, 896, 2441, 4816, 7170, 7872, 5926, 2728, 577], "gates": [".cx(0, 5)", ".h(3)", ".cx(3, 8)", ".cx(3, 5)", ".cx(5, 13)", ".h(2)", ".cx(2, 4)", ".cx(2, 9)", ".h(1)", ".cx(1, 11)", ".cx(1, 6)", ".h(0)", ".cx(0, 10)", ".cx(0, 7)", ".cx(3, 12)", ".cx(2, 13)", ".cx(7, 8)", ".h(4)", ".cx(4, 12)", ".cx(4, 10)", ".cx(5, 6)", ".h(5)", ".cx(5, 9)", ".cx(9, 11)", ".cx(1, 7)", ".cx(5, 8)", ".h(1)", ".cx(1, 4)", ".cx(1, 5)", ".cx(10, 13)", ".cx(11, 12)", ".h(0)", ".cx(0, 2)", ".h(7)", ".cx(7, 11)", ".h(6)", ".cx(0, 6)", ".cx(5, 13)"]}, {"type": "non-degenerate", "A": [1, 0, 0, 0, 0, 8, 59, 248, 633, 1192, 1758, 1960, 1510, 688, 135], "B": [1, 0, 0, 0, 0, 62, 287, 920, 2385, 4804, 7230, 7864, 5902, 2734, 579], "gates": [".cx(0, 9)", ".h(2)", ".cx(2, 4)", ".cx(2, 9)", ".cx(9, 12)", ".h(3)", ".cx(3, 5)", ".cx(3, 6)", ".h(1)", ".cx(1, 13)", ".cx(1, 8)", ".h(0)", ".cx(0, 10)", ".cx(0, 7)", ".cx(3, 11)", ".cx(1, 12)", ".cx(4, 11)", ".h(3)", ".cx(3, 9)", ".cx(9, 10)", ".cx(10, 13)", ".h(4)", ".cx(4, 7)", ".cx(4, 6)", ".cx(0, 1)", ".cx(11, 13)", ".h(0)", ".cx(0, 2)", ".cx(3, 4)", ".cx(2, 10)", ".cx(2, 6)", ".cx(1, 6)", ".h(1)", ".cx(1, 12)", ".cx(4, 11)", ".h(2)", ".cx(1, 4)", ".h(9)", ".h(8)", ".cx(9, 11)", ".cx(3, 6)", ".cx(4, 8)"]}, {"type": "non-degenerate", "A": [1, 0, 0, 0, 0, 9, 58, 244, 637, 1198, 1752, 1956, 1514, 689, 134], "B": [1, 0, 0, 0, 0, 64, 285, 912, 2393, 4816, 7218, 7856, 5910, 2736, 577], "gates": [".cx(0, 6)", ".h(2)", ".cx(2, 13)", ".cx(2, 6)", ".cx(6, 9)", ".h(4)", ".cx(4, 7)", ".cx(4, 5)", ".h(3)", ".cx(3, 11)", ".cx(3, 12)", ".h(1)", ".cx(1, 10)", ".cx(1, 8)", ".h(0)", ".cx(0, 5)", ".cx(5, 6)", ".cx(6, 10)", ".cx(0, 12)", ".cx(11, 13)", ".cx(10, 11)", ".h(1)", ".cx(1, 9)", ".cx(1, 7)", ".h(0)", ".cx(0, 1)", ".cx(7, 13)", ".cx(0, 10)", ".cx(1, 6)", ".cx(1, 12)", ".h(3)", ".cx(3, 5)", ".h(2)", ".cx(2, 7)", ".cx(0, 8)", ".cx(2, 6)", ".cx(3, 11)", ".cx(2, 9)", ".cx(3, 7)", ".cx(3, 13)", ".cx(0, 13)", ".h(8)", ".cx(1, 3)"]}, {"type": "non-degenerate", "A": [1, 0, 0, 0, 0, 6, 89, 152, 777, 1044, 1850, 2040, 1286, 854, 93], "B": [1, 0, 0, 0, 0, 78, 215, 1064, 2145, 5172, 6974, 7656, 6398, 2414, 651], "gates": [".cx(0, 6)", ".h(1)", ".cx(1, 7)", ".cx(1, 6)", ".cx(6, 8)", ".h(2)", ".cx(2, 4)", ".cx(2, 11)", ".h(3)", ".cx(3, 9)", ".cx(3, 12)", ".h(0)", ".cx(0, 10)", ".cx(0, 13)", ".cx(2, 5)", ".cx(3, 4)", ".cx(4, 7)", ".cx(7, 10)", ".cx(10, 12)", ".h(5)", ".cx(5, 6)", ".cx(5, 9)", ".cx(6, 13)", ".cx(0, 11)", ".cx(3, 8)", ".h(3)", ".cx(3, 6)", ".cx(6, 7)", ".cx(3, 11)", ".h(0)", ".cx(0, 9)", ".cx(0, 11)", ".h(4)", ".cx(4, 10)", ".h(6)", ".cx(6, 12)", ".cx(9, 10)"]}, {"type": "non-degenerate", "A": [1, 0, 0, 0, 0, 10, 65, 224, 625, 1252, 1746, 1904, 1534, 706, 125], "B": [1, 0, 0, 0, 0, 74, 259, 904, 2465, 4780, 7158, 7912, 5918, 2714, 583], "gates": [".cx(0, 11)", ".h(3)", ".cx(3, 6)", ".cx(3, 11)", ".h(4)", ".cx(4, 8)", ".cx(4, 10)", ".h(1)", ".cx(1, 13)", ".cx(1, 5)", ".h(2)", ".cx(2, 7)", ".cx(2, 12)", ".h(0)", ".cx(0, 9)", ".cx(11, 12)", ".cx(0, 4)", ".cx(12, 13)", ".cx(4, 11)", ".cx(0, 1)", ".cx(1, 6)", ".cx(3, 9)", ".cx(7, 10)", ".cx(5, 7)", ".h(3)", ".cx(3, 5)", ".cx(3, 8)", ".cx(8, 12)", ".h(5)", ".cx(5, 10)", ".h(4)", ".cx(4, 7)", ".cx(3, 13)", ".cx(5, 6)", ".h(1)", ".cx(1, 3)", ".h(7)", ".h(2)", ".h(8)", ".cx(4, 12)", ".cx(8, 12)", ".h(12)", ".cx(1, 4)", ".cx(1, 2)", ".h(8)", ".cx(8, 12)"]}, {"type": "non-degenerate", "A": [1, 0, 0, 0, 0, 6, 89, 152, 777, 1044, 1850, 2040, 1286, 854, 93], "B": [1, 0, 0, 0, 0, 78, 215, 1064, 2145, 5172, 6974, 7656, 6398, 2414, 651], "gates": [".cx(0, 4)", ".h(3)", ".cx(3, 11)", ".cx(3, 4)", ".cx(4, 13)", ".h(2)", ".cx(2, 12)", ".cx(2, 5)", ".h(1)", ".cx(1, 9)", ".cx(1, 6)", ".h(0)", ".cx(0, 8)", ".cx(0, 7)", ".cx(1, 10)", ".cx(2, 6)", ".cx(6, 13)", ".h(3)", ".cx(3, 9)", ".cx(3, 12)", ".cx(6, 8)", ".h(5)", ".cx(5, 7)", ".cx(7, 11)", ".cx(4, 10)", ".cx(5, 6)", ".cx(2, 7)", ".cx(11, 12)", ".h(1)", ".cx(1, 13)", ".cx(1, 12)", ".h(7)", ".cx(7, 10)", ".h(0)", ".cx(0, 5)", ".cx(1, 5)", ".cx(7, 11)", ".cx(3, 5)"]}, {"type": "non-degenerate", "A": [1, 0, 0, 0, 0, 7, 64, 244, 621, 1210, 1764, 1940, 1514, 695, 132], "B": [1, 0, 0, 0, 0, 64, 277, 928, 2409, 4768, 7218, 7904, 5894, 2720, 585], "gates": [".cx(0, 5)", ".h(4)", ".cx(4, 6)", ".cx(4, 5)", ".cx(5, 8)", ".h(1)", ".cx(1, 13)", ".cx(1, 7)", ".h(2)", ".cx(2, 9)", ".cx(2, 10)", ".h(0)", ".cx(0, 11)", ".cx(0, 3)", ".cx(7, 12)", ".cx(2, 8)", ".cx(8, 13)", ".h(5)", ".cx(5, 7)", ".cx(7, 11)", ".cx(5, 9)", ".cx(4, 12)", ".cx(0, 4)", ".cx(4, 10)", ".cx(2, 3)", ".h(2)", ".cx(2, 8)", ".cx(2, 7)", ".cx(2, 6)", ".h(6)", ".cx(6, 11)", ".cx(6, 13)", ".h(4)", ".cx(4, 5)", ".h(3)", ".cx(3, 11)", ".cx(4, 12)", ".cx(3, 7)", ".cx(5, 8)"]}, {"type": "non-degenerate", "A": [1, 0, 0, 0, 0, 8, 67, 232, 617, 1240, 1758, 1912, 1526, 704, 127], "B": [1, 0, 0, 0, 0, 70, 263, 920, 2449, 4756, 7182, 7928, 5902, 2710, 587], "gates": [".cx(0, 4)", ".h(2)", ".cx(2, 9)", ".cx(2, 4)", ".cx(4, 8)", ".h(5)", ".cx(5, 7)", ".cx(5, 10)", ".h(1)", ".cx(1, 6)", ".cx(1, 12)", ".h(0)", ".cx(0, 13)", ".cx(0, 3)", ".cx(0, 11)", ".cx(6, 9)", ".cx(9, 11)", ".h(3)", ".cx(3, 6)", ".cx(3, 8)", ".cx(6, 10)", ".cx(10, 13)", ".cx(4, 7)", ".cx(0, 4)", ".cx(7, 12)", ".h(1)", ".cx(1, 10)", ".cx(1, 2)", ".cx(3, 9)", ".cx(1, 11)", ".h(0)", ".cx(0, 5)", ".h(8)", ".cx(8, 13)", ".cx(0, 12)", ".h(7)", ".cx(7, 13)", ".cx(7, 9)", ".cx(0, 11)"]}, {"type": "non-degenerate", "A": [1, 0, 0, 0, 0, 9, 66, 228, 621, 1246, 1752, 1908, 1530, 705, 126], "B": [1, 0, 0, 0, 0, 72, 261, 912, 2457, 4768, 7170, 7920, 5910, 2712, 585], "gates": [".cx(0, 11)", ".h(4)", ".cx(4, 8)", ".cx(4, 11)", ".cx(11, 12)", ".h(1)", ".cx(1, 6)", ".cx(1, 3)", ".h(2)", ".cx(2, 13)", ".cx(2, 5)", ".h(0)", ".cx(0, 9)", ".cx(0, 7)", ".cx(2, 10)", ".cx(6, 8)", ".cx(11, 13)", ".h(3)", ".cx(3, 4)", ".cx(4, 9)", ".cx(9, 10)", ".cx(3, 5)", ".cx(5, 6)", ".cx(6, 11)", ".cx(1, 7)", ".h(5)", ".cx(5, 12)", ".cx(5, 9)", ".h(2)", ".cx(2, 7)", ".cx(7, 12)", ".cx(5, 13)", ".h(0)", ".cx(0, 3)", ".cx(0, 1)", ".cx(0, 12)", ".cx(1, 10)", ".cx(2, 8)", ".h(6)", ".h(8)", ".cx(0, 13)", ".cx(0, 8)"]}, {"type": "non-degenerate", "A": [1, 0, 0, 0, 0, 11, 60, 228, 637, 1234, 1740, 1924, 1530, 699, 128], "B": [1, 0, 0, 0, 0, 72, 269, 896, 2441, 4816, 7170, 7872, 5926, 2728, 577], "gates": [".cx(0, 6)", ".h(2)", ".cx(2, 11)", ".cx(2, 6)", ".cx(6, 10)", ".h(1)", ".cx(1, 8)", ".cx(1, 9)", ".h(3)", ".cx(3, 7)", ".cx(3, 5)", ".h(0)", ".cx(0, 12)", ".cx(12, 13)", ".cx(1, 4)", ".cx(7, 8)", ".cx(8, 11)", ".h(3)", ".cx(3, 6)", ".cx(6, 9)", ".cx(3, 12)", ".cx(0, 1)", ".cx(2, 13)", ".cx(1, 10)", ".cx(6, 7)", ".h(2)", ".cx(2, 4)", ".cx(2, 12)", ".cx(1, 7)", ".h(1)", ".cx(1, 9)", ".cx(1, 11)", ".h(2)", ".cx(2, 5)", ".cx(2, 6)", ".cx(1, 7)", ".h(0)", ".cx(0, 3)", ".h(5)", ".cx(5, 11)"]}, {"type": "non-degenerate", "A": [1, 0, 0, 0, 0, 7, 64, 244, 621, 1210, 1764, 1940, 1514, 695, 132], "B": [1, 0, 0, 0, 0, 64, 277, 928, 2409, 4768, 7218, 7904, 5894, 2720, 585], "gates": [".cx(0, 10)", ".h(2)", ".cx(2, 6)", ".cx(2, 10)", ".cx(10, 13)", ".h(3)", ".cx(3, 7)", ".cx(3, 4)", ".h(1)", ".cx(1, 8)", ".cx(1, 11)", ".h(0)", ".cx(0, 5)", ".cx(0, 9)", ".cx(3, 12)", ".cx(1, 13)", ".cx(0, 4)", ".h(1)", ".cx(1, 5)", ".cx(1, 10)", ".cx(10, 12)", ".h(6)", ".cx(6, 7)", ".cx(2, 9)", ".cx(6, 11)", ".cx(5, 6)", ".cx(7, 10)", ".h(0)", ".cx(0, 8)", ".cx(8, 9)", ".cx(0, 3)", ".h(3)", ".cx(3, 10)", ".h(2)", ".cx(3, 6)", ".cx(2, 5)", ".h(7)", ".cx(0, 1)", ".cx(8, 12)", ".cx(7, 12)"]}, {"type": "non-degenerate", "A": [1, 0, 0, 0, 0, 9, 62, 236, 629, 1222, 1752, 1932, 1522, 697, 130], "B": [1, 0, 0, 0, 0, 68, 273, 912, 2425, 4792, 7194, 7888, 5910, 2724, 581], "gates": [".cx(0, 3)", ".h(1)", ".cx(1, 4)", ".cx(1, 3)", ".cx(3, 11)", ".h(2)", ".cx(2, 8)", ".cx(2, 9)", ".h(5)", ".cx(5, 10)", ".cx(5, 6)", ".h(0)", ".cx(0, 7)", ".cx(0, 13)", ".cx(2, 12)", ".h(2)", ".cx(2, 3)", ".cx(3, 10)", ".cx(6, 7)", ".cx(7, 9)", ".cx(9, 11)", ".cx(2, 13)", ".cx(1, 5)", ".cx(2, 12)", ".cx(0, 4)", ".h(4)", ".cx(4, 6)", ".cx(4, 8)", ".h(1)", ".cx(1, 10)", ".cx(8, 13)", ".cx(1, 9)", ".h(6)", ".cx(6, 12)", ".h(0)", ".cx(0, 2)", ".h(3)", ".cx(3, 13)", ".cx(4, 13)", ".h(7)", ".cx(7, 11)"]}, {"type": "non-degenerate", "A": [1, 0, 0, 0, 0, 6, 65, 248, 617, 1204, 1770, 1944, 1510, 694, 133], "B": [1, 0, 0, 0, 0, 62, 279, 936, 2401, 4756, 7230, 7912, 5886, 2718, 587], "gates": [".cx(0, 5)", ".h(3)", ".cx(3, 9)", ".cx(3, 5)", ".cx(5, 10)", ".h(2)", ".cx(2, 4)", ".cx(2, 13)", ".h(1)", ".cx(1, 7)", ".cx(1, 11)", ".h(0)", ".cx(0, 8)", ".cx(0, 12)", ".cx(1, 6)", ".cx(4, 10)", ".cx(9, 11)", ".h(1)", ".cx(1, 9)", ".cx(1, 4)", ".cx(4, 12)", ".cx(0, 3)", ".cx(7, 8)", ".cx(1, 7)", ".cx(11, 13)", ".h(1)", ".cx(1, 11)", ".cx(1, 10)", ".cx(10, 12)", ".h(0)", ".cx(0, 13)", ".cx(0, 7)", ".h(5)", ".cx(5, 8)", ".cx(4, 8)", ".cx(0, 10)", ".cx(3, 13)", ".h(7)", ".cx(7, 8)"]}, {"type": "non-degenerate", "A": [1, 0, 0, 0, 0, 11, 60, 228, 637, 1234, 1740, 1924, 1530, 699, 128], "B": [1, 0, 0, 0, 0, 72, 269, 896, 2441, 4816, 7170, 7872, 5926, 2728, 577], "gates": [".cx(0, 5)", ".h(3)", ".cx(3, 4)", ".cx(3, 5)", ".cx(5, 10)", ".h(6)", ".cx(6, 9)", ".cx(6, 11)", ".h(1)", ".cx(1, 12)", ".cx(1, 2)", ".h(0)", ".cx(0, 7)", ".cx(0, 8)", ".cx(1, 13)", ".h(2)", ".cx(2, 10)", ".cx(2, 6)", ".cx(6, 7)", ".cx(7, 13)", ".cx(1, 4)", ".cx(4, 11)", ".cx(0, 5)", ".cx(5, 12)", ".cx(2, 8)", ".h(0)", ".cx(0, 9)", ".cx(0, 1)", ".cx(9, 10)", ".h(9)", ".cx(9, 12)", ".h(1)", ".cx(1, 5)", ".h(5)", ".cx(5, 6)", ".cx(1, 13)", ".cx(9, 11)", ".h(4)", ".cx(4, 7)"]}]