[{"type": "non-degenerate", "A": [0, 0, 0, 1, 2, 12, 54, 141, 322, 482, 466, 345, 180, 42], "B": [0, 0, 0, 49, 248, 1032, 3696, 9603, 19168, 29000, 31504, 23499, 10920, 2352], "gates": [".cx(2, 5)", ".cx(0, 8)", ".h(3)", ".cx(3, 8)", ".h(0)", ".cx(0, 6)", ".cx(0, 1)", ".cx(1, 10)", ".cx(3, 5)", ".cx(8, 11)", ".cx(5, 9)", ".cx(0, 13)", ".cx(1, 7)", ".cx(3, 4)", ".cx(0, 12)", ".h(0)", ".cx(0, 2)", ".cx(0, 11)", ".cx(11, 12)", ".h(5)", ".cx(5, 6)", ".cx(5, 9)", ".cx(0, 13)", ".h(3)", ".cx(3, 7)", ".h(0)", ".cx(0, 1)", ".cx(0, 8)", ".cx(3, 5)", ".h(0)", ".cx(0, 4)", ".cx(4, 10)", ".cx(7, 12)", ".cx(8, 12)", ".cx(0, 3)", ".cx(3, 11)", ".cx(3, 7)"]}, {"type": "non-degenerate", "A": [0, 0, 0, 5, 0, 23, 0, 271, 0, 994, 0, 659, 0, 95], "B": [0, 0, 0, 89, 196, 1164, 3248, 10547, 16856, 33040, 27440, 26195, 9604, 2692], "gates": [".cx(1, 3)", ".cx(2, 9)", ".h(4)", ".cx(4, 10)", ".cx(4, 6)", ".cx(0, 4)", ".cx(4, 13)", ".h(5)", ".cx(5, 8)", ".cx(5, 9)", ".h(0)", ".cx(0, 11)", ".cx(0, 3)", ".cx(3, 12)", ".h(1)", ".cx(1, 2)", ".cx(2, 7)", ".cx(1, 4)", ".cx(4, 12)", ".cx(5, 13)", ".cx(5, 7)", ".cx(0, 5)", ".cx(10, 11)", ".h(1)", ".cx(1, 10)", ".h(0)", ".cx(0, 9)", ".cx(0, 4)", ".cx(7, 11)", ".cx(1, 8)", ".cx(3, 10)"]}, {"type": "non-degenerate", "A": [0, 0, 0, 2, 2, 8, 54, 155, 306, 470, 498, 338, 164, 50], "B": [0, 0, 0, 55, 236, 1094, 3616, 9487, 19352, 29044, 31424, 23481, 10908, 2374], "gates": [".cx(0, 9)", ".cx(1, 7)", ".h(3)", ".cx(3, 9)", ".h(0)", ".cx(0, 1)", ".cx(1, 2)", ".cx(2, 4)", ".cx(9, 10)", ".cx(3, 5)", ".cx(1, 8)", ".h(6)", ".cx(6, 11)", ".cx(6, 7)", ".cx(6, 12)", ".cx(5, 13)", ".cx(2, 11)", ".cx(0, 13)", ".h(4)", ".cx(4, 8)", ".cx(8, 9)", ".h(0)", ".cx(0, 5)", ".cx(3, 12)", ".h(2)", ".cx(2, 3)", ".cx(4, 6)", ".cx(0, 4)", ".h(0)", ".cx(0, 10)", ".cx(0, 6)", ".cx(5, 11)", ".cx(10, 13)", ".cx(2, 13)"]}, {"type": "non-degenerate", "A": [0, 0, 0, 0, 7, 9, 38, 159, 340, 456, 458, 360, 181, 39], "B": [0, 0, 0, 47, 268, 1006, 3584, 9759, 19384, 28708, 31328, 23729, 10972, 2286], "gates": [".cx(2, 8)", ".cx(1, 3)", ".h(4)", ".cx(4, 11)", ".cx(4, 5)", ".cx(0, 4)", ".cx(4, 8)", ".h(0)", ".cx(0, 6)", ".cx(0, 3)", ".cx(3, 10)", ".h(1)", ".cx(1, 13)", ".cx(1, 2)", ".cx(1, 9)", ".cx(4, 7)", ".cx(0, 12)", ".cx(2, 5)", ".cx(5, 10)", ".h(0)", ".cx(0, 7)", ".cx(0, 2)", ".cx(10, 13)", ".cx(0, 6)", ".cx(6, 11)", ".h(1)", ".cx(1, 4)", ".cx(4, 12)", ".h(7)", ".cx(7, 9)", ".cx(7, 11)", ".h(3)", ".cx(3, 4)", ".cx(4, 13)"]}, {"type": "non-degenerate", "A": [0, 0, 0, 0, 3, 11, 58, 147, 304, 480, 486, 340, 173, 45], "B": [0, 0, 0, 47, 228, 1062, 3712, 9567, 19240, 28948, 31392, 23601, 10964, 2310], "gates": [".cx(2, 9)", ".h(3)", ".cx(3, 4)", ".cx(0, 3)", ".cx(3, 10)", ".cx(1, 3)", ".cx(3, 6)", ".h(1)", ".cx(1, 8)", ".cx(1, 2)", ".cx(2, 12)", ".h(0)", ".cx(0, 13)", ".cx(0, 11)", ".h(5)", ".cx(5, 7)", ".cx(3, 9)", ".cx(4, 12)", ".cx(5, 10)", ".cx(0, 6)", ".cx(5, 8)", ".cx(8, 13)", ".h(1)", ".cx(1, 9)", ".cx(9, 11)", ".h(3)", ".cx(3, 7)", ".cx(7, 9)", ".cx(1, 5)", ".h(0)", ".cx(0, 6)", ".cx(0, 3)", ".cx(3, 4)", ".cx(0, 13)", ".cx(5, 13)", ".cx(5, 12)", ".cx(5, 6)"]}, {"type": "non-degenerate", "A": [0, 0, 0, 2, 2, 18, 34, 151, 334, 454, 502, 342, 152, 56], "B": [0, 0, 0, 63, 228, 1078, 3552, 9695, 19336, 28692, 31680, 23585, 10740, 2422], "gates": [".cx(0, 8)", ".cx(1, 13)", ".h(3)", ".cx(3, 7)", ".cx(2, 3)", ".cx(3, 13)", ".cx(7, 12)", ".h(0)", ".cx(0, 9)", ".cx(0, 1)", ".cx(1, 4)", ".cx(3, 5)", ".cx(0, 11)", ".cx(0, 6)", ".h(0)", ".cx(0, 2)", ".cx(0, 8)", ".cx(0, 10)", ".cx(8, 12)", ".cx(2, 9)", ".h(5)", ".cx(5, 8)", ".cx(5, 11)", ".cx(8, 13)", ".cx(3, 4)", ".cx(4, 10)", ".h(2)", ".cx(2, 6)", ".cx(2, 3)", ".h(1)", ".cx(1, 7)", ".cx(1, 11)", ".cx(1, 4)", ".cx(2, 5)"]}, {"type": "non-degenerate", "A": [0, 0, 0, 1, 2, 10, 48, 163, 324, 444, 480, 363, 170, 42], "B": [0, 0, 0, 43, 256, 1078, 3584, 9623, 19328, 28852, 31488, 23581, 10880, 2358], "gates": [".cx(1, 4)", ".cx(0, 6)", ".h(3)", ".cx(3, 8)", ".cx(2, 3)", ".cx(3, 7)", ".h(1)", ".cx(1, 9)", ".cx(1, 6)", ".h(0)", ".cx(0, 2)", ".cx(0, 4)", ".cx(4, 11)", ".cx(6, 13)", ".cx(8, 12)", ".cx(3, 5)", ".cx(3, 10)", ".cx(1, 12)", ".h(3)", ".cx(3, 4)", ".cx(4, 6)", ".cx(6, 7)", ".cx(3, 10)", ".cx(8, 11)", ".h(1)", ".cx(1, 5)", ".cx(5, 13)", ".cx(1, 2)", ".h(4)", ".cx(4, 8)", ".h(5)", ".cx(5, 13)", ".cx(5, 8)", ".cx(4, 9)", ".cx(9, 10)", ".h(0)", ".cx(0, 10)"]}, {"type": "non-degenerate", "A": [0, 0, 0, 2, 3, 7, 44, 165, 330, 446, 476, 360, 171, 43], "B": [0, 0, 0, 49, 268, 1068, 3536, 9603, 19400, 28912, 31440, 23531, 10892, 2372], "gates": [".cx(0, 3)", ".cx(1, 7)", ".cx(2, 8)", ".h(5)", ".cx(5, 11)", ".cx(5, 8)", ".cx(8, 13)", ".h(0)", ".cx(0, 12)", ".cx(0, 3)", ".cx(3, 4)", ".cx(3, 7)", ".cx(0, 9)", ".cx(5, 6)", ".cx(8, 10)", ".h(0)", ".cx(0, 2)", ".cx(0, 1)", ".cx(1, 8)", ".h(4)", ".cx(4, 13)", ".cx(4, 9)", ".cx(3, 6)", ".h(0)", ".cx(0, 5)", ".cx(0, 3)", ".h(1)", ".cx(1, 10)", ".cx(8, 12)", ".cx(1, 9)", ".cx(9, 11)", ".cx(2, 9)", ".h(3)", ".cx(3, 8)", ".cx(5, 12)"]}, {"type": "non-degenerate", "A": [0, 0, 0, 0, 4, 15, 44, 149, 324, 466, 484, 346, 168, 47], "B": [0, 0, 0, 51, 232, 1046, 3648, 9703, 19280, 28724, 31488, 23685, 10888, 2326], "gates": [".cx(2, 7)", ".cx(1, 6)", ".h(3)", ".cx(3, 5)", ".cx(3, 8)", ".cx(0, 3)", ".cx(3, 6)", ".h(0)", ".cx(0, 2)", ".cx(2, 10)", ".cx(0, 1)", ".cx(3, 12)", ".cx(0, 13)", ".cx(3, 7)", ".cx(2, 11)", ".h(3)", ".cx(3, 9)", ".cx(3, 4)", ".cx(8, 10)", ".cx(3, 7)", ".cx(7, 13)", ".cx(2, 3)", ".h(2)", ".cx(2, 6)", ".cx(2, 11)", ".h(8)", ".cx(8, 9)", ".cx(6, 13)", ".cx(8, 12)", ".h(1)", ".cx(1, 4)", ".cx(1, 10)", ".cx(6, 8)", ".cx(0, 9)", ".h(5)", ".cx(5, 11)", ".cx(5, 13)", ".cx(0, 12)", ".cx(5, 9)"]}, {"type": "non-degenerate", "A": [0, 0, 0, 1, 3, 16, 48, 135, 318, 492, 488, 327, 167, 52], "B": [0, 0, 0, 61, 220, 1040, 3696, 9627, 19208, 28888, 31536, 23559, 10876, 2360], "gates": [".cx(2, 7)", ".cx(1, 6)", ".cx(0, 12)", ".h(4)", ".cx(4, 10)", ".cx(4, 6)", ".h(3)", ".cx(3, 12)", ".cx(3, 7)", ".cx(12, 13)", ".h(1)", ".cx(1, 11)", ".cx(1, 2)", ".h(0)", ".cx(0, 9)", ".cx(0, 8)", ".cx(4, 5)", ".cx(6, 12)", ".cx(7, 10)", ".cx(0, 4)", ".h(1)", ".cx(1, 7)", ".cx(7, 8)", ".cx(2, 12)", ".cx(3, 9)", ".cx(1, 5)", ".cx(0, 11)", ".cx(4, 13)", ".cx(6, 8)", ".h(5)", ".cx(5, 13)", ".h(0)", ".cx(0, 10)", ".cx(5, 7)"]}, {"type": "non-degenerate", "A": [0, 0, 0, 0, 4, 15, 46, 147, 318, 472, 490, 340, 166, 49], "B": [0, 0, 0, 53, 224, 1052, 3664, 9675, 19280, 28752, 31472, 23679, 10896, 2324], "gates": [".cx(1, 8)", ".cx(0, 3)", ".cx(2, 13)", ".h(5)", ".cx(5, 11)", ".cx(5, 8)", ".h(1)", ".cx(1, 3)", ".cx(1, 2)", ".h(4)", ".cx(4, 12)", ".cx(4, 13)", ".cx(2, 7)", ".cx(5, 9)", ".cx(4, 6)", ".cx(5, 10)", ".h(0)", ".cx(0, 5)", ".cx(8, 12)", ".cx(5, 7)", ".cx(3, 4)", ".cx(4, 11)", ".h(3)", ".cx(3, 9)", ".cx(3, 6)", ".cx(6, 10)", ".cx(0, 2)", ".h(1)", ".cx(1, 3)", ".h(0)", ".cx(0, 12)", ".cx(2, 10)", ".cx(8, 10)", ".cx(5, 11)", ".h(2)", ".cx(2, 10)", ".cx(2, 11)"]}, {"type": "non-degenerate", "A": [0, 0, 0, 1, 4, 12, 52, 135, 316, 500, 476, 327, 176, 48], "B": [0, 0, 0, 59, 232, 1022, 3712, 9591, 19216, 28996, 31424, 23533, 10952, 2334], "gates": [".cx(0, 12)", ".cx(1, 6)", ".h(4)", ".cx(4, 8)", ".cx(4, 6)", ".cx(2, 4)", ".cx(4, 12)", ".h(0)", ".cx(0, 7)", ".cx(0, 3)", ".cx(12, 13)", ".cx(0, 11)", ".cx(0, 9)", ".cx(4, 10)", ".cx(0, 2)", ".h(0)", ".cx(0, 1)", ".cx(0, 5)", ".cx(1, 13)", ".cx(0, 9)", ".cx(3, 10)", ".h(0)", ".cx(0, 2)", ".cx(0, 12)", ".h(3)", ".cx(3, 4)", ".cx(3, 5)", ".h(6)", ".cx(6, 7)", ".cx(1, 10)", ".cx(6, 8)", ".cx(8, 11)", ".cx(0, 5)", ".h(3)", ".cx(3, 13)"]}, {"type": "non-degenerate", "A": [0, 0, 0, 4, 0, 14, 30, 167, 342, 426, 506, 356, 146, 56], "B": [0, 0, 0, 63, 252, 1118, 3424, 9631, 19448, 28772, 31744, 23457, 10668, 2494], "gates": [".cx(0, 3)", ".cx(1, 7)", ".cx(2, 11)", ".h(8)", ".cx(8, 10)", ".cx(10, 11)", ".h(0)", ".cx(0, 2)", ".cx(2, 7)", ".cx(8, 9)", ".cx(0, 13)", ".cx(8, 12)", ".cx(0, 4)", ".h(0)", ".cx(0, 1)", ".cx(1, 3)", ".cx(3, 6)", ".cx(0, 5)", ".cx(0, 11)", ".h(0)", ".cx(0, 7)", ".cx(7, 10)", ".cx(0, 3)", ".h(5)", ".cx(5, 8)", ".cx(8, 13)", ".cx(5, 6)", ".cx(0, 12)", ".h(0)", ".cx(0, 4)", ".cx(2, 9)", ".cx(0, 6)", ".cx(6, 12)", ".cx(1, 13)", ".h(0)", ".cx(0, 3)"]}, {"type": "non-degenerate", "A": [0, 0, 0, 3, 1, 24, 26, 145, 332, 458, 534, 323, 131, 70], "B": [0, 0, 0, 79, 196, 1110, 3520, 9695, 19368, 28596, 31840, 23569, 10612, 2486], "gates": [".cx(0, 3)", ".cx(1, 6)", ".cx(2, 8)", ".h(5)", ".cx(5, 6)", ".cx(6, 8)", ".cx(5, 7)", ".h(4)", ".cx(4, 12)", ".cx(4, 10)", ".cx(8, 9)", ".h(0)", ".cx(0, 11)", ".cx(0, 1)", ".cx(0, 13)", ".h(0)", ".cx(0, 2)", ".cx(2, 3)", ".cx(2, 5)", ".cx(3, 4)", ".cx(4, 9)", ".h(2)", ".cx(2, 8)", ".cx(5, 11)", ".cx(8, 12)", ".cx(1, 3)", ".cx(10, 13)", ".cx(1, 7)", ".h(6)", ".cx(6, 11)", ".cx(2, 10)", ".cx(2, 3)", ".cx(7, 12)", ".cx(0, 12)"]}, {"type": "non-degenerate", "A": [0, 0, 0, 3, 3, 15, 40, 135, 326, 494, 496, 317, 159, 59], "B": [0, 0, 0, 75, 224, 1046, 3616, 9591, 19296, 28948, 31584, 23453, 10816, 2422], "gates": [".cx(0, 3)", ".cx(2, 9)", ".cx(1, 5)", ".h(4)", ".cx(4, 13)", ".cx(4, 5)", ".cx(5, 7)", ".h(6)", ".cx(6, 12)", ".cx(6, 9)", ".cx(9, 11)", ".h(0)", ".cx(0, 1)", ".cx(1, 2)", ".cx(6, 8)", ".cx(4, 10)", ".cx(0, 3)", ".cx(3, 9)", ".cx(9, 13)", ".h(1)", ".cx(1, 8)", ".cx(1, 5)", ".cx(5, 12)", ".cx(2, 4)", ".h(2)", ".cx(2, 7)", ".cx(7, 11)", ".h(3)", ".cx(3, 10)", ".cx(3, 12)", ".cx(3, 8)", ".h(5)", ".cx(5, 6)"]}, {"type": "non-degenerate", "A": [0, 0, 0, 1, 7, 8, 40, 151, 334, 476, 464, 343, 179, 44], "B": [0, 0, 0, 57, 260, 1004, 3600, 9683, 19384, 28848, 31312, 23635, 10980, 2308], "gates": [".cx(0, 9)", ".cx(1, 8)", ".cx(2, 4)", ".h(3)", ".cx(3, 8)", ".cx(3, 9)", ".cx(9, 12)", ".h(0)", ".cx(0, 2)", ".cx(2, 10)", ".cx(0, 1)", ".h(4)", ".cx(4, 5)", ".cx(4, 6)", ".cx(3, 7)", ".cx(4, 13)", ".cx(0, 11)", ".h(3)", ".cx(3, 10)", ".cx(8, 13)", ".cx(3, 9)", ".cx(9, 11)", ".cx(1, 5)", ".h(0)", ".cx(0, 12)", ".cx(0, 2)", ".cx(2, 7)", ".cx(0, 4)", ".h(1)", ".cx(1, 8)", ".cx(4, 9)", ".h(0)", ".cx(0, 5)", ".cx(0, 12)"]}, {"type": "non-degenerate", "A": [0, 0, 0, 3, 2, 14, 40, 143, 332, 476, 488, 333, 162, 54], "B": [0, 0, 0, 67, 240, 1054, 3584, 9607, 19296, 28932, 31616, 23445, 10800, 2430], "gates": [".cx(0, 11)", ".cx(1, 9)", ".cx(2, 3)", ".h(5)", ".cx(5, 9)", ".cx(9, 12)", ".h(0)", ".cx(0, 1)", ".cx(1, 2)", ".h(3)", ".cx(3, 4)", ".cx(4, 11)", ".cx(11, 13)", ".cx(5, 7)", ".cx(1, 6)", ".cx(5, 10)", ".cx(3, 8)", ".cx(2, 3)", ".cx(3, 12)", ".h(4)", ".cx(4, 5)", ".cx(5, 6)", ".cx(4, 11)", ".h(1)", ".cx(1, 7)", ".cx(1, 2)", ".cx(1, 13)", ".cx(0, 10)", ".h(0)", ".cx(0, 7)", ".cx(0, 12)", ".cx(9, 13)", ".cx(2, 4)"]}, {"type": "non-degenerate", "A": [0, 0, 0, 1, 3, 13, 46, 149, 324, 468, 482, 345, 169, 47], "B": [0, 0, 0, 53, 240, 1052, 3632, 9643, 19280, 28848, 31504, 23583, 10880, 2356], "gates": [".cx(1, 9)", ".cx(2, 12)", ".cx(0, 5)", ".h(3)", ".cx(3, 12)", ".cx(3, 9)", ".cx(9, 13)", ".h(4)", ".cx(4, 7)", ".cx(4, 5)", ".cx(5, 10)", ".h(0)", ".cx(0, 11)", ".cx(0, 2)", ".cx(2, 8)", ".cx(3, 6)", ".cx(0, 1)", ".h(0)", ".cx(0, 13)", ".cx(0, 1)", ".cx(1, 7)", ".h(3)", ".cx(3, 5)", ".cx(5, 8)", ".cx(3, 12)", ".cx(9, 11)", ".cx(5, 6)", ".cx(2, 10)", ".h(2)", ".cx(2, 9)", ".cx(2, 4)", ".cx(2, 8)", ".h(6)", ".cx(6, 10)", ".cx(4, 13)", ".cx(0, 8)"]}, {"type": "non-degenerate", "A": [0, 0, 0, 1, 0, 22, 48, 139, 304, 476, 528, 323, 144, 62], "B": [0, 0, 0, 63, 184, 1114, 3680, 9599, 19216, 28764, 31712, 23585, 10744, 2410], "gates": [".cx(2, 5)", ".h(4)", ".cx(4, 6)", ".cx(4, 12)", ".cx(0, 4)", ".h(0)", ".cx(0, 2)", ".cx(0, 1)", ".cx(1, 9)", ".cx(4, 8)", ".cx(2, 13)", ".h(3)", ".cx(3, 11)", ".cx(3, 5)", ".cx(3, 7)", ".cx(4, 10)", ".cx(5, 9)", ".cx(0, 4)", ".cx(6, 11)", ".h(0)", ".cx(0, 12)", ".cx(0, 1)", ".cx(1, 8)", ".cx(4, 7)", ".h(2)", ".cx(2, 3)", ".cx(3, 10)", ".cx(2, 8)", ".cx(1, 3)", ".h(7)", ".cx(7, 12)", ".cx(0, 11)", ".cx(2, 13)", ".cx(2, 12)", ".cx(7, 9)", ".cx(7, 10)", ".cx(6, 7)"]}, {"type": "non-degenerate", "A": [0, 0, 0, 2, 0, 21, 42, 139, 322, 472, 510, 330, 150, 59], "B": [0, 0, 0, 65, 208, 1088, 3632, 9635, 19216, 28792, 31760, 23515, 10720, 2440], "gates": [".cx(2, 12)", ".cx(1, 3)", ".h(4)", ".cx(4, 9)", ".cx(4, 8)", ".cx(0, 4)", ".cx(4, 6)", ".h(0)", ".cx(0, 11)", ".cx(0, 7)", ".h(1)", ".cx(1, 13)", ".cx(1, 2)", ".h(3)", ".cx(3, 5)", ".cx(4, 12)", ".cx(8, 10)", ".cx(3, 8)", ".cx(0, 4)", ".cx(4, 5)", ".cx(2, 10)", ".h(2)", ".cx(2, 9)", ".cx(2, 7)", ".cx(11, 13)", ".h(0)", ".cx(0, 3)", ".cx(7, 12)", ".cx(0, 8)", ".cx(0, 13)", ".h(1)", ".cx(1, 11)", ".h(1)", ".cx(1, 8)", ".cx(1, 2)", ".cx(3, 7)", ".cx(10, 11)"]}, {"type": "non-degenerate", "A": [0, 0, 0, 5, 1, 18, 34, 133, 324, 494, 526, 301, 139, 72], "B": [0, 0, 0, 91, 204, 1090, 3552, 9527, 19352, 28972, 31744, 23341, 10684, 2514], "gates": [".cx(2, 13)", ".cx(1, 12)", ".h(5)", ".cx(5, 6)", ".cx(5, 7)", ".cx(0, 5)", ".cx(5, 10)", ".h(3)", ".cx(3, 4)", ".cx(4, 12)", ".h(0)", ".cx(0, 1)", ".cx(0, 2)", ".cx(2, 9)", ".cx(3, 13)", ".cx(0, 11)", ".cx(3, 8)", ".cx(1, 3)", ".cx(5, 9)", ".h(0)", ".cx(0, 8)", ".cx(0, 6)", ".cx(6, 13)", ".cx(3, 7)", ".cx(0, 2)", ".h(1)", ".cx(1, 10)", ".cx(1, 12)", ".h(4)", ".cx(4, 5)", ".cx(1, 2)", ".h(13)", ".cx(6, 13)"]}, {"type": "non-degenerate", "A": [0, 0, 0, 3, 2, 18, 34, 141, 334, 474, 502, 327, 152, 60], "B": [0, 0, 0, 73, 224, 1064, 3568, 9651, 19312, 28808, 31696, 23491, 10736, 2448], "gates": [".cx(1, 13)", ".h(4)", ".cx(4, 7)", ".cx(4, 13)", ".cx(0, 4)", ".h(0)", ".cx(0, 12)", ".cx(0, 2)", ".cx(2, 6)", ".cx(4, 9)", ".cx(0, 11)", ".cx(2, 10)", ".cx(4, 8)", ".cx(4, 5)", ".cx(0, 3)", ".h(0)", ".cx(0, 1)", ".cx(0, 6)", ".cx(1, 9)", ".h(8)", ".cx(8, 10)", ".cx(8, 13)", ".h(3)", ".cx(3, 4)", ".cx(4, 12)", ".h(0)", ".cx(0, 7)", ".cx(7, 11)", ".cx(0, 4)", ".cx(1, 7)", ".cx(2, 9)", ".cx(3, 6)", ".cx(8, 12)", ".cx(0, 8)"]}, {"type": "non-degenerate", "A": [0, 0, 0, 5, 2, 4, 48, 147, 324, 488, 480, 327, 170, 52], "B": [0, 0, 0, 71, 264, 1058, 3552, 9423, 19376, 29292, 31456, 23241, 10888, 2450], "gates": [".cx(2, 5)", ".h(3)", ".cx(3, 4)", ".cx(3, 5)", ".cx(0, 3)", ".cx(3, 9)", ".cx(1, 3)", ".h(1)", ".cx(1, 10)", ".cx(1, 2)", ".cx(3, 13)", ".h(0)", ".cx(0, 12)", ".cx(0, 6)", ".cx(2, 11)", ".cx(0, 7)", ".cx(0, 3)", ".cx(3, 8)", ".h(0)", ".cx(0, 11)", ".cx(0, 12)", ".cx(0, 9)", ".cx(9, 10)", ".cx(2, 13)", ".cx(1, 3)", ".h(1)", ".cx(1, 5)", ".cx(5, 12)", ".cx(0, 7)", ".h(4)", ".cx(4, 7)", ".cx(1, 2)", ".cx(12, 13)", ".cx(4, 8)", ".cx(4, 9)"]}, {"type": "non-degenerate", "A": [0, 0, 0, 1, 2, 12, 46, 157, 330, 450, 474, 361, 172, 42], "B": [0, 0, 0, 45, 256, 1060, 3600, 9659, 19280, 28832, 31536, 23575, 10864, 2364], "gates": [".cx(2, 11)", ".h(4)", ".cx(4, 9)", ".cx(0, 5)", ".cx(4, 7)", ".cx(1, 4)", ".h(1)", ".cx(1, 2)", ".cx(2, 5)", ".cx(4, 8)", ".cx(1, 3)", ".h(0)", ".cx(0, 6)", ".cx(0, 11)", ".cx(2, 13)", ".cx(4, 10)", ".cx(1, 12)", ".h(1)", ".cx(1, 10)", ".cx(1, 2)", ".cx(0, 8)", ".h(0)", ".cx(0, 3)", ".cx(0, 4)", ".cx(7, 13)", ".cx(3, 6)", ".cx(3, 7)", ".h(0)", ".cx(0, 11)", ".cx(0, 5)", ".cx(2, 5)", ".cx(5, 7)", ".cx(0, 13)", ".h(2)", ".cx(2, 10)", ".cx(2, 13)", ".cx(0, 2)", ".cx(9, 11)", ".cx(3, 11)", ".cx(4, 5)", ".cx(0, 7)"]}, {"type": "non-degenerate", "A": [0, 0, 0, 5, 2, 11, 44, 131, 320, 510, 500, 303, 158, 63], "B": [0, 0, 0, 85, 228, 1056, 3600, 9451, 19320, 29208, 31568, 23263, 10820, 2472], "gates": [".cx(1, 8)", ".cx(2, 10)", ".h(3)", ".cx(3, 4)", ".cx(0, 3)", ".cx(3, 5)", ".h(7)", ".cx(7, 10)", ".cx(7, 8)", ".cx(8, 9)", ".cx(4, 12)", ".h(0)", ".cx(0, 2)", ".cx(2, 13)", ".cx(0, 1)", ".cx(7, 11)", ".cx(3, 6)", ".cx(4, 9)", ".cx(2, 6)", ".h(0)", ".cx(0, 5)", ".cx(1, 11)", ".cx(0, 7)", ".cx(7, 13)", ".h(8)", ".cx(8, 12)", ".h(1)", ".cx(1, 3)", ".cx(8, 13)", ".cx(1, 11)", ".h(4)", ".cx(4, 7)"]}, {"type": "non-degenerate", "A": [0, 0, 0, 1, 2, 13, 52, 139, 328, 482, 460, 347, 182, 41], "B": [0, 0, 0, 49, 252, 1020, 3696, 9635, 19144, 28976, 31536, 23499, 10908, 2356], "gates": [".cx(0, 9)", ".h(3)", ".cx(3, 6)", ".cx(2, 3)", ".cx(3, 7)", ".cx(1, 3)", ".cx(6, 9)", ".h(0)", ".cx(0, 8)", ".cx(0, 1)", ".cx(9, 10)", ".cx(0, 4)", ".cx(3, 11)", ".cx(0, 5)", ".cx(0, 13)", ".h(0)", ".cx(0, 12)", ".cx(0, 2)", ".cx(2, 9)", ".h(4)", ".cx(4, 6)", ".cx(6, 8)", ".cx(5, 11)", ".h(1)", ".cx(1, 3)", ".cx(3, 12)", ".cx(2, 13)", ".h(2)", ".cx(2, 10)", ".cx(2, 5)", ".h(7)", ".cx(7, 8)", ".cx(10, 12)", ".cx(6, 13)", ".cx(4, 5)", ".cx(1, 13)"]}, {"type": "non-degenerate", "A": [0, 0, 0, 0, 3, 14, 54, 139, 316, 486, 474, 340, 177, 44], "B": [0, 0, 0, 49, 232, 1032, 3728, 9635, 19168, 28904, 31472, 23595, 10936, 2320], "gates": [".cx(0, 11)", ".cx(1, 5)", ".h(3)", ".cx(3, 5)", ".h(1)", ".cx(1, 4)", ".cx(1, 2)", ".cx(2, 10)", ".cx(3, 11)", ".cx(11, 13)", ".h(0)", ".cx(0, 12)", ".cx(0, 7)", ".cx(2, 6)", ".cx(3, 9)", ".cx(3, 8)", ".cx(5, 12)", ".cx(1, 13)", ".h(2)", ".cx(2, 11)", ".cx(0, 10)", ".h(0)", ".cx(0, 5)", ".cx(0, 1)", ".h(8)", ".cx(8, 9)", ".cx(8, 12)", ".cx(5, 6)", ".cx(2, 7)", ".cx(5, 9)", ".h(0)", ".cx(0, 2)", ".cx(0, 6)", ".cx(8, 13)", ".cx(1, 10)", ".cx(7, 9)", ".cx(0, 9)"]}, {"type": "non-degenerate", "A": [0, 0, 0, 4, 1, 12, 42, 143, 332, 478, 486, 332, 163, 54], "B": [0, 0, 0, 69, 248, 1060, 3568, 9547, 19296, 29056, 31632, 23343, 10792, 2460], "gates": [".cx(1, 12)", ".cx(2, 4)", ".h(3)", ".cx(3, 8)", ".cx(3, 4)", ".cx(0, 3)", ".cx(3, 9)", ".h(5)", ".cx(5, 6)", ".cx(6, 12)", ".cx(12, 13)", ".h(0)", ".cx(0, 10)", ".cx(0, 1)", ".cx(0, 2)", ".cx(3, 11)", ".cx(5, 7)", ".cx(2, 12)", ".h(0)", ".cx(0, 11)", ".cx(0, 13)", ".cx(1, 3)", ".h(1)", ".cx(1, 6)", ".cx(1, 8)", ".cx(6, 10)", ".h(4)", ".cx(4, 5)", ".cx(11, 12)", ".cx(8, 13)", ".cx(2, 5)", ".cx(7, 9)", ".cx(5, 6)"]}, {"type": "non-degenerate", "A": [0, 0, 0, 4, 0, 22, 0, 285, 0, 968, 0, 678, 0, 90], "B": [0, 0, 0, 77, 204, 1184, 3216, 10587, 16904, 32920, 27408, 26295, 9612, 2664], "gates": [".cx(1, 9)", ".cx(2, 12)", ".h(4)", ".cx(4, 8)", ".cx(4, 6)", ".cx(0, 4)", ".h(0)", ".cx(0, 2)", ".cx(0, 1)", ".cx(4, 11)", ".cx(1, 13)", ".h(3)", ".cx(3, 10)", ".cx(3, 12)", ".cx(3, 9)", ".cx(2, 5)", ".cx(4, 7)", ".cx(3, 5)", ".cx(5, 11)", ".h(3)", ".cx(3, 13)", ".cx(3, 7)", ".cx(0, 4)", ".h(0)", ".cx(0, 10)", ".cx(0, 6)", ".cx(6, 12)", ".cx(0, 1)", ".h(2)", ".cx(2, 8)", ".cx(2, 4)", ".cx(2, 10)", ".cx(3, 12)", ".cx(1, 7)", ".cx(3, 7)"]}, {"type": "non-degenerate", "A": [0, 0, 0, 0, 5, 11, 40, 165, 330, 442, 480, 362, 169, 43], "B": [0, 0, 0, 45, 252, 1056, 3568, 9723, 19400, 28664, 31408, 23735, 10908, 2312], "gates": [".cx(1, 6)", ".cx(0, 8)", ".cx(2, 3)", ".h(4)", ".cx(4, 7)", ".cx(4, 8)", ".cx(8, 10)", ".h(3)", ".cx(3, 5)", ".h(0)", ".cx(0, 6)", ".cx(0, 2)", ".cx(2, 11)", ".cx(3, 12)", ".cx(6, 9)", ".cx(4, 13)", ".h(1)", ".cx(1, 4)", ".cx(1, 11)", ".cx(3, 10)", ".cx(4, 9)", ".cx(0, 13)", ".h(5)", ".cx(5, 6)", ".cx(5, 8)", ".cx(9, 12)", ".h(1)", ".cx(1, 2)", ".cx(2, 12)", ".cx(1, 10)", ".h(9)", ".cx(9, 13)", ".cx(2, 8)", ".cx(8, 9)", ".h(1)", ".cx(1, 6)"]}, {"type": "non-degenerate", "A": [0, 0, 0, 4, 1, 15, 32, 149, 346, 458, 488, 342, 157, 55], "B": [0, 0, 0, 69, 252, 1064, 3504, 9643, 19336, 28872, 31728, 23407, 10716, 2480], "gates": [".cx(1, 8)", ".cx(2, 9)", ".cx(0, 4)", ".h(6)", ".cx(6, 8)", ".cx(6, 9)", ".h(3)", ".cx(3, 5)", ".cx(3, 4)", ".cx(4, 13)", ".h(0)", ".cx(0, 1)", ".cx(1, 11)", ".cx(0, 2)", ".cx(6, 7)", ".cx(3, 10)", ".cx(0, 12)", ".cx(2, 3)", ".h(0)", ".cx(0, 9)", ".cx(0, 13)", ".cx(0, 1)", ".cx(3, 8)", ".cx(1, 10)", ".cx(7, 11)", ".h(5)", ".cx(5, 12)", ".cx(5, 6)", ".cx(6, 10)", ".cx(4, 7)", ".h(2)", ".cx(2, 13)", ".cx(2, 8)", ".cx(4, 11)", ".cx(6, 8)"]}, {"type": "non-degenerate", "A": [0, 0, 0, 5, 1, 13, 38, 141, 328, 484, 506, 317, 151, 63], "B": [0, 0, 0, 81, 232, 1080, 3536, 9507, 19360, 29064, 31664, 23307, 10744, 2496], "gates": [".cx(0, 9)", ".cx(2, 10)", ".h(5)", ".cx(5, 8)", ".cx(5, 6)", ".cx(1, 5)", ".cx(5, 9)", ".h(1)", ".cx(1, 12)", ".cx(1, 2)", ".cx(2, 13)", ".h(3)", ".cx(3, 7)", ".cx(3, 10)", ".cx(3, 4)", ".cx(5, 11)", ".h(0)", ".cx(0, 3)", ".cx(3, 12)", ".cx(4, 6)", ".cx(1, 5)", ".h(1)", ".cx(1, 7)", ".cx(1, 9)", ".cx(9, 13)", ".cx(0, 8)", ".cx(8, 10)", ".h(4)", ".cx(4, 11)", ".cx(11, 12)", ".cx(4, 6)", ".cx(4, 13)", ".h(13)", ".cx(4, 13)"]}, {"type": "non-degenerate", "A": [0, 0, 0, 1, 2, 18, 38, 149, 338, 454, 482, 353, 164, 48], "B": [0, 0, 0, 53, 240, 1052, 3600, 9739, 19248, 28688, 31664, 23615, 10784, 2388], "gates": [".cx(1, 12)", ".cx(2, 9)", ".cx(0, 6)", ".h(3)", ".cx(3, 8)", ".cx(3, 6)", ".h(5)", ".cx(5, 12)", ".cx(5, 9)", ".cx(9, 11)", ".h(0)", ".cx(0, 10)", ".cx(0, 1)", ".cx(6, 7)", ".cx(0, 2)", ".cx(3, 4)", ".cx(5, 13)", ".cx(1, 8)", ".cx(8, 13)", ".h(0)", ".cx(0, 11)", ".cx(0, 7)", ".cx(0, 1)", ".h(3)", ".cx(3, 12)", ".cx(3, 6)", ".cx(6, 9)", ".cx(3, 10)", ".h(0)", ".cx(0, 3)", ".cx(3, 8)", ".h(9)", ".cx(9, 10)", ".cx(1, 9)"]}, {"type": "non-degenerate", "A": [0, 0, 0, 4, 2, 10, 40, 149, 332, 472, 488, 334, 162, 54], "B": [0, 0, 0, 69, 252, 1064, 3536, 9547, 19368, 29032, 31568, 23375, 10812, 2448], "gates": [".h(3)", ".cx(3, 7)", ".cx(1, 3)", ".cx(3, 10)", ".cx(0, 3)", ".h(0)", ".cx(0, 11)", ".cx(0, 2)", ".cx(2, 12)", ".cx(3, 6)", ".cx(7, 9)", ".h(1)", ".cx(1, 8)", ".cx(1, 5)", ".cx(1, 13)", ".cx(3, 4)", ".cx(2, 9)", ".h(0)", ".cx(0, 4)", ".cx(0, 8)", ".cx(1, 3)", ".h(1)", ".cx(1, 6)", ".cx(1, 11)", ".cx(11, 13)", ".cx(0, 12)", ".h(5)", ".cx(5, 7)", ".cx(5, 11)", ".cx(6, 8)", ".cx(8, 10)", ".cx(5, 12)", ".h(9)", ".cx(9, 13)", ".cx(12, 13)", ".h(11)", ".cx(8, 11)"]}, {"type": "non-degenerate", "A": [0, 0, 0, 1, 3, 11, 56, 139, 310, 494, 480, 331, 175, 47], "B": [0, 0, 0, 55, 232, 1042, 3712, 9551, 19216, 29036, 31424, 23513, 10952, 2338], "gates": [".cx(2, 13)", ".h(3)", ".cx(3, 4)", ".cx(3, 11)", ".cx(0, 3)", ".h(0)", ".cx(0, 7)", ".cx(0, 1)", ".cx(1, 13)", ".cx(3, 5)", ".cx(0, 2)", ".cx(2, 10)", ".h(6)", ".cx(6, 8)", ".cx(6, 12)", ".cx(8, 9)", ".cx(1, 12)", ".cx(3, 7)", ".cx(6, 11)", ".cx(11, 13)", ".h(2)", ".cx(2, 3)", ".cx(3, 9)", ".cx(2, 10)", ".cx(2, 6)", ".h(1)", ".cx(1, 7)", ".cx(0, 4)", ".cx(1, 10)", ".cx(1, 8)", ".h(2)", ".cx(2, 6)", ".cx(2, 13)", ".cx(2, 4)", ".h(5)", ".cx(5, 10)", ".cx(0, 1)", ".cx(5, 12)", ".cx(7, 9)"]}, {"type": "non-degenerate", "A": [0, 0, 0, 0, 4, 11, 52, 149, 316, 474, 476, 346, 176, 43], "B": [0, 0, 0, 47, 240, 1042, 3680, 9631, 19264, 28876, 31392, 23633, 10960, 2306], "gates": [".cx(2, 11)", ".cx(1, 13)", ".h(4)", ".cx(4, 10)", ".cx(4, 7)", ".cx(0, 4)", ".cx(4, 5)", ".h(3)", ".cx(3, 8)", ".cx(8, 11)", ".h(0)", ".cx(0, 1)", ".cx(1, 2)", ".cx(11, 12)", ".cx(4, 13)", ".cx(3, 9)", ".cx(4, 6)", ".cx(0, 4)", ".cx(2, 9)", ".cx(9, 10)", ".h(3)", ".cx(3, 5)", ".cx(5, 12)", ".h(0)", ".cx(0, 6)", ".cx(0, 1)", ".cx(12, 13)", ".cx(1, 8)", ".h(7)", ".cx(7, 8)", ".cx(8, 11)", ".h(5)", ".cx(5, 11)", ".cx(5, 10)", ".cx(1, 3)", ".h(1)", ".cx(1, 7)", ".cx(2, 3)", ".h(0)", ".cx(0, 9)"]}, {"type": "non-degenerate", "A": [0, 0, 0, 1, 4, 12, 46, 149, 318, 474, 490, 337, 166, 50], "B": [0, 0, 0, 57, 232, 1056, 3632, 9619, 19328, 28856, 31440, 23603, 10904, 2344], "gates": [".cx(1, 6)", ".cx(0, 13)", ".cx(2, 3)", ".h(5)", ".cx(5, 13)", ".cx(5, 6)", ".cx(6, 10)", ".h(0)", ".cx(0, 11)", ".cx(0, 3)", ".h(2)", ".cx(2, 4)", ".cx(2, 8)", ".cx(3, 9)", ".cx(2, 7)", ".cx(5, 12)", ".cx(0, 1)", ".h(0)", ".cx(0, 7)", ".cx(0, 1)", ".cx(7, 13)", ".cx(3, 5)", ".h(2)", ".cx(2, 11)", ".cx(2, 10)", ".h(3)", ".cx(3, 6)", ".cx(2, 8)", ".cx(8, 9)", ".cx(6, 11)", ".cx(1, 8)", ".cx(0, 10)", ".cx(3, 9)", ".h(3)", ".cx(3, 7)", ".h(0)", ".cx(0, 5)"]}, {"type": "non-degenerate", "A": [0, 0, 0, 1, 5, 8, 44, 155, 334, 464, 460, 355, 181, 40], "B": [0, 0, 0, 49, 268, 1020, 3600, 9667, 19336, 28880, 31376, 23595, 10956, 2324], "gates": [".cx(1, 6)", ".h(3)", ".cx(3, 8)", ".cx(3, 4)", ".cx(0, 3)", ".h(0)", ".cx(0, 1)", ".cx(1, 2)", ".cx(2, 12)", ".cx(3, 11)", ".cx(1, 9)", ".cx(0, 10)", ".cx(3, 7)", ".cx(3, 5)", ".cx(1, 13)", ".h(1)", ".cx(1, 6)", ".cx(1, 2)", ".cx(2, 5)", ".cx(0, 3)", ".h(0)", ".cx(0, 13)", ".cx(0, 8)", ".cx(8, 12)", ".cx(6, 7)", ".cx(0, 1)", ".cx(1, 11)", ".cx(1, 9)", ".h(7)", ".cx(7, 12)", ".cx(12, 13)", ".h(5)", ".cx(5, 9)", ".cx(5, 6)", ".h(8)", ".cx(8, 11)", ".cx(11, 13)", ".cx(2, 3)"]}, {"type": "non-degenerate", "A": [0, 0, 0, 2, 4, 14, 46, 131, 318, 506, 490, 314, 166, 56], "B": [0, 0, 0, 71, 220, 1030, 3680, 9583, 19256, 28980, 31488, 23497, 10892, 2374], "gates": [".cx(2, 8)", ".cx(0, 7)", ".cx(1, 10)", ".h(0)", ".cx(0, 8)", ".cx(8, 10)", ".cx(0, 5)", ".cx(0, 11)", ".cx(0, 9)", ".h(0)", ".cx(0, 6)", ".cx(0, 2)", ".cx(2, 3)", ".cx(0, 4)", ".cx(0, 13)", ".h(0)", ".cx(0, 7)", ".cx(7, 12)", ".cx(0, 1)", ".cx(7, 10)", ".cx(0, 13)", ".h(0)", ".cx(0, 6)", ".cx(0, 1)", ".cx(1, 9)", ".cx(1, 4)", ".cx(0, 8)", ".h(3)", ".cx(3, 7)", ".cx(3, 11)", ".cx(2, 11)", ".cx(11, 12)", ".cx(3, 4)", ".cx(3, 9)", ".cx(3, 6)", ".cx(3, 8)", ".h(5)", ".cx(5, 13)", ".cx(5, 6)"]}, {"type": "non-degenerate", "A": [0, 0, 0, 2, 5, 6, 42, 163, 324, 458, 486, 346, 167, 48], "B": [0, 0, 0, 57, 256, 1064, 3536, 9587, 19472, 28904, 31344, 23571, 10928, 2352], "gates": [".cx(1, 3)", ".cx(0, 6)", ".h(4)", ".cx(4, 5)", ".cx(2, 4)", ".cx(4, 7)", ".cx(5, 8)", ".h(6)", ".cx(6, 13)", ".cx(6, 11)", ".h(1)", ".cx(1, 2)", ".cx(1, 12)", ".cx(4, 10)", ".cx(6, 9)", ".cx(0, 4)", ".h(0)", ".cx(0, 3)", ".cx(3, 8)", ".cx(0, 6)", ".cx(4, 12)", ".cx(6, 10)", ".cx(2, 11)", ".h(2)", ".cx(2, 4)", ".cx(4, 13)", ".h(0)", ".cx(0, 5)", ".cx(5, 9)", ".cx(0, 8)", ".cx(2, 8)", ".cx(2, 11)", ".cx(3, 12)", ".h(1)", ".cx(1, 7)", ".cx(7, 8)"]}, {"type": "non-degenerate", "A": [0, 0, 0, 0, 4, 16, 46, 143, 318, 478, 490, 336, 166, 50], "B": [0, 0, 0, 55, 220, 1046, 3680, 9679, 19256, 28756, 31488, 23673, 10892, 2326], "gates": [".cx(0, 7)", ".cx(1, 3)", ".cx(2, 9)", ".h(4)", ".cx(4, 9)", ".cx(4, 7)", ".cx(7, 13)", ".h(1)", ".cx(1, 10)", ".h(0)", ".cx(0, 3)", ".cx(3, 12)", ".cx(0, 2)", ".cx(1, 5)", ".cx(2, 6)", ".cx(1, 8)", ".cx(4, 11)", ".cx(1, 6)", ".h(1)", ".cx(1, 13)", ".cx(1, 12)", ".cx(3, 4)", ".cx(1, 5)", ".cx(5, 11)", ".h(1)", ".cx(1, 3)", ".cx(3, 7)", ".cx(7, 10)", ".h(1)", ".cx(1, 2)", ".cx(2, 10)", ".h(9)", ".cx(9, 13)", ".cx(4, 6)", ".cx(0, 7)", ".h(0)", ".cx(0, 4)"]}, {"type": "non-degenerate", "A": [0, 0, 0, 2, 0, 11, 50, 155, 330, 452, 470, 362, 174, 41], "B": [0, 0, 0, 45, 264, 1068, 3600, 9595, 19232, 28976, 31600, 23447, 10840, 2404], "gates": [".cx(2, 9)", ".cx(0, 13)", ".cx(1, 11)", ".h(3)", ".cx(3, 9)", ".cx(9, 11)", ".cx(11, 13)", ".h(1)", ".cx(1, 7)", ".cx(1, 4)", ".h(0)", ".cx(0, 8)", ".cx(0, 2)", ".cx(2, 5)", ".cx(1, 10)", ".cx(11, 12)", ".cx(3, 6)", ".h(0)", ".cx(0, 9)", ".cx(0, 4)", ".cx(4, 13)", ".cx(4, 5)", ".cx(1, 12)", ".h(1)", ".cx(1, 3)", ".cx(1, 8)", ".cx(8, 11)", ".cx(1, 10)", ".h(1)", ".cx(1, 2)", ".cx(2, 7)", ".cx(1, 12)", ".cx(1, 6)", ".h(4)", ".cx(4, 11)", ".cx(4, 6)", ".h(0)", ".cx(0, 1)"]}, {"type": "non-degenerate", "A": [0, 0, 0, 2, 6, 7, 48, 141, 316, 502, 480, 320, 174, 51], "B": [0, 0, 0, 67, 240, 1022, 3648, 9543, 19360, 29060, 31296, 23509, 10992, 2334], "gates": [".cx(1, 3)", ".h(4)", ".cx(4, 11)", ".cx(0, 4)", ".h(0)", ".cx(0, 1)", ".cx(0, 2)", ".cx(2, 7)", ".cx(11, 13)", ".cx(4, 12)", ".cx(0, 6)", ".h(3)", ".cx(3, 8)", ".cx(3, 10)", ".cx(4, 9)", ".cx(3, 5)", ".cx(1, 13)", ".cx(0, 8)", ".h(0)", ".cx(0, 2)", ".cx(2, 4)", ".cx(0, 3)", ".cx(8, 11)", ".cx(3, 6)", ".h(5)", ".cx(5, 9)", ".cx(5, 7)", ".cx(1, 9)", ".h(1)", ".cx(1, 6)", ".cx(1, 4)", ".cx(3, 9)", ".h(10)", ".cx(10, 12)", ".cx(5, 8)", ".cx(7, 12)"]}, {"type": "non-degenerate", "A": [0, 0, 0, 0, 4, 11, 52, 149, 316, 474, 476, 346, 176, 43], "B": [0, 0, 0, 47, 240, 1042, 3680, 9631, 19264, 28876, 31392, 23633, 10960, 2306], "gates": [".cx(0, 11)", ".h(0)", ".cx(0, 8)", ".cx(0, 1)", ".cx(1, 3)", ".cx(0, 2)", ".cx(2, 4)", ".cx(0, 11)", ".cx(11, 13)", ".cx(0, 12)", ".h(0)", ".cx(0, 10)", ".cx(0, 5)", ".cx(0, 7)", ".cx(0, 6)", ".cx(0, 9)", ".h(0)", ".cx(0, 2)", ".cx(2, 11)", ".cx(0, 1)", ".cx(1, 7)", ".h(3)", ".cx(3, 5)", ".cx(3, 13)", ".cx(5, 8)", ".cx(0, 10)", ".h(0)", ".cx(0, 9)", ".cx(0, 4)", ".cx(0, 1)", ".cx(4, 6)", ".cx(1, 12)", ".h(2)", ".cx(2, 6)", ".cx(2, 8)", ".cx(2, 11)", ".h(9)", ".cx(9, 13)", ".cx(9, 12)"]}, {"type": "non-degenerate", "A": [0, 0, 0, 1, 1, 12, 48, 159, 330, 444, 472, 367, 173, 40], "B": [0, 0, 0, 41, 260, 1068, 3600, 9651, 19256, 28848, 31568, 23555, 10852, 2372], "gates": [".cx(1, 6)", ".cx(0, 13)", ".h(0)", ".cx(0, 4)", ".cx(0, 2)", ".cx(2, 12)", ".cx(2, 6)", ".cx(0, 11)", ".h(0)", ".cx(0, 9)", ".cx(0, 1)", ".cx(1, 10)", ".cx(0, 7)", ".cx(0, 5)", ".h(0)", ".cx(0, 13)", ".cx(0, 8)", ".cx(0, 3)", ".cx(0, 6)", ".cx(0, 5)", ".h(0)", ".cx(0, 4)", ".cx(4, 9)", ".cx(4, 13)", ".cx(1, 11)", ".cx(0, 1)", ".h(4)", ".cx(4, 12)", ".cx(4, 7)", ".cx(7, 8)", ".cx(0, 2)", ".h(3)", ".cx(3, 11)", ".cx(3, 10)", ".cx(4, 13)", ".cx(3, 8)", ".cx(2, 5)", ".h(5)", ".cx(5, 12)", ".cx(5, 9)", ".cx(5, 10)", ".h(2)", ".cx(2, 7)"]}, {"type": "non-degenerate", "A": [0, 0, 0, 0, 2, 12, 54, 159, 306, 454, 498, 352, 164, 46], "B": [0, 0, 0, 43, 228, 1098, 3648, 9591, 19304, 28828, 31456, 23645, 10900, 2330], "gates": [".cx(2, 13)", ".h(5)", ".cx(5, 6)", ".cx(0, 5)", ".cx(5, 11)", ".cx(1, 5)", ".h(3)", ".cx(3, 12)", ".cx(3, 13)", ".cx(5, 10)", ".h(1)", ".cx(1, 9)", ".cx(1, 2)", ".cx(2, 8)", ".cx(3, 4)", ".cx(5, 7)", ".h(0)", ".cx(0, 5)", ".cx(5, 12)", ".h(1)", ".cx(1, 6)", ".cx(6, 13)", ".cx(1, 9)", ".cx(4, 7)", ".cx(7, 8)", ".h(4)", ".cx(4, 10)", ".cx(4, 9)", ".cx(9, 12)", ".cx(9, 11)", ".cx(0, 13)", ".h(0)", ".cx(0, 1)", ".cx(4, 8)", ".cx(0, 3)", ".cx(2, 3)", ".cx(1, 8)"]}, {"type": "non-degenerate", "A": [0, 0, 0, 2, 3, 11, 50, 143, 312, 488, 494, 326, 165, 53], "B": [0, 0, 0, 63, 228, 1062, 3648, 9535, 19304, 29012, 31456, 23489, 10900, 2374], "gates": [".cx(2, 7)", ".cx(1, 4)", ".cx(0, 10)", ".h(3)", ".cx(3, 4)", ".cx(4, 10)", ".h(5)", ".cx(5, 8)", ".cx(5, 7)", ".cx(10, 13)", ".cx(7, 9)", ".h(0)", ".cx(0, 12)", ".cx(0, 2)", ".cx(3, 11)", ".cx(0, 6)", ".cx(0, 1)", ".h(0)", ".cx(0, 10)", ".cx(0, 1)", ".cx(1, 9)", ".cx(5, 13)", ".h(4)", ".cx(4, 8)", ".cx(10, 12)", ".cx(2, 3)", ".h(2)", ".cx(2, 5)", ".cx(5, 12)", ".cx(4, 10)", ".h(7)", ".cx(7, 10)", ".cx(2, 6)", ".cx(7, 11)"]}, {"type": "non-degenerate", "A": [0, 0, 0, 3, 5, 10, 42, 137, 324, 502, 486, 315, 167, 56], "B": [0, 0, 0, 75, 236, 1026, 3616, 9559, 19352, 29036, 31424, 23453, 10908, 2386], "gates": [".cx(1, 5)", ".h(3)", ".cx(3, 8)", ".cx(0, 3)", ".h(0)", ".cx(0, 13)", ".cx(0, 2)", ".cx(2, 12)", ".cx(8, 11)", ".cx(3, 4)", ".cx(3, 10)", ".cx(2, 5)", ".cx(0, 7)", ".cx(3, 6)", ".h(0)", ".cx(0, 9)", ".cx(0, 1)", ".cx(1, 11)", ".h(4)", ".cx(4, 13)", ".cx(0, 7)", ".cx(7, 10)", ".h(0)", ".cx(0, 2)", ".cx(2, 8)", ".cx(4, 9)", ".cx(6, 12)", ".cx(0, 3)", ".cx(8, 9)", ".h(6)", ".cx(6, 12)", ".h(5)", ".cx(5, 12)", ".cx(11, 12)", ".cx(6, 9)", ".cx(1, 9)"]}, {"type": "non-degenerate", "A": [0, 0, 0, 3, 4, 6, 38, 161, 342, 454, 466, 355, 174, 44], "B": [0, 0, 0, 57, 280, 1040, 3504, 9619, 19424, 28952, 31440, 23475, 10888, 2392], "gates": [".cx(2, 11)", ".h(3)", ".cx(3, 9)", ".cx(3, 5)", ".cx(0, 3)", ".h(0)", ".cx(0, 12)", ".cx(0, 1)", ".cx(1, 8)", ".cx(3, 11)", ".cx(0, 2)", ".cx(3, 4)", ".cx(1, 13)", ".cx(3, 7)", ".cx(0, 6)", ".h(0)", ".cx(0, 10)", ".cx(0, 1)", ".cx(1, 4)", ".cx(11, 13)", ".h(3)", ".cx(3, 6)", ".cx(3, 9)", ".cx(9, 12)", ".cx(0, 7)", ".h(5)", ".cx(5, 8)", ".cx(5, 10)", ".cx(9, 10)", ".cx(2, 10)", ".h(2)", ".cx(2, 11)", ".cx(2, 13)", ".h(1)", ".cx(1, 8)", ".cx(5, 11)"]}, {"type": "non-degenerate", "A": [0, 0, 0, 1, 2, 13, 42, 165, 326, 436, 494, 361, 160, 47], "B": [0, 0, 0, 47, 244, 1094, 3552, 9663, 19368, 28724, 31552, 23633, 10820, 2374], "gates": [".cx(1, 9)", ".cx(0, 13)", ".cx(2, 4)", ".h(0)", ".cx(0, 4)", ".cx(4, 9)", ".cx(0, 6)", ".cx(0, 7)", ".cx(0, 12)", ".h(0)", ".cx(0, 8)", ".cx(0, 1)", ".cx(1, 10)", ".cx(0, 5)", ".cx(0, 2)", ".cx(0, 3)", ".h(0)", ".cx(0, 13)", ".cx(0, 11)", ".cx(0, 3)", ".cx(3, 9)", ".h(0)", ".cx(0, 2)", ".cx(0, 6)", ".h(5)", ".cx(5, 7)", ".cx(5, 10)", ".cx(1, 12)", ".cx(6, 8)", ".cx(5, 13)", ".cx(0, 4)", ".cx(5, 6)", ".h(4)", ".cx(4, 10)", ".cx(4, 11)", ".h(1)", ".cx(1, 8)", ".cx(2, 7)", ".cx(1, 3)"]}, {"type": "non-degenerate", "A": [0, 0, 0, 3, 2, 9, 48, 147, 324, 478, 480, 337, 170, 49], "B": [0, 0, 0, 61, 252, 1056, 3600, 9531, 19304, 29080, 31504, 23399, 10876, 2408], "gates": [".cx(0, 3)", ".cx(1, 12)", ".h(4)", ".cx(4, 6)", ".cx(4, 8)", ".cx(2, 4)", ".cx(4, 10)", ".h(5)", ".cx(5, 7)", ".cx(5, 12)", ".cx(12, 13)", ".h(0)", ".cx(0, 1)", ".cx(1, 2)", ".cx(4, 9)", ".cx(5, 11)", ".cx(0, 3)", ".cx(3, 5)", ".cx(5, 10)", ".h(1)", ".cx(1, 8)", ".cx(8, 12)", ".cx(1, 3)", ".cx(0, 9)", ".cx(4, 13)", ".h(2)", ".cx(2, 4)", ".cx(2, 11)", ".h(3)", ".cx(3, 6)", ".cx(3, 5)", ".cx(5, 12)", ".cx(2, 10)", ".h(8)", ".cx(8, 11)"]}, {"type": "non-degenerate", "A": [0, 0, 0, 0, 3, 15, 48, 149, 318, 466, 488, 346, 167, 47], "B": [0, 0, 0, 49, 228, 1060, 3664, 9667, 19256, 28768, 31504, 23659, 10884, 2332], "gates": [".cx(0, 6)", ".cx(1, 7)", ".cx(2, 8)", ".h(3)", ".cx(3, 8)", ".cx(3, 6)", ".cx(6, 11)", ".h(0)", ".cx(0, 5)", ".cx(0, 10)", ".cx(8, 13)", ".cx(0, 9)", ".cx(3, 7)", ".cx(0, 4)", ".h(0)", ".cx(0, 1)", ".cx(1, 12)", ".cx(0, 2)", ".cx(0, 11)", ".h(0)", ".cx(0, 6)", ".cx(6, 10)", ".h(1)", ".cx(1, 13)", ".cx(1, 5)", ".cx(5, 7)", ".h(8)", ".cx(8, 9)", ".cx(5, 12)", ".cx(2, 6)", ".cx(8, 11)", ".h(5)", ".cx(5, 10)", ".cx(0, 4)", ".h(0)", ".cx(0, 1)"]}, {"type": "non-degenerate", "A": [0, 0, 0, 3, 1, 19, 34, 149, 324, 460, 526, 327, 139, 65], "B": [0, 0, 0, 73, 208, 1112, 3536, 9619, 19376, 28744, 31728, 23523, 10688, 2464], "gates": [".cx(2, 8)", ".cx(1, 9)", ".h(3)", ".cx(3, 11)", ".cx(3, 4)", ".cx(0, 3)", ".cx(3, 12)", ".h(0)", ".cx(0, 1)", ".cx(1, 2)", ".cx(2, 7)", ".cx(0, 5)", ".cx(3, 6)", ".cx(2, 13)", ".cx(3, 10)", ".cx(0, 8)", ".h(2)", ".cx(2, 9)", ".cx(9, 10)", ".cx(2, 5)", ".cx(0, 3)", ".h(0)", ".cx(0, 12)", ".cx(0, 1)", ".h(6)", ".cx(6, 13)", ".h(4)", ".cx(4, 9)", ".cx(6, 7)", ".cx(11, 13)", ".cx(9, 12)", ".cx(0, 13)", ".cx(4, 8)", ".cx(6, 9)", ".cx(7, 10)", ".cx(11, 12)"]}, {"type": "non-degenerate", "A": [0, 0, 0, 2, 1, 24, 34, 139, 324, 470, 526, 322, 139, 66], "B": [0, 0, 0, 73, 192, 1096, 3600, 9683, 19280, 28648, 31792, 23587, 10672, 2448], "gates": [".cx(0, 6)", ".cx(1, 12)", ".h(5)", ".cx(5, 7)", ".cx(5, 12)", ".cx(2, 5)", ".cx(5, 8)", ".h(0)", ".cx(0, 3)", ".cx(0, 1)", ".cx(1, 13)", ".cx(5, 9)", ".cx(5, 11)", ".cx(0, 4)", ".h(0)", ".cx(0, 2)", ".cx(0, 6)", ".cx(0, 10)", ".cx(6, 8)", ".h(0)", ".cx(0, 11)", ".cx(0, 4)", ".cx(1, 5)", ".cx(2, 13)", ".cx(0, 6)", ".cx(6, 12)", ".h(1)", ".cx(1, 10)", ".cx(1, 9)", ".h(0)", ".cx(0, 7)", ".cx(0, 13)", ".cx(7, 11)", ".cx(4, 10)"]}, {"type": "non-degenerate", "A": [0, 0, 0, 3, 0, 22, 30, 153, 326, 446, 538, 331, 130, 68], "B": [0, 0, 0, 73, 200, 1136, 3504, 9651, 19392, 28632, 31824, 23555, 10616, 2488], "gates": [".cx(0, 11)", ".cx(2, 10)", ".cx(1, 13)", ".h(3)", ".cx(3, 10)", ".cx(3, 11)", ".cx(11, 13)", ".h(0)", ".cx(0, 12)", ".cx(0, 1)", ".cx(1, 4)", ".cx(3, 8)", ".cx(0, 9)", ".cx(0, 6)", ".cx(3, 7)", ".h(0)", ".cx(0, 2)", ".cx(0, 5)", ".cx(2, 13)", ".cx(3, 4)", ".h(3)", ".cx(3, 9)", ".cx(9, 10)", ".cx(3, 8)", ".cx(3, 5)", ".cx(2, 6)", ".h(0)", ".cx(0, 11)", ".cx(11, 12)", ".cx(0, 3)", ".h(2)", ".cx(2, 4)", ".cx(2, 11)", ".cx(2, 10)", ".cx(1, 5)"]}, {"type": "non-degenerate", "A": [0, 0, 0, 1, 1, 16, 54, 137, 312, 486, 490, 333, 167, 50], "B": [0, 0, 0, 55, 220, 1062, 3712, 9583, 19160, 28948, 31584, 23513, 10860, 2374], "gates": [".cx(1, 11)", ".cx(0, 9)", ".h(3)", ".cx(3, 7)", ".cx(2, 3)", ".cx(3, 6)", ".h(4)", ".cx(4, 11)", ".cx(4, 9)", ".cx(9, 13)", ".h(0)", ".cx(0, 12)", ".cx(0, 1)", ".cx(1, 2)", ".cx(3, 10)", ".cx(4, 5)", ".cx(4, 8)", ".cx(2, 4)", ".h(3)", ".cx(3, 8)", ".cx(3, 12)", ".cx(12, 13)", ".h(2)", ".cx(2, 6)", ".cx(6, 9)", ".cx(2, 11)", ".cx(0, 10)", ".h(0)", ".cx(0, 5)", ".cx(5, 7)", ".cx(7, 13)", ".cx(7, 12)", ".h(1)", ".cx(1, 3)"]}, {"type": "non-degenerate", "A": [0, 0, 0, 5, 1, 15, 34, 145, 324, 476, 526, 313, 139, 69], "B": [0, 0, 0, 85, 216, 1108, 3504, 9515, 19424, 28960, 31696, 23359, 10696, 2508], "gates": [".cx(0, 8)", ".cx(1, 7)", ".cx(2, 6)", ".h(4)", ".cx(4, 5)", ".cx(4, 8)", ".cx(8, 12)", ".h(0)", ".cx(0, 2)", ".cx(0, 1)", ".cx(1, 9)", ".h(3)", ".cx(3, 13)", ".cx(3, 6)", ".cx(6, 11)", ".cx(5, 7)", ".cx(3, 10)", ".h(5)", ".cx(5, 6)", ".cx(6, 9)", ".cx(5, 8)", ".cx(8, 11)", ".h(0)", ".cx(0, 3)", ".cx(0, 4)", ".cx(2, 10)", ".cx(1, 12)", ".h(1)", ".cx(1, 7)", ".cx(1, 13)", ".cx(3, 9)"]}, {"type": "non-degenerate", "A": [0, 0, 0, 2, 4, 9, 46, 143, 334, 484, 458, 342, 182, 43], "B": [0, 0, 0, 57, 264, 1008, 3632, 9619, 19264, 29016, 31440, 23475, 10936, 2360], "gates": [".cx(0, 12)", ".cx(2, 10)", ".cx(1, 6)", ".h(0)", ".cx(0, 11)", ".cx(0, 8)", ".cx(0, 4)", ".h(0)", ".cx(0, 6)", ".cx(6, 12)", ".cx(12, 13)", ".cx(0, 3)", ".cx(3, 10)", ".cx(0, 7)", ".h(0)", ".cx(0, 1)", ".cx(1, 2)", ".cx(2, 9)", ".cx(0, 5)", ".h(3)", ".cx(3, 5)", ".cx(3, 13)", ".cx(0, 12)", ".h(0)", ".cx(0, 4)", ".cx(0, 9)", ".cx(0, 6)", ".cx(3, 8)", ".h(2)", ".cx(2, 10)", ".cx(2, 11)", ".cx(4, 12)", ".cx(5, 10)", ".h(1)", ".cx(1, 4)", ".cx(2, 6)", ".cx(10, 13)", ".cx(2, 12)"]}]