[{"type": "non-degenerate", "A": [0, 0, 0, 0, 0, 2, 4, 16, 0, 0, 0, 0, 0, 0], "B": [0, 0, 40, 327, 1856, 8626, 29232, 77071, 0, 0, 0, 0, 0, 0], "gates": [".cx(1, 11)", ".cx(2, 7)", ".cx(4, 6)", ".cx(0, 10)", ".cx(3, 12)", ".h(8)", ".cx(8, 11)", ".cx(8, 13)", ".cx(5, 8)", ".cx(8, 10)", ".h(0)", ".cx(0, 3)", ".cx(0, 4)", ".h(2)", ".cx(2, 8)", ".cx(8, 12)", ".h(0)", ".cx(0, 7)", ".cx(2, 6)", ".cx(7, 10)", ".cx(0, 4)", ".cx(3, 13)", ".cx(8, 9)", ".cx(4, 8)", ".cx(1, 4)", ".cx(7, 9)", ".h(1)", ".cx(1, 7)", ".cx(1, 6)", ".cx(2, 3)", ".h(5)", ".cx(5, 10)", ".cx(5, 12)"]}, {"type": "non-degenerate", "A": [0, 0, 0, 0, 0, 5, 5, 7, 0, 0, 0, 0, 0, 0], "B": [0, 0, 50, 329, 1822, 8504, 29492, 77251, 0, 0, 0, 0, 0, 0], "gates": [".cx(2, 6)", ".cx(4, 12)", ".cx(3, 8)", ".cx(5, 9)", ".cx(1, 13)", ".h(7)", ".cx(7, 10)", ".cx(7, 13)", ".cx(0, 7)", ".cx(7, 8)", ".h(6)", ".cx(6, 7)", ".cx(7, 12)", ".h(0)", ".cx(0, 4)", ".cx(4, 9)", ".cx(6, 9)", ".cx(9, 11)", ".cx(0, 3)", ".cx(1, 6)", ".cx(7, 11)", ".cx(3, 7)", ".h(1)", ".cx(1, 13)", ".cx(1, 3)", ".cx(2, 7)", ".h(2)", ".cx(2, 10)", ".cx(2, 4)", ".cx(1, 5)", ".cx(2, 5)"]}, {"type": "non-degenerate", "A": [0, 0, 0, 0, 1, 4, 4, 9, 0, 0, 0, 0, 0, 0], "B": [0, 0, 52, 343, 1804, 8522, 29384, 77199, 0, 0, 0, 0, 0, 0], "gates": [".cx(2, 7)", ".cx(5, 10)", ".cx(3, 13)", ".cx(0, 8)", ".cx(4, 12)", ".cx(1, 11)", ".h(6)", ".cx(6, 10)", ".cx(10, 11)", ".cx(6, 13)", ".h(7)", ".cx(7, 12)", ".cx(7, 8)", ".cx(2, 6)", ".h(2)", ".cx(2, 9)", ".cx(2, 4)", ".cx(8, 13)", ".h(0)", ".cx(0, 6)", ".cx(6, 9)", ".cx(6, 7)", ".cx(3, 6)", ".cx(1, 6)", ".cx(4, 5)", ".cx(0, 4)", ".h(1)", ".cx(1, 2)", ".cx(2, 11)", ".h(3)", ".cx(3, 12)", ".cx(3, 11)"]}, {"type": "non-degenerate", "A": [0, 0, 0, 0, 1, 2, 6, 10, 0, 0, 0, 0, 0, 0], "B": [0, 0, 48, 335, 1848, 8490, 29440, 77023, 0, 0, 0, 0, 0, 0], "gates": [".cx(5, 11)", ".cx(1, 9)", ".cx(0, 12)", ".cx(4, 6)", ".cx(2, 7)", ".cx(3, 10)", ".cx(0, 13)", ".h(0)", ".cx(0, 11)", ".cx(0, 7)", ".cx(0, 10)", ".cx(0, 8)", ".h(0)", ".cx(0, 6)", ".cx(0, 9)", ".cx(0, 11)", ".cx(11, 12)", ".cx(0, 3)", ".h(0)", ".cx(0, 1)", ".cx(1, 3)", ".cx(3, 4)", ".cx(4, 8)", ".cx(2, 3)", ".h(2)", ".cx(2, 9)", ".cx(2, 3)", ".cx(1, 7)", ".cx(3, 12)", ".cx(2, 13)", ".cx(10, 13)", ".h(1)", ".cx(1, 5)", ".cx(3, 5)"]}, {"type": "non-degenerate", "A": [0, 0, 0, 1, 1, 1, 6, 11, 0, 0, 0, 0, 0, 0], "B": [0, 0, 60, 343, 1908, 8538, 29144, 76751, 0, 0, 0, 0, 0, 0], "gates": [".cx(1, 10)", ".cx(4, 9)", ".cx(0, 12)", ".cx(2, 13)", ".cx(3, 11)", ".h(6)", ".cx(6, 10)", ".cx(6, 11)", ".cx(5, 6)", ".cx(6, 9)", ".h(8)", ".cx(8, 12)", ".cx(8, 11)", ".cx(11, 13)", ".h(1)", ".cx(1, 4)", ".cx(1, 7)", ".cx(6, 7)", ".cx(0, 6)", ".h(0)", ".cx(0, 4)", ".cx(4, 5)", ".cx(0, 10)", ".cx(10, 12)", ".cx(2, 8)", ".cx(5, 13)", ".h(3)", ".cx(3, 5)", ".cx(5, 9)", ".h(2)", ".cx(2, 9)", ".cx(2, 8)"]}, {"type": "non-degenerate", "A": [0, 0, 0, 1, 0, 0, 3, 16, 0, 0, 0, 0, 0, 0], "B": [0, 0, 42, 357, 1934, 8596, 28996, 76795, 0, 0, 0, 0, 0, 0], "gates": [".cx(5, 9)", ".cx(3, 10)", ".cx(0, 12)", ".cx(2, 13)", ".cx(1, 7)", ".h(6)", ".cx(6, 11)", ".cx(6, 9)", ".cx(4, 6)", ".cx(9, 13)", ".cx(6, 7)", ".h(0)", ".cx(0, 6)", ".cx(6, 8)", ".h(9)", ".cx(9, 10)", ".cx(9, 12)", ".cx(10, 11)", ".h(2)", ".cx(2, 3)", ".cx(2, 8)", ".cx(1, 9)", ".h(1)", ".cx(1, 2)", ".cx(1, 12)", ".cx(12, 13)", ".cx(6, 9)", ".cx(1, 5)", ".cx(0, 3)", ".cx(3, 5)", ".h(0)", ".cx(0, 3)", ".h(4)", ".cx(4, 7)", ".cx(4, 13)"]}, {"type": "non-degenerate", "A": [0, 0, 0, 0, 2, 1, 4, 16, 0, 0, 0, 0, 0, 0], "B": [0, 0, 56, 311, 1904, 8514, 29136, 77167, 0, 0, 0, 0, 0, 0], "gates": [".cx(2, 13)", ".cx(3, 10)", ".cx(1, 12)", ".cx(0, 11)", ".cx(5, 8)", ".h(7)", ".cx(7, 13)", ".cx(7, 8)", ".cx(4, 7)", ".cx(7, 10)", ".h(6)", ".cx(6, 12)", ".cx(6, 7)", ".cx(7, 11)", ".cx(0, 3)", ".h(0)", ".cx(0, 2)", ".cx(0, 3)", ".cx(3, 9)", ".cx(7, 9)", ".cx(1, 7)", ".cx(5, 7)", ".cx(2, 12)", ".h(1)", ".cx(1, 8)", ".cx(1, 3)", ".cx(3, 7)", ".h(4)", ".cx(4, 10)", ".cx(4, 5)", ".cx(0, 5)", ".h(2)", ".cx(2, 6)"]}, {"type": "non-degenerate", "A": [0, 0, 0, 0, 2, 2, 1, 16, 0, 0, 0, 0, 0, 0], "B": [0, 0, 54, 321, 1906, 8488, 29052, 77395, 0, 0, 0, 0, 0, 0], "gates": [".cx(4, 8)", ".cx(2, 9)", ".cx(3, 10)", ".cx(5, 13)", ".cx(0, 11)", ".h(7)", ".cx(7, 8)", ".cx(7, 9)", ".cx(1, 7)", ".cx(8, 11)", ".h(6)", ".cx(6, 10)", ".cx(10, 13)", ".cx(6, 12)", ".cx(7, 12)", ".cx(0, 6)", ".h(0)", ".cx(0, 5)", ".cx(5, 7)", ".cx(0, 6)", ".cx(2, 10)", ".h(2)", ".cx(2, 11)", ".cx(2, 3)", ".h(1)", ".cx(1, 2)", ".cx(2, 5)", ".cx(6, 8)", ".cx(1, 13)", ".h(4)", ".cx(4, 13)", ".cx(4, 12)"]}, {"type": "non-degenerate", "A": [0, 0, 0, 1, 0, 2, 4, 16, 0, 0, 0, 0, 0, 0], "B": [0, 0, 54, 341, 1914, 8524, 29340, 76411, 0, 0, 0, 0, 0, 0], "gates": [".cx(4, 7)", ".cx(0, 10)", ".cx(1, 13)", ".cx(3, 12)", ".cx(5, 11)", ".cx(2, 9)", ".h(8)", ".cx(8, 13)", ".cx(8, 10)", ".h(6)", ".cx(6, 7)", ".cx(7, 9)", ".cx(6, 8)", ".cx(8, 12)", ".cx(8, 11)", ".cx(0, 7)", ".h(0)", ".cx(0, 3)", ".cx(0, 5)", ".cx(5, 9)", ".cx(3, 8)", ".cx(2, 8)", ".cx(1, 7)", ".h(2)", ".cx(2, 3)", ".cx(2, 10)", ".h(1)", ".cx(1, 5)", ".cx(1, 6)", ".cx(10, 12)", ".h(4)", ".cx(4, 12)", ".cx(4, 13)"]}, {"type": "non-degenerate", "A": [0, 0, 0, 0, 0, 1, 6, 17, 0, 0, 0, 0, 0, 0], "B": [0, 0, 40, 323, 1848, 8670, 29264, 76871, 0, 0, 0, 0, 0, 0], "gates": [".cx(3, 13)", ".cx(4, 10)", ".cx(0, 6)", ".cx(2, 8)", ".cx(1, 11)", ".h(7)", ".cx(7, 10)", ".cx(7, 9)", ".cx(5, 7)", ".cx(7, 13)", ".cx(10, 11)", ".h(0)", ".cx(0, 7)", ".cx(7, 8)", ".cx(8, 12)", ".h(2)", ".cx(2, 6)", ".cx(6, 10)", ".cx(2, 12)", ".h(2)", ".cx(2, 3)", ".cx(3, 9)", ".cx(1, 7)", ".h(1)", ".cx(1, 8)", ".cx(1, 3)", ".cx(2, 4)", ".h(4)", ".cx(4, 13)", ".h(5)", ".cx(5, 10)", ".cx(5, 8)"]}, {"type": "non-degenerate", "A": [0, 0, 0, 0, 2, 0, 3, 17, 0, 0, 0, 0, 0, 0], "B": [0, 0, 46, 341, 1874, 8540, 29132, 77051, 0, 0, 0, 0, 0, 0], "gates": [".cx(1, 7)", ".cx(3, 12)", ".cx(4, 13)", ".cx(2, 8)", ".h(6)", ".cx(6, 13)", ".cx(6, 8)", ".cx(5, 6)", ".cx(6, 9)", ".cx(0, 6)", ".cx(6, 12)", ".h(7)", ".cx(7, 10)", ".cx(7, 8)", ".h(2)", ".cx(2, 6)", ".cx(6, 11)", ".cx(1, 6)", ".h(1)", ".cx(1, 3)", ".cx(1, 9)", ".cx(3, 6)", ".cx(6, 7)", ".cx(4, 6)", ".h(0)", ".cx(0, 1)", ".cx(1, 4)", ".cx(2, 4)", ".cx(8, 11)", ".cx(0, 13)", ".h(5)", ".cx(5, 6)", ".cx(6, 12)"]}, {"type": "non-degenerate", "A": [0, 0, 0, 0, 0, 2, 7, 13, 0, 0, 0, 0, 0, 0], "B": [0, 0, 46, 309, 1874, 8572, 29388, 76987, 0, 0, 0, 0, 0, 0], "gates": [".cx(4, 11)", ".cx(0, 12)", ".cx(2, 7)", ".cx(1, 10)", ".cx(5, 13)", ".h(6)", ".cx(6, 7)", ".cx(6, 13)", ".cx(3, 6)", ".cx(6, 11)", ".h(1)", ".cx(1, 6)", ".cx(6, 12)", ".cx(7, 9)", ".cx(0, 9)", ".h(0)", ".cx(0, 5)", ".cx(0, 4)", ".cx(4, 7)", ".cx(6, 8)", ".h(3)", ".cx(3, 6)", ".cx(6, 10)", ".cx(5, 6)", ".cx(1, 5)", ".cx(10, 11)", ".cx(0, 8)", ".cx(3, 9)", ".h(2)", ".cx(2, 4)", ".cx(4, 9)"]}, {"type": "non-degenerate", "A": [0, 0, 0, 1, 1, 2, 7, 8, 0, 0, 0, 0, 0, 0], "B": [0, 0, 64, 347, 1872, 8534, 29248, 76727, 0, 0, 0, 0, 0, 0], "gates": [".cx(5, 11)", ".cx(1, 12)", ".cx(2, 8)", ".cx(0, 10)", ".cx(3, 13)", ".h(7)", ".cx(7, 11)", ".cx(7, 13)", ".cx(4, 7)", ".h(6)", ".cx(6, 10)", ".cx(6, 8)", ".cx(10, 12)", ".cx(7, 9)", ".cx(8, 9)", ".h(0)", ".cx(0, 3)", ".cx(3, 6)", ".cx(0, 5)", ".cx(5, 7)", ".cx(1, 7)", ".h(1)", ".cx(1, 10)", ".cx(1, 5)", ".cx(4, 8)", ".cx(6, 11)", ".h(3)", ".cx(3, 4)", ".cx(5, 8)", ".h(2)", ".cx(2, 3)", ".cx(2, 11)"]}, {"type": "non-degenerate", "A": [0, 0, 0, 0, 1, 0, 2, 24, 0, 0, 0, 0, 0, 0], "B": [0, 0, 42, 313, 1942, 8504, 29284, 76707, 0, 0, 0, 0, 0, 0], "gates": [".cx(1, 13)", ".cx(2, 12)", ".cx(3, 11)", ".cx(0, 6)", ".cx(4, 10)", ".cx(5, 8)", ".h(7)", ".cx(7, 8)", ".cx(7, 10)", ".cx(10, 11)", ".h(9)", ".cx(9, 12)", ".cx(9, 11)", ".cx(11, 13)", ".cx(0, 7)", ".h(0)", ".cx(0, 3)", ".cx(0, 5)", ".cx(1, 9)", ".h(1)", ".cx(1, 5)", ".cx(1, 2)", ".cx(2, 7)", ".cx(5, 9)", ".h(6)", ".cx(6, 8)", ".cx(6, 13)", ".h(11)", ".cx(0, 11)", ".cx(1, 11)", ".h(1)", ".cx(1, 3)", ".h(4)", ".cx(4, 12)", ".cx(4, 11)"]}, {"type": "non-degenerate", "A": [0, 0, 0, 0, 2, 3, 2, 12, 0, 0, 0, 0, 0, 0], "B": [0, 0, 56, 335, 1856, 8474, 29200, 77343, 0, 0, 0, 0, 0, 0], "gates": [".cx(3, 9)", ".cx(4, 12)", ".cx(5, 11)", ".cx(1, 8)", ".cx(0, 10)", ".h(6)", ".cx(6, 12)", ".cx(6, 10)", ".cx(2, 6)", ".h(7)", ".cx(7, 8)", ".cx(7, 11)", ".cx(6, 13)", ".h(1)", ".cx(1, 3)", ".cx(1, 6)", ".cx(11, 13)", ".cx(7, 9)", ".cx(6, 7)", ".cx(4, 7)", ".h(4)", ".cx(4, 5)", ".cx(4, 8)", ".cx(8, 10)", ".cx(0, 6)", ".h(0)", ".cx(0, 11)", ".cx(0, 3)", ".cx(3, 5)", ".h(2)", ".cx(2, 9)", ".cx(9, 10)"]}, {"type": "non-degenerate", "A": [0, 0, 0, 1, 2, 1, 2, 10, 0, 0, 0, 0, 0, 0], "B": [0, 0, 58, 369, 1926, 8416, 29060, 77011, 0, 0, 0, 0, 0, 0], "gates": [".cx(3, 12)", ".cx(4, 11)", ".cx(1, 10)", ".cx(5, 8)", ".cx(2, 9)", ".h(7)", ".cx(7, 8)", ".cx(7, 10)", ".h(6)", ".cx(6, 12)", ".cx(6, 11)", ".cx(0, 6)", ".h(1)", ".cx(1, 2)", ".cx(2, 4)", ".cx(10, 12)", ".cx(11, 13)", ".cx(1, 6)", ".cx(6, 7)", ".cx(7, 9)", ".cx(3, 7)", ".cx(5, 10)", ".h(0)", ".cx(0, 2)", ".cx(2, 7)", ".h(3)", ".cx(3, 8)", ".cx(3, 13)", ".cx(3, 4)", ".h(5)", ".cx(5, 12)", ".cx(5, 13)"]}, {"type": "non-degenerate", "A": [0, 0, 0, 1, 2, 0, 3, 11, 0, 0, 0, 0, 0, 0], "B": [0, 0, 56, 367, 1936, 8426, 29072, 76895, 0, 0, 0, 0, 0, 0], "gates": [".cx(1, 9)", ".cx(0, 6)", ".cx(3, 12)", ".cx(2, 8)", ".h(7)", ".cx(7, 8)", ".cx(7, 9)", ".cx(5, 7)", ".cx(7, 12)", ".cx(4, 7)", ".cx(0, 11)", ".h(0)", ".cx(0, 3)", ".cx(0, 1)", ".cx(3, 8)", ".cx(8, 11)", ".h(10)", ".cx(10, 13)", ".cx(10, 11)", ".cx(7, 10)", ".cx(1, 7)", ".cx(2, 7)", ".h(2)", ".cx(2, 3)", ".cx(2, 6)", ".h(4)", ".cx(4, 6)", ".cx(4, 12)", ".h(1)", ".cx(1, 7)", ".h(5)", ".cx(5, 11)", ".cx(11, 12)"]}, {"type": "non-degenerate", "A": [0, 0, 0, 0, 0, 0, 6, 15, 0, 0, 0, 0, 0, 0], "B": [0, 0, 34, 325, 1910, 8532, 29364, 76923, 0, 0, 0, 0, 0, 0], "gates": [".cx(1, 9)", ".cx(3, 10)", ".cx(5, 12)", ".cx(4, 13)", ".cx(0, 6)", ".cx(2, 8)", ".h(7)", ".cx(7, 10)", ".cx(7, 9)", ".cx(10, 13)", ".cx(0, 5)", ".h(0)", ".cx(0, 2)", ".cx(0, 5)", ".cx(5, 7)", ".cx(7, 8)", ".cx(9, 11)", ".cx(0, 4)", ".h(0)", ".cx(0, 9)", ".cx(0, 3)", ".cx(0, 4)", ".cx(4, 11)", ".cx(9, 12)", ".h(0)", ".cx(0, 2)", ".cx(2, 6)", ".cx(2, 10)", ".cx(3, 6)", ".h(8)", ".cx(8, 9)", ".cx(0, 1)", ".h(1)", ".cx(1, 12)"]}, {"type": "non-degenerate", "A": [0, 0, 0, 1, 1, 2, 5, 9, 0, 0, 0, 0, 0, 0], "B": [0, 0, 58, 369, 1846, 8560, 29188, 76755, 0, 0, 0, 0, 0, 0], "gates": [".cx(1, 9)", ".cx(4, 8)", ".cx(5, 7)", ".cx(0, 12)", ".cx(2, 13)", ".h(10)", ".cx(10, 13)", ".cx(10, 11)", ".cx(3, 10)", ".cx(10, 12)", ".h(6)", ".cx(6, 8)", ".cx(6, 7)", ".cx(6, 9)", ".cx(9, 10)", ".cx(2, 6)", ".h(2)", ".cx(2, 4)", ".cx(2, 7)", ".cx(7, 11)", ".cx(0, 6)", ".h(0)", ".cx(0, 5)", ".cx(5, 9)", ".cx(4, 5)", ".h(1)", ".cx(1, 4)", ".cx(4, 12)", ".h(3)", ".cx(3, 8)", ".cx(3, 10)"]}, {"type": "non-degenerate", "A": [0, 0, 0, 0, 2, 0, 4, 17, 0, 0, 0, 0, 0, 0], "B": [0, 0, 52, 311, 1932, 8490, 29128, 77135, 0, 0, 0, 0, 0, 0], "gates": [".cx(2, 12)", ".cx(1, 11)", ".cx(5, 13)", ".cx(3, 9)", ".cx(4, 8)", ".cx(0, 7)", ".h(6)", ".cx(6, 7)", ".cx(6, 13)", ".cx(7, 9)", ".h(8)", ".cx(8, 12)", ".cx(8, 9)", ".cx(9, 11)", ".cx(1, 6)", ".h(1)", ".cx(1, 2)", ".cx(1, 4)", ".cx(1, 6)", ".cx(4, 8)", ".cx(8, 10)", ".h(0)", ".cx(0, 1)", ".cx(1, 5)", ".cx(5, 8)", ".cx(2, 9)", ".h(4)", ".cx(4, 5)", ".h(7)", ".cx(7, 8)", ".h(2)", ".cx(2, 3)", ".cx(0, 2)"]}, {"type": "non-degenerate", "A": [0, 0, 0, 0, 2, 3, 3, 10, 0, 0, 0, 0, 0, 0], "B": [0, 0, 56, 339, 1848, 8446, 29296, 77287, 0, 0, 0, 0, 0, 0], "gates": [".cx(2, 11)", ".cx(5, 10)", ".cx(1, 13)", ".cx(4, 9)", ".cx(3, 8)", ".cx(0, 12)", ".h(6)", ".cx(6, 10)", ".cx(6, 12)", ".h(7)", ".cx(7, 11)", ".cx(7, 8)", ".cx(6, 9)", ".cx(1, 6)", ".h(1)", ".cx(1, 4)", ".cx(1, 2)", ".cx(11, 12)", ".cx(0, 7)", ".cx(7, 13)", ".cx(4, 7)", ".cx(7, 10)", ".cx(10, 11)", ".h(0)", ".cx(0, 1)", ".cx(1, 3)", ".cx(3, 6)", ".cx(0, 13)", ".h(2)", ".cx(2, 3)", ".h(5)", ".cx(5, 9)", ".cx(5, 8)"]}, {"type": "non-degenerate", "A": [0, 0, 0, 0, 0, 4, 4, 14, 0, 0, 0, 0, 0, 0], "B": [0, 0, 48, 327, 1800, 8674, 29248, 77135, 0, 0, 0, 0, 0, 0], "gates": [".cx(3, 9)", ".cx(0, 13)", ".cx(4, 10)", ".cx(1, 11)", ".cx(2, 7)", ".h(6)", ".cx(6, 9)", ".cx(6, 7)", ".cx(5, 6)", ".cx(6, 10)", ".cx(6, 8)", ".h(0)", ".cx(0, 6)", ".cx(6, 11)", ".h(1)", ".cx(1, 4)", ".cx(1, 8)", ".cx(6, 12)", ".h(5)", ".cx(5, 6)", ".cx(6, 13)", ".cx(2, 6)", ".cx(4, 6)", ".h(1)", ".cx(1, 7)", ".cx(1, 3)", ".cx(3, 4)", ".cx(0, 3)", ".h(2)", ".cx(2, 9)", ".cx(2, 11)", ".h(0)", ".cx(0, 7)"]}, {"type": "non-degenerate", "A": [0, 0, 0, 0, 1, 2, 4, 11, 0, 0, 0, 0, 0, 0], "B": [0, 0, 44, 343, 1860, 8474, 29368, 77135, 0, 0, 0, 0, 0, 0], "gates": [".cx(0, 8)", ".cx(3, 13)", ".cx(2, 7)", ".cx(4, 11)", ".cx(1, 10)", ".cx(5, 6)", ".h(9)", ".cx(9, 11)", ".cx(9, 10)", ".cx(10, 13)", ".h(1)", ".cx(1, 5)", ".cx(1, 7)", ".cx(0, 5)", ".h(0)", ".cx(0, 2)", ".cx(0, 4)", ".cx(2, 10)", ".cx(9, 12)", ".cx(5, 9)", ".cx(3, 5)", ".h(3)", ".cx(3, 4)", ".cx(4, 13)", ".cx(0, 5)", ".cx(3, 8)", ".cx(1, 3)", ".h(0)", ".cx(0, 11)", ".cx(4, 7)", ".h(6)", ".cx(6, 7)", ".cx(6, 12)"]}, {"type": "non-degenerate", "A": [0, 0, 0, 0, 1, 2, 4, 13, 0, 0, 0, 0, 0, 0], "B": [0, 0, 48, 323, 1888, 8494, 29280, 77191, 0, 0, 0, 0, 0, 0], "gates": [".cx(5, 9)", ".cx(2, 12)", ".cx(3, 11)", ".cx(0, 8)", ".cx(4, 7)", ".h(6)", ".cx(6, 7)", ".cx(6, 10)", ".cx(1, 6)", ".cx(6, 11)", ".h(0)", ".cx(0, 2)", ".cx(0, 7)", ".cx(7, 9)", ".cx(6, 12)", ".h(1)", ".cx(1, 6)", ".cx(6, 8)", ".cx(8, 9)", ".cx(6, 13)", ".cx(2, 6)", ".cx(5, 6)", ".cx(3, 6)", ".h(5)", ".cx(5, 10)", ".cx(5, 8)", ".cx(8, 12)", ".h(0)", ".cx(0, 3)", ".h(3)", ".cx(3, 9)", ".cx(3, 4)", ".cx(1, 3)"]}, {"type": "non-degenerate", "A": [0, 0, 0, 0, 0, 0, 5, 25, 0, 0, 0, 0, 0, 0], "B": [0, 0, 40, 303, 1904, 8634, 29360, 76447, 0, 0, 0, 0, 0, 0], "gates": [".cx(4, 12)", ".cx(3, 10)", ".cx(5, 7)", ".cx(2, 9)", ".cx(1, 8)", ".h(6)", ".cx(6, 11)", ".cx(6, 7)", ".cx(0, 6)", ".cx(7, 12)", ".cx(6, 8)", ".h(7)", ".cx(7, 9)", ".cx(9, 10)", ".h(2)", ".cx(2, 4)", ".cx(2, 11)", ".cx(6, 10)", ".h(0)", ".cx(0, 6)", ".cx(6, 13)", ".h(1)", ".cx(1, 6)", ".cx(6, 7)", ".cx(3, 6)", ".cx(7, 12)", ".cx(0, 4)", ".cx(5, 6)", ".cx(4, 5)", ".h(3)", ".cx(3, 5)", ".cx(3, 8)", ".cx(8, 12)"]}, {"type": "non-degenerate", "A": [0, 0, 0, 1, 0, 2, 0, 23, 0, 0, 0, 0, 0, 0], "B": [0, 0, 52, 335, 1932, 8626, 29000, 76607, 0, 0, 0, 0, 0, 0], "gates": [".cx(5, 7)", ".cx(2, 8)", ".cx(3, 9)", ".cx(1, 13)", ".cx(0, 10)", ".h(6)", ".cx(6, 7)", ".cx(6, 8)", ".cx(4, 6)", ".cx(7, 11)", ".h(0)", ".cx(0, 3)", ".cx(0, 6)", ".cx(6, 13)", ".h(1)", ".cx(1, 2)", ".cx(1, 3)", ".cx(3, 12)", ".h(7)", ".cx(7, 9)", ".cx(7, 10)", ".cx(2, 7)", ".cx(10, 11)", ".h(2)", ".cx(2, 10)", ".cx(3, 6)", ".cx(10, 12)", ".h(1)", ".cx(1, 5)", ".cx(0, 1)", ".h(4)", ".cx(4, 12)", ".cx(4, 7)"]}, {"type": "non-degenerate", "A": [0, 0, 0, 1, 0, 0, 6, 13, 0, 0, 0, 0, 0, 0], "B": [0, 0, 46, 353, 1914, 8584, 29164, 76627, 0, 0, 0, 0, 0, 0], "gates": [".cx(1, 13)", ".cx(4, 9)", ".cx(3, 10)", ".cx(0, 6)", ".cx(2, 8)", ".h(7)", ".cx(7, 8)", ".cx(7, 9)", ".cx(5, 7)", ".cx(7, 10)", ".cx(9, 13)", ".h(6)", ".cx(6, 7)", ".cx(7, 12)", ".cx(6, 11)", ".cx(0, 10)", ".h(0)", ".cx(0, 4)", ".cx(0, 3)", ".cx(3, 8)", ".cx(2, 7)", ".h(2)", ".cx(2, 3)", ".cx(3, 13)", ".cx(1, 7)", ".h(1)", ".cx(1, 10)", ".cx(10, 11)", ".cx(4, 7)", ".cx(1, 4)", ".h(5)", ".cx(5, 13)", ".cx(5, 11)"]}, {"type": "non-degenerate", "A": [0, 0, 0, 0, 1, 3, 4, 11, 0, 0, 0, 0, 0, 0], "B": [0, 0, 50, 333, 1846, 8508, 29332, 77195, 0, 0, 0, 0, 0, 0], "gates": [".cx(1, 11)", ".cx(4, 10)", ".cx(2, 9)", ".cx(3, 13)", ".cx(5, 8)", ".h(7)", ".cx(7, 8)", ".cx(7, 13)", ".cx(0, 7)", ".cx(7, 9)", ".h(6)", ".cx(6, 10)", ".cx(10, 11)", ".cx(6, 12)", ".cx(1, 7)", ".h(1)", ".cx(1, 3)", ".cx(3, 9)", ".cx(9, 10)", ".cx(1, 11)", ".cx(0, 10)", ".h(0)", ".cx(0, 5)", ".cx(7, 12)", ".cx(5, 7)", ".cx(0, 1)", ".h(10)", ".cx(4, 10)", ".h(4)", ".cx(4, 5)", ".cx(4, 13)", ".h(2)", ".cx(2, 11)", ".cx(2, 4)"]}, {"type": "non-degenerate", "A": [0, 0, 0, 1, 1, 2, 6, 13, 0, 0, 0, 0, 0, 0], "B": [0, 0, 64, 347, 1872, 8502, 29440, 76279, 0, 0, 0, 0, 0, 0], "gates": [".cx(1, 11)", ".cx(0, 13)", ".cx(3, 6)", ".cx(5, 10)", ".cx(4, 8)", ".h(7)", ".cx(7, 11)", ".cx(7, 13)", ".cx(2, 7)", ".cx(7, 10)", ".h(6)", ".cx(6, 7)", ".cx(7, 8)", ".cx(8, 9)", ".h(1)", ".cx(1, 3)", ".cx(1, 12)", ".cx(7, 12)", ".cx(0, 7)", ".h(0)", ".cx(0, 1)", ".cx(0, 5)", ".cx(5, 7)", ".cx(0, 11)", ".cx(3, 7)", ".h(3)", ".cx(3, 9)", ".cx(3, 4)", ".cx(4, 10)", ".h(2)", ".cx(2, 3)", ".cx(2, 5)"]}, {"type": "non-degenerate", "A": [0, 0, 0, 0, 0, 5, 1, 13, 0, 0, 0, 0, 0, 0], "B": [0, 0, 44, 339, 1852, 8422, 29592, 76999, 0, 0, 0, 0, 0, 0], "gates": [".cx(1, 6)", ".cx(2, 12)", ".cx(3, 8)", ".cx(5, 13)", ".cx(4, 10)", ".cx(0, 11)", ".h(7)", ".cx(7, 8)", ".cx(7, 10)", ".cx(7, 13)", ".h(2)", ".cx(2, 7)", ".cx(7, 11)", ".cx(7, 9)", ".cx(0, 6)", ".h(0)", ".cx(0, 3)", ".cx(0, 5)", ".cx(1, 7)", ".cx(5, 7)", ".cx(7, 12)", ".cx(12, 13)", ".h(0)", ".cx(0, 4)", ".cx(4, 7)", ".cx(3, 4)", ".h(1)", ".cx(1, 11)", ".cx(1, 3)", ".cx(1, 10)", ".cx(0, 6)", ".cx(2, 6)"]}, {"type": "non-degenerate", "A": [0, 0, 0, 0, 1, 1, 5, 14, 0, 0, 0, 0, 0, 0], "B": [0, 0, 44, 335, 1860, 8546, 29304, 76991, 0, 0, 0, 0, 0, 0], "gates": [".cx(2, 9)", ".cx(0, 6)", ".cx(5, 8)", ".cx(4, 10)", ".cx(1, 11)", ".h(7)", ".cx(7, 10)", ".cx(7, 9)", ".cx(3, 7)", ".cx(10, 11)", ".h(0)", ".cx(0, 5)", ".cx(0, 3)", ".h(2)", ".cx(2, 6)", ".cx(2, 5)", ".cx(5, 10)", ".cx(9, 12)", ".cx(6, 7)", ".h(8)", ".cx(8, 9)", ".cx(8, 13)", ".cx(1, 8)", ".cx(7, 8)", ".h(1)", ".cx(1, 3)", ".cx(1, 12)", ".cx(1, 2)", ".h(4)", ".cx(4, 8)", ".cx(4, 12)"]}, {"type": "non-degenerate", "A": [0, 0, 0, 0, 1, 2, 7, 12, 0, 0, 0, 0, 0, 0], "B": [0, 0, 54, 313, 1858, 8544, 29372, 76995, 0, 0, 0, 0, 0, 0], "gates": [".cx(3, 10)", ".cx(1, 11)", ".cx(4, 6)", ".cx(0, 9)", ".h(7)", ".cx(7, 8)", ".cx(7, 10)", ".cx(5, 7)", ".cx(7, 11)", ".cx(2, 7)", ".cx(7, 13)", ".h(6)", ".cx(6, 7)", ".cx(7, 9)", ".cx(9, 12)", ".h(0)", ".cx(0, 1)", ".cx(0, 10)", ".h(3)", ".cx(3, 9)", ".cx(3, 13)", ".cx(1, 3)", ".cx(3, 4)", ".cx(4, 7)", ".h(2)", ".cx(2, 8)", ".cx(2, 4)", ".h(1)", ".cx(1, 5)", ".cx(3, 5)"]}, {"type": "non-degenerate", "A": [0, 0, 0, 0, 1, 4, 2, 14, 0, 0, 0, 0, 0, 0], "B": [0, 0, 52, 331, 1860, 8414, 29544, 76919, 0, 0, 0, 0, 0, 0], "gates": [".cx(2, 6)", ".cx(1, 7)", ".cx(5, 12)", ".cx(0, 11)", ".h(1)", ".cx(1, 13)", ".cx(1, 4)", ".cx(4, 12)", ".cx(1, 3)", ".cx(3, 10)", ".cx(1, 6)", ".cx(1, 8)", ".h(1)", ".cx(1, 2)", ".cx(2, 7)", ".cx(7, 11)", ".cx(2, 5)", ".cx(1, 9)", ".h(0)", ".cx(0, 1)", ".cx(11, 13)", ".cx(1, 3)", ".cx(3, 5)", ".cx(5, 8)", ".cx(7, 10)", ".h(1)", ".cx(1, 4)", ".cx(4, 7)", ".cx(1, 9)", ".cx(1, 8)", ".cx(8, 10)", ".cx(0, 2)", ".cx(8, 12)"]}, {"type": "degenerate", "A": [0, 1, 0, 0, 1, 2, 5, 4, 0, 0, 0, 0, 0, 0], "B": [0, 1, 66, 463, 2310, 9683, 31796, 78919, 0, 0, 0, 0, 0, 0], "gates": [".cx(3, 10)", ".cx(4, 13)", ".cx(1, 12)", ".cx(2, 6)", ".cx(5, 11)", ".h(9)", ".cx(9, 12)", ".cx(9, 11)", ".cx(9, 13)", ".cx(0, 9)", ".cx(9, 10)", ".h(0)", ".cx(0, 2)", ".cx(0, 3)", ".cx(3, 5)", ".h(6)", ".cx(6, 8)", ".cx(6, 7)", ".cx(0, 4)", ".h(0)", ".cx(0, 1)", ".cx(2, 12)", ".cx(1, 9)", ".cx(6, 10)", ".cx(5, 6)", ".cx(0, 5)", ".h(0)", ".cx(0, 4)", ".cx(4, 11)", ".h(2)", ".cx(2, 11)"]}, {"type": "degenerate", "A": [0, 1, 0, 0, 1, 0, 4, 16, 0, 0, 0, 0, 0, 0], "B": [0, 1, 66, 435, 2334, 9911, 31380, 78799, 0, 0, 0, 0, 0, 0], "gates": [".cx(4, 12)", ".cx(0, 8)", ".cx(3, 9)", ".cx(5, 6)", ".h(0)", ".cx(0, 7)", ".cx(0, 1)", ".cx(1, 6)", ".cx(0, 2)", ".cx(2, 12)", ".cx(2, 9)", ".cx(0, 5)", ".cx(0, 13)", ".h(0)", ".cx(0, 4)", ".cx(4, 8)", ".cx(8, 11)", ".cx(0, 10)", ".cx(0, 3)", ".cx(3, 6)", ".cx(0, 5)", ".h(0)", ".cx(0, 2)", ".cx(5, 12)", ".cx(0, 8)", ".cx(8, 10)", ".cx(8, 9)", ".h(0)", ".cx(0, 3)", ".cx(0, 1)", ".cx(1, 4)", ".h(6)", ".cx(6, 11)"]}, {"type": "degenerate", "A": [0, 1, 0, 0, 0, 0, 7, 17, 0, 0, 0, 0, 0, 0], "B": [0, 1, 66, 411, 2334, 9999, 31444, 78623, 0, 0, 0, 0, 0, 0], "gates": [".cx(2, 10)", ".cx(1, 9)", ".cx(3, 11)", ".cx(5, 9)", ".h(3)", ".cx(3, 10)", ".cx(3, 4)", ".cx(4, 12)", ".cx(3, 6)", ".cx(0, 3)", ".h(0)", ".cx(0, 1)", ".cx(1, 11)", ".cx(3, 9)", ".cx(0, 8)", ".cx(1, 2)", ".cx(3, 13)", ".h(3)", ".cx(3, 5)", ".cx(3, 7)", ".cx(11, 12)", ".cx(5, 11)", ".cx(3, 4)", ".cx(2, 13)", ".cx(4, 8)", ".h(1)", ".cx(1, 5)", ".h(8)", ".cx(8, 9)", ".cx(7, 8)", ".cx(8, 10)", ".cx(10, 12)", ".h(2)", ".cx(2, 4)"]}, {"type": "degenerate", "A": [0, 1, 0, 0, 1, 1, 5, 11, 0, 0, 0, 0, 0, 0], "B": [0, 1, 70, 431, 2346, 9803, 31548, 78887, 0, 0, 0, 0, 0, 0], "gates": [".cx(2, 9)", ".cx(5, 6)", ".cx(0, 7)", ".h(6)", ".cx(6, 7)", ".cx(6, 8)", ".cx(3, 6)", ".cx(4, 6)", ".cx(6, 12)", ".cx(1, 6)", ".h(1)", ".cx(1, 2)", ".cx(1, 5)", ".cx(5, 13)", ".cx(6, 11)", ".cx(2, 3)", ".cx(3, 10)", ".cx(6, 9)", ".h(0)", ".cx(0, 1)", ".cx(1, 4)", ".cx(0, 12)", ".cx(1, 11)", ".cx(7, 13)", ".cx(5, 6)", ".h(2)", ".cx(2, 8)", ".cx(2, 5)", ".h(1)", ".cx(1, 9)", ".cx(1, 13)"]}, {"type": "degenerate", "A": [0, 1, 0, 0, 3, 1, 1, 12, 0, 0, 0, 0, 0, 0], "B": [0, 1, 78, 459, 2314, 9767, 31340, 79071, 0, 0, 0, 0, 0, 0], "gates": [".cx(2, 11)", ".cx(3, 8)", ".cx(1, 6)", ".cx(4, 11)", ".h(6)", ".cx(6, 11)", ".cx(6, 8)", ".cx(6, 7)", ".cx(0, 6)", ".h(0)", ".cx(0, 2)", ".cx(2, 5)", ".cx(5, 9)", ".cx(0, 1)", ".cx(6, 12)", ".cx(1, 3)", ".cx(6, 13)", ".cx(6, 10)", ".cx(0, 6)", ".h(0)", ".cx(0, 4)", ".cx(4, 5)", ".cx(5, 11)", ".cx(4, 8)", ".cx(0, 9)", ".h(4)", ".cx(4, 7)", ".cx(4, 5)", ".h(1)", ".cx(1, 6)", ".cx(3, 12)", ".cx(1, 3)", ".cx(0, 3)", ".h(11)", ".cx(1, 11)"]}, {"type": "non-degenerate", "A": [0, 0, 0, 0, 1, 1, 6, 13, 0, 0, 0, 0, 0, 0], "B": [0, 0, 44, 343, 1828, 8570, 29368, 76879, 0, 0, 0, 0, 0, 0], "gates": [".cx(0, 9)", ".cx(5, 9)", ".cx(1, 6)", ".cx(4, 7)", ".h(1)", ".cx(1, 2)", ".cx(2, 9)", ".cx(1, 11)", ".cx(1, 3)", ".cx(3, 7)", ".cx(2, 13)", ".cx(1, 8)", ".h(1)", ".cx(1, 4)", ".cx(4, 5)", ".cx(5, 6)", ".cx(1, 12)", ".cx(5, 10)", ".h(0)", ".cx(0, 1)", ".cx(6, 7)", ".cx(1, 8)", ".cx(9, 12)", ".cx(6, 13)", ".cx(0, 2)", ".h(1)", ".cx(1, 10)", ".cx(1, 3)", ".cx(3, 5)", ".h(0)", ".cx(0, 11)", ".cx(11, 13)", ".cx(0, 12)", ".h(5)", ".cx(5, 6)"]}, {"type": "non-degenerate", "A": [0, 0, 0, 0, 0, 3, 5, 11, 0, 0, 0, 0, 0, 0], "B": [0, 0, 46, 309, 1906, 8476, 29388, 77243, 0, 0, 0, 0, 0, 0], "gates": [".cx(0, 11)", ".cx(1, 11)", ".cx(2, 12)", ".cx(5, 9)", ".h(0)", ".cx(0, 2)", ".cx(0, 4)", ".cx(4, 9)", ".cx(0, 3)", ".cx(3, 13)", ".cx(0, 1)", ".cx(1, 7)", ".cx(0, 6)", ".h(0)", ".cx(0, 5)", ".cx(0, 11)", ".cx(0, 12)", ".cx(5, 10)", ".cx(4, 8)", ".cx(11, 13)", ".cx(0, 1)", ".h(0)", ".cx(0, 3)", ".cx(3, 9)", ".cx(0, 10)", ".cx(0, 4)", ".h(0)", ".cx(0, 2)", ".cx(2, 5)", ".cx(5, 6)", ".cx(0, 4)", ".cx(4, 7)", ".cx(7, 13)", ".h(7)", ".cx(7, 12)"]}, {"type": "non-degenerate", "A": [0, 0, 0, 0, 2, 3, 3, 9, 0, 0, 0, 0, 0, 0], "B": [0, 0, 54, 349, 1834, 8436, 29340, 77259, 0, 0, 0, 0, 0, 0], "gates": [".cx(2, 10)", ".cx(4, 13)", ".cx(1, 9)", ".h(2)", ".cx(2, 7)", ".cx(0, 2)", ".cx(2, 3)", ".cx(3, 8)", ".cx(2, 5)", ".cx(5, 9)", ".h(0)", ".cx(0, 1)", ".cx(1, 10)", ".cx(10, 12)", ".cx(2, 13)", ".cx(0, 6)", ".cx(2, 11)", ".h(2)", ".cx(2, 4)", ".cx(2, 5)", ".cx(7, 12)", ".cx(10, 13)", ".cx(5, 10)", ".cx(4, 8)", ".cx(8, 9)", ".cx(1, 4)", ".h(0)", ".cx(0, 11)", ".cx(0, 12)", ".cx(0, 8)", ".cx(0, 2)", ".cx(2, 6)", ".cx(6, 7)"]}, {"type": "degenerate", "A": [0, 1, 0, 1, 0, 2, 0, 26, 0, 0, 0, 0, 0, 0], "B": [0, 1, 78, 431, 2434, 9835, 31052, 79847, 0, 0, 0, 0, 0, 0], "gates": [".cx(0, 9)", ".cx(4, 13)", ".cx(5, 7)", ".cx(3, 6)", ".h(0)", ".cx(0, 7)", ".cx(0, 2)", ".cx(2, 13)", ".cx(0, 1)", ".cx(1, 6)", ".cx(0, 11)", ".h(0)", ".cx(0, 4)", ".cx(4, 9)", ".cx(4, 5)", ".cx(0, 8)", ".cx(1, 10)", ".cx(0, 12)", ".h(0)", ".cx(0, 3)", ".cx(9, 13)", ".cx(5, 6)", ".cx(3, 9)", ".cx(0, 2)", ".cx(2, 5)", ".cx(3, 11)", ".h(0)", ".cx(0, 4)", ".cx(0, 1)", ".cx(4, 10)", ".cx(1, 2)", ".cx(2, 6)"]}, {"type": "non-degenerate", "A": [0, 0, 0, 0, 0, 2, 7, 15, 0, 0, 0, 0, 0, 0], "B": [0, 0, 48, 303, 1864, 8634, 29312, 76959, 0, 0, 0, 0, 0, 0], "gates": [".cx(5, 10)", ".cx(3, 6)", ".cx(0, 11)", ".cx(4, 8)", ".cx(0, 7)", ".h(0)", ".cx(0, 3)", ".cx(0, 2)", ".cx(2, 10)", ".cx(0, 1)", ".cx(1, 9)", ".cx(0, 4)", ".cx(2, 7)", ".cx(0, 11)", ".cx(0, 12)", ".h(0)", ".cx(0, 6)", ".cx(0, 5)", ".cx(5, 8)", ".cx(0, 13)", ".cx(6, 7)", ".cx(8, 11)", ".h(0)", ".cx(0, 1)", ".cx(1, 10)", ".cx(0, 2)", ".cx(1, 13)", ".h(0)", ".cx(0, 3)", ".cx(0, 8)", ".cx(0, 2)", ".cx(2, 12)", ".cx(2, 11)", ".cx(3, 5)", ".h(9)", ".cx(9, 13)"]}, {"type": "non-degenerate", "A": [0, 0, 0, 1, 0, 1, 5, 12, 0, 0, 0, 0, 0, 0], "B": [0, 0, 50, 341, 1942, 8532, 29140, 76827, 0, 0, 0, 0, 0, 0], "gates": [".cx(1, 10)", ".cx(4, 13)", ".cx(0, 8)", ".cx(3, 6)", ".h(1)", ".cx(1, 6)", ".cx(1, 2)", ".cx(2, 8)", ".cx(1, 5)", ".cx(5, 11)", ".cx(1, 13)", ".cx(1, 12)", ".h(1)", ".cx(1, 3)", ".cx(3, 10)", ".cx(1, 7)", ".cx(1, 9)", ".h(0)", ".cx(0, 1)", ".cx(1, 4)", ".cx(10, 12)", ".cx(4, 6)", ".cx(2, 3)", ".cx(1, 11)", ".h(1)", ".cx(1, 13)", ".h(0)", ".cx(0, 5)", ".cx(5, 12)", ".cx(0, 6)", ".cx(5, 9)", ".cx(1, 7)", ".cx(7, 8)"]}, {"type": "non-degenerate", "A": [0, 0, 0, 1, 2, 2, 4, 9, 0, 0, 0, 0, 0, 0], "B": [0, 0, 66, 365, 1862, 8508, 29108, 76875, 0, 0, 0, 0, 0, 0], "gates": [".cx(0, 8)", ".cx(5, 6)", ".cx(4, 11)", ".cx(1, 12)", ".h(0)", ".cx(0, 4)", ".cx(0, 2)", ".cx(2, 12)", ".cx(0, 3)", ".cx(3, 7)", ".cx(2, 6)", ".cx(0, 10)", ".cx(0, 9)", ".h(0)", ".cx(0, 1)", ".cx(1, 8)", ".cx(0, 5)", ".cx(5, 11)", ".cx(0, 13)", ".cx(8, 9)", ".h(0)", ".cx(0, 3)", ".cx(3, 11)", ".cx(11, 12)", ".h(6)", ".cx(6, 13)", ".cx(6, 7)", ".cx(7, 8)", ".h(2)", ".cx(2, 5)", ".cx(2, 10)"]}, {"type": "non-degenerate", "A": [0, 0, 0, 1, 1, 1, 6, 8, 0, 0, 0, 0, 0, 0], "B": [0, 0, 56, 359, 1904, 8466, 29264, 76751, 0, 0, 0, 0, 0, 0], "gates": [".cx(4, 6)", ".cx(3, 8)", ".cx(5, 12)", ".cx(2, 10)", ".h(7)", ".cx(7, 11)", ".cx(0, 7)", ".cx(7, 12)", ".cx(1, 7)", ".h(6)", ".cx(6, 10)", ".cx(6, 8)", ".h(2)", ".cx(2, 5)", ".cx(2, 3)", ".h(1)", ".cx(1, 4)", ".cx(4, 13)", ".cx(7, 9)", ".h(0)", ".cx(0, 3)", ".cx(1, 2)", ".cx(0, 7)", ".cx(3, 10)", ".cx(6, 9)", ".cx(11, 13)", ".cx(5, 11)", ".cx(3, 4)", ".cx(4, 8)", ".cx(10, 11)"]}, {"type": "degenerate", "A": [0, 1, 0, 0, 0, 2, 0, 22, 0, 0, 0, 0, 0, 0], "B": [0, 1, 62, 431, 2338, 9915, 31468, 78631, 0, 0, 0, 0, 0, 0], "gates": [".cx(1, 9)", ".cx(0, 8)", ".cx(4, 7)", ".cx(3, 12)", ".h(0)", ".cx(0, 10)", ".cx(0, 5)", ".cx(5, 7)", ".cx(0, 2)", ".cx(2, 12)", ".cx(0, 1)", ".h(0)", ".cx(0, 3)", ".cx(0, 4)", ".cx(4, 9)", ".cx(0, 6)", ".h(0)", ".cx(0, 8)", ".cx(8, 13)", ".cx(0, 11)", ".cx(3, 7)", ".cx(0, 2)", ".cx(2, 9)", ".cx(0, 6)", ".h(0)", ".cx(0, 10)", ".cx(7, 11)", ".cx(8, 12)", ".cx(10, 12)", ".cx(1, 3)", ".h(1)", ".cx(1, 3)", ".cx(3, 11)"]}, {"type": "non-degenerate", "A": [0, 0, 0, 0, 2, 2, 3, 12, 0, 0, 0, 0, 0, 0], "B": [0, 0, 54, 329, 1890, 8432, 29244, 77283, 0, 0, 0, 0, 0, 0], "gates": [".cx(4, 13)", ".cx(0, 10)", ".cx(1, 7)", ".cx(2, 9)", ".cx(5, 8)", ".h(1)", ".cx(1, 12)", ".cx(1, 3)", ".cx(3, 13)", ".cx(3, 8)", ".cx(1, 6)", ".cx(1, 11)", ".h(1)", ".cx(1, 10)", ".cx(1, 5)", ".cx(5, 9)", ".cx(1, 4)", ".h(1)", ".cx(1, 7)", ".cx(1, 2)", ".h(0)", ".cx(0, 1)", ".cx(7, 8)", ".cx(7, 9)", ".cx(9, 13)", ".cx(4, 6)", ".cx(0, 4)", ".cx(1, 10)", ".cx(10, 12)", ".h(1)", ".cx(1, 11)", ".h(7)", ".cx(7, 10)"]}, {"type": "non-degenerate", "A": [0, 0, 0, 1, 1, 0, 6, 12, 0, 0, 0, 0, 0, 0], "B": [0, 0, 56, 343, 1936, 8514, 29136, 76719, 0, 0, 0, 0, 0, 0], "gates": [".cx(5, 10)", ".cx(3, 13)", ".cx(0, 6)", ".cx(2, 7)", ".h(0)", ".cx(0, 7)", ".cx(0, 4)", ".cx(4, 13)", ".cx(0, 1)", ".cx(1, 8)", ".cx(0, 12)", ".cx(0, 11)", ".h(0)", ".cx(0, 3)", ".cx(3, 6)", ".cx(6, 10)", ".cx(0, 2)", ".cx(1, 9)", ".cx(0, 5)", ".cx(5, 13)", ".h(0)", ".cx(0, 4)", ".cx(4, 11)", ".cx(0, 6)", ".cx(2, 8)", ".cx(4, 5)", ".cx(0, 9)", ".h(0)", ".cx(0, 3)", ".cx(0, 12)", ".h(8)", ".cx(8, 9)", ".cx(8, 10)", ".cx(3, 7)"]}, {"type": "degenerate", "A": [0, 1, 0, 0, 0, 2, 2, 15, 0, 0, 0, 0, 0, 0], "B": [0, 1, 64, 421, 2368, 9877, 31360, 79107, 0, 0, 0, 0, 0, 0], "gates": [".cx(0, 9)", ".cx(2, 10)", ".cx(1, 6)", ".cx(5, 13)", ".cx(4, 13)", ".h(0)", ".cx(0, 11)", ".cx(0, 3)", ".cx(3, 10)", ".cx(0, 6)", ".cx(3, 7)", ".cx(0, 8)", ".h(0)", ".cx(0, 4)", ".cx(4, 9)", ".cx(9, 13)", ".cx(0, 1)", ".cx(0, 2)", ".h(0)", ".cx(0, 5)", ".cx(0, 12)", ".cx(4, 8)", ".cx(5, 7)", ".cx(0, 2)", ".h(3)", ".cx(3, 4)", ".cx(4, 10)", ".cx(10, 13)", ".cx(6, 9)", ".cx(3, 5)", ".cx(2, 11)", ".h(8)", ".cx(8, 13)"]}, {"type": "non-degenerate", "A": [0, 0, 1, 0, 0, 3, 3, 10, 0, 0, 0, 0, 0, 0], "B": [0, 0, 62, 369, 2074, 8776, 29452, 76531, 0, 0, 0, 0, 0, 0], "gates": [".cx(3, 6)", ".cx(2, 3)", ".cx(5, 7)", ".cx(1, 8)", ".h(3)", ".cx(3, 9)", ".cx(3, 4)", ".cx(4, 8)", ".cx(3, 10)", ".cx(0, 3)", ".h(0)", ".cx(0, 1)", ".cx(1, 2)", ".cx(0, 7)", ".cx(3, 11)", ".cx(2, 3)", ".cx(3, 5)", ".cx(3, 6)", ".cx(3, 12)", ".h(3)", ".cx(3, 13)", ".cx(6, 11)", ".cx(3, 11)", ".cx(3, 4)", ".cx(4, 7)", ".cx(0, 3)", ".h(0)", ".cx(0, 8)", ".cx(0, 12)", ".h(2)", ".cx(2, 3)", ".cx(3, 12)", ".cx(0, 5)", ".cx(5, 10)"]}, {"type": "non-degenerate", "A": [0, 0, 0, 0, 1, 2, 4, 16, 0, 0, 0, 0, 0, 0], "B": [0, 0, 48, 327, 1880, 8434, 29568, 76687, 0, 0, 0, 0, 0, 0], "gates": [".cx(2, 9)", ".cx(5, 9)", ".cx(3, 8)", ".cx(0, 11)", ".cx(1, 13)", ".h(0)", ".cx(0, 8)", ".cx(0, 4)", ".cx(4, 9)", ".cx(0, 13)", ".cx(4, 6)", ".cx(0, 7)", ".h(0)", ".cx(0, 2)", ".cx(2, 3)", ".cx(0, 1)", ".cx(0, 10)", ".cx(0, 12)", ".h(0)", ".cx(0, 11)", ".cx(0, 5)", ".cx(11, 12)", ".cx(5, 7)", ".cx(3, 6)", ".cx(1, 4)", ".cx(0, 10)", ".h(0)", ".cx(0, 3)", ".cx(11, 13)", ".cx(0, 7)", ".h(0)", ".cx(0, 9)", ".cx(0, 1)", ".cx(4, 11)", ".cx(3, 4)", ".cx(9, 12)"]}, {"type": "non-degenerate", "A": [0, 0, 1, 0, 0, 3, 6, 7, 0, 0, 0, 0, 0, 0], "B": [0, 0, 64, 379, 2016, 8806, 29632, 76279, 0, 0, 0, 0, 0, 0], "gates": [".cx(0, 11)", ".cx(5, 8)", ".cx(4, 10)", ".h(0)", ".cx(0, 9)", ".cx(0, 2)", ".cx(2, 10)", ".cx(0, 1)", ".cx(1, 13)", ".cx(0, 3)", ".cx(3, 7)", ".cx(0, 6)", ".h(0)", ".cx(0, 5)", ".cx(0, 4)", ".cx(0, 12)", ".h(0)", ".cx(0, 11)", ".cx(0, 8)", ".cx(11, 13)", ".cx(5, 10)", ".cx(4, 7)", ".cx(11, 12)", ".cx(0, 3)", ".h(0)", ".cx(0, 1)", ".cx(1, 2)", ".cx(2, 11)", ".cx(0, 3)", ".cx(0, 4)", ".cx(3, 10)", ".cx(4, 9)", ".h(2)", ".cx(2, 10)"]}, {"type": "non-degenerate", "A": [0, 0, 2, 0, 0, 3, 3, 7, 0, 0, 0, 0, 0, 0], "B": [0, 0, 78, 445, 2178, 9124, 29644, 75595, 0, 0, 0, 0, 0, 0], "gates": [".cx(4, 10)", ".cx(3, 10)", ".cx(0, 8)", ".cx(1, 7)", ".h(1)", ".cx(1, 4)", ".cx(1, 5)", ".cx(5, 8)", ".cx(1, 2)", ".cx(2, 13)", ".cx(1, 11)", ".cx(1, 6)", ".h(1)", ".cx(1, 3)", ".cx(3, 7)", ".cx(1, 12)", ".cx(3, 9)", ".cx(2, 10)", ".h(0)", ".cx(0, 1)", ".cx(1, 5)", ".cx(5, 10)", ".cx(8, 12)", ".cx(7, 8)", ".cx(0, 2)", ".cx(1, 13)", ".h(1)", ".cx(1, 6)", ".cx(6, 7)", ".cx(6, 13)", ".cx(1, 9)", ".cx(1, 11)", ".cx(10, 11)", ".cx(11, 12)"]}, {"type": "degenerate", "A": [0, 1, 0, 0, 0, 4, 1, 18, 0, 0, 0, 0, 0, 0], "B": [0, 1, 72, 421, 2312, 9893, 31568, 78723, 0, 0, 0, 0, 0, 0], "gates": [".cx(0, 6)", ".cx(4, 7)", ".cx(3, 13)", ".cx(5, 9)", ".h(7)", ".cx(7, 9)", ".cx(7, 8)", ".cx(2, 7)", ".cx(7, 13)", ".cx(1, 7)", ".h(1)", ".cx(1, 4)", ".cx(4, 6)", ".cx(1, 3)", ".cx(3, 5)", ".cx(7, 10)", ".cx(7, 11)", ".cx(7, 12)", ".cx(0, 7)", ".h(0)", ".cx(0, 2)", ".cx(5, 7)", ".cx(0, 3)", ".cx(0, 13)", ".cx(0, 1)", ".cx(1, 11)", ".cx(1, 12)", ".cx(2, 10)", ".h(6)", ".cx(6, 10)", ".h(2)", ".cx(2, 3)", ".cx(2, 8)", ".cx(2, 5)"]}, {"type": "degenerate", "A": [0, 1, 0, 0, 3, 0, 1, 13, 0, 0, 0, 0, 0, 0], "B": [0, 1, 76, 445, 2380, 9701, 31320, 79123, 0, 0, 0, 0, 0, 0], "gates": [".cx(0, 6)", ".cx(5, 7)", ".cx(3, 13)", ".cx(2, 9)", ".cx(4, 12)", ".h(0)", ".cx(0, 11)", ".cx(0, 1)", ".cx(1, 12)", ".cx(1, 9)", ".cx(0, 8)", ".cx(0, 10)", ".h(0)", ".cx(0, 2)", ".cx(2, 6)", ".cx(0, 7)", ".cx(0, 4)", ".cx(4, 13)", ".cx(0, 3)", ".h(0)", ".cx(0, 5)", ".cx(0, 6)", ".cx(6, 12)", ".cx(5, 9)", ".cx(11, 13)", ".cx(0, 3)", ".h(6)", ".cx(6, 7)", ".cx(7, 8)", ".cx(3, 8)", ".h(0)", ".cx(0, 10)", ".cx(0, 2)", ".cx(0, 11)"]}, {"type": "non-degenerate", "A": [0, 0, 0, 2, 0, 2, 2, 12, 0, 0, 0, 0, 0, 0], "B": [0, 0, 60, 379, 1964, 8446, 29176, 76311, 0, 0, 0, 0, 0, 0], "gates": [".h(6)", ".cx(6, 11)", ".cx(5, 6)", ".cx(3, 6)", ".cx(6, 12)", ".cx(2, 6)", ".cx(4, 6)", ".cx(6, 10)", ".cx(1, 6)", ".cx(6, 8)", ".cx(0, 6)", ".h(0)", ".cx(0, 2)", ".cx(0, 5)", ".h(1)", ".cx(1, 3)", ".cx(1, 4)", ".cx(4, 13)", ".cx(0, 9)", ".cx(6, 7)", ".cx(1, 6)", ".cx(5, 7)", ".cx(2, 11)", ".h(1)", ".cx(1, 2)", ".cx(2, 4)", ".h(7)", ".cx(7, 10)", ".cx(10, 13)", ".cx(3, 12)", ".cx(2, 6)", ".cx(6, 9)", ".h(0)", ".cx(0, 7)"]}, {"type": "non-degenerate", "A": [0, 0, 0, 1, 0, 3, 5, 8, 0, 0, 0, 0, 0, 0], "B": [0, 0, 56, 347, 1896, 8518, 29232, 76919, 0, 0, 0, 0, 0, 0], "gates": [".h(6)", ".cx(6, 11)", ".cx(4, 6)", ".cx(0, 6)", ".cx(6, 9)", ".cx(2, 6)", ".cx(5, 6)", ".cx(6, 7)", ".cx(1, 6)", ".cx(6, 8)", ".cx(3, 6)", ".h(1)", ".cx(1, 4)", ".cx(1, 2)", ".h(3)", ".cx(3, 5)", ".cx(5, 13)", ".cx(6, 10)", ".cx(3, 12)", ".h(0)", ".cx(0, 6)", ".cx(1, 10)", ".cx(11, 12)", ".cx(2, 11)", ".cx(6, 13)", ".h(0)", ".cx(0, 1)", ".cx(0, 9)", ".cx(1, 3)", ".cx(1, 7)", ".h(2)", ".cx(2, 13)", ".cx(2, 11)"]}, {"type": "degenerate", "A": [0, 3, 0, 0, 0, 1, 3, 16, 0, 0, 0, 0, 0, 0], "B": [0, 3, 112, 641, 3232, 12539, 36064, 82027, 0, 0, 0, 0, 0, 0], "gates": [".cx(3, 11)", ".cx(0, 6)", ".cx(4, 13)", ".cx(5, 8)", ".h(0)", ".cx(0, 10)", ".cx(0, 1)", ".cx(1, 11)", ".cx(0, 2)", ".cx(2, 12)", ".cx(0, 9)", ".cx(0, 7)", ".h(0)", ".cx(0, 3)", ".cx(3, 6)", ".cx(6, 13)", ".cx(0, 8)", ".cx(0, 4)", ".h(0)", ".cx(0, 5)", ".cx(4, 11)", ".cx(0, 2)", ".cx(2, 3)", ".cx(5, 12)", ".cx(0, 4)", ".h(0)", ".cx(0, 1)", ".cx(1, 6)", ".cx(1, 2)", ".cx(2, 8)"]}, {"type": "non-degenerate", "A": [0, 0, 0, 0, 3, 1, 5, 13, 0, 0, 0, 0, 0, 0], "B": [0, 0, 62, 333, 1842, 8500, 29228, 77035, 0, 0, 0, 0, 0, 0], "gates": [".cx(5, 8)", ".cx(0, 8)", ".cx(1, 7)", ".cx(2, 10)", ".cx(3, 10)", ".h(9)", ".cx(9, 10)", ".cx(9, 12)", ".cx(4, 9)", ".h(1)", ".cx(1, 8)", ".cx(1, 4)", ".cx(9, 11)", ".cx(9, 13)", ".cx(1, 6)", ".h(1)", ".cx(1, 3)", ".cx(3, 7)", ".cx(1, 5)", ".cx(1, 2)", ".h(0)", ".cx(0, 12)", ".cx(0, 1)", ".cx(5, 10)", ".cx(1, 4)", ".cx(6, 7)", ".cx(7, 11)", ".cx(8, 9)", ".cx(4, 5)", ".cx(2, 8)", ".cx(5, 13)", ".h(0)", ".cx(0, 2)", ".cx(0, 7)"]}, {"type": "non-degenerate", "A": [0, 0, 1, 0, 1, 1, 3, 15, 0, 0, 0, 0, 0, 0], "B": [0, 0, 64, 375, 2056, 8866, 29280, 76335, 0, 0, 0, 0, 0, 0], "gates": [".cx(0, 12)", ".cx(1, 6)", ".cx(3, 10)", ".cx(4, 9)", ".h(1)", ".cx(1, 3)", ".cx(1, 5)", ".cx(5, 12)", ".cx(1, 2)", ".cx(2, 13)", ".h(0)", ".cx(0, 7)", ".cx(5, 10)", ".cx(1, 11)", ".cx(0, 1)", ".cx(1, 6)", ".cx(6, 9)", ".cx(1, 4)", ".cx(1, 8)", ".h(1)", ".cx(1, 2)", ".cx(2, 12)", ".cx(1, 3)", ".cx(3, 4)", ".cx(4, 5)", ".cx(12, 13)", ".cx(0, 1)", ".h(0)", ".cx(0, 8)", ".cx(0, 2)", ".cx(2, 10)", ".cx(0, 1)", ".cx(0, 7)", ".cx(7, 9)", ".cx(7, 13)"]}, {"type": "non-degenerate", "A": [0, 0, 0, 1, 3, 2, 3, 12, 0, 0, 0, 0, 0, 0], "B": [0, 0, 76, 359, 1844, 8570, 28920, 76911, 0, 0, 0, 0, 0, 0], "gates": [".cx(4, 13)", ".cx(0, 7)", ".cx(5, 9)", ".cx(1, 8)", ".h(0)", ".cx(0, 12)", ".cx(0, 3)", ".cx(3, 8)", ".cx(0, 2)", ".cx(2, 10)", ".cx(0, 6)", ".cx(0, 11)", ".h(0)", ".cx(0, 4)", ".cx(4, 9)", ".cx(0, 1)", ".cx(0, 5)", ".h(0)", ".cx(0, 7)", ".cx(7, 13)", ".cx(9, 10)", ".cx(0, 2)", ".cx(0, 1)", ".cx(1, 11)", ".h(0)", ".cx(0, 3)", ".cx(3, 7)", ".cx(3, 9)", ".cx(7, 12)", ".cx(2, 6)", ".cx(0, 5)", ".cx(5, 6)"]}, {"type": "non-degenerate", "A": [0, 0, 0, 1, 1, 2, 4, 10, 0, 0, 0, 0, 0, 0], "B": [0, 0, 60, 347, 1916, 8494, 29112, 76951, 0, 0, 0, 0, 0, 0], "gates": [".cx(4, 8)", ".cx(3, 9)", ".cx(1, 10)", ".cx(5, 6)", ".h(1)", ".cx(1, 6)", ".cx(1, 2)", ".cx(2, 13)", ".cx(1, 7)", ".cx(0, 1)", ".cx(1, 8)", ".h(1)", ".cx(1, 4)", ".cx(4, 9)", ".cx(1, 11)", ".cx(1, 12)", ".h(1)", ".cx(1, 10)", ".cx(1, 3)", ".cx(3, 5)", ".h(0)", ".cx(0, 1)", ".cx(10, 12)", ".cx(1, 2)", ".cx(5, 8)", ".cx(2, 10)", ".cx(12, 13)", ".cx(1, 11)", ".cx(4, 6)", ".h(9)", ".cx(9, 11)", ".cx(2, 3)", ".cx(4, 10)"]}, {"type": "non-degenerate", "A": [0, 0, 0, 0, 0, 5, 6, 8, 0, 0, 0, 0, 0, 0], "B": [0, 0, 54, 317, 1818, 8548, 29468, 77195, 0, 0, 0, 0, 0, 0], "gates": [".cx(3, 12)", ".cx(2, 10)", ".cx(5, 9)", ".cx(0, 13)", ".cx(1, 7)", ".h(8)", ".cx(8, 13)", ".h(1)", ".cx(1, 6)", ".cx(1, 4)", ".cx(4, 10)", ".cx(8, 9)", ".cx(4, 5)", ".cx(8, 11)", ".cx(1, 3)", ".h(0)", ".cx(0, 1)", ".cx(1, 7)", ".cx(1, 2)", ".cx(2, 12)", ".cx(7, 9)", ".h(1)", ".cx(1, 5)", ".cx(1, 3)", ".cx(3, 7)", ".cx(5, 8)", ".cx(8, 10)", ".cx(8, 12)", ".cx(0, 5)", ".cx(4, 11)", ".h(0)", ".cx(0, 6)"]}, {"type": "non-degenerate", "A": [0, 0, 0, 1, 1, 2, 5, 12, 0, 0, 0, 0, 0, 0], "B": [0, 0, 62, 353, 1850, 8632, 29068, 76755, 0, 0, 0, 0, 0, 0], "gates": [".cx(5, 6)", ".cx(1, 6)", ".cx(2, 11)", ".cx(4, 8)", ".cx(3, 7)", ".h(7)", ".cx(7, 8)", ".cx(7, 9)", ".cx(0, 7)", ".h(0)", ".cx(0, 6)", ".cx(0, 3)", ".cx(7, 11)", ".cx(3, 5)", ".cx(7, 12)", ".cx(7, 13)", ".cx(7, 10)", ".cx(1, 7)", ".h(1)", ".cx(1, 4)", ".cx(1, 2)", ".cx(6, 11)", ".cx(2, 3)", ".cx(3, 9)", ".cx(4, 12)", ".cx(5, 8)", ".cx(0, 4)", ".h(0)", ".cx(0, 10)", ".cx(0, 1)", ".cx(0, 4)", ".cx(4, 13)", ".h(6)", ".cx(6, 11)"]}, {"type": "non-degenerate", "A": [0, 0, 1, 0, 0, 2, 3, 17, 0, 0, 0, 0, 0, 0], "B": [0, 0, 60, 371, 2060, 8806, 29624, 75911, 0, 0, 0, 0, 0, 0], "gates": [".cx(3, 7)", ".cx(0, 12)", ".cx(4, 8)", ".cx(5, 11)", ".cx(2, 9)", ".h(0)", ".cx(0, 7)", ".cx(0, 1)", ".cx(1, 11)", ".cx(1, 9)", ".cx(0, 10)", ".cx(0, 6)", ".h(0)", ".cx(0, 5)", ".cx(5, 12)", ".cx(12, 13)", ".cx(0, 3)", ".cx(0, 8)", ".h(0)", ".cx(0, 2)", ".cx(0, 4)", ".cx(0, 11)", ".cx(3, 9)", ".cx(2, 12)", ".cx(4, 13)", ".h(0)", ".cx(0, 1)", ".cx(1, 3)", ".cx(3, 10)", ".cx(10, 12)", ".cx(1, 4)", ".h(7)", ".cx(7, 8)"]}, {"type": "non-degenerate", "A": [0, 0, 0, 1, 2, 0, 3, 14, 0, 0, 0, 0, 0, 0], "B": [0, 0, 60, 351, 1940, 8498, 28952, 76895, 0, 0, 0, 0, 0, 0], "gates": [".cx(4, 7)", ".cx(0, 6)", ".cx(1, 12)", ".cx(5, 10)", ".cx(3, 13)", ".h(7)", ".cx(7, 13)", ".cx(7, 9)", ".cx(2, 7)", ".h(0)", ".cx(0, 4)", ".cx(4, 5)", ".cx(7, 12)", ".h(1)", ".cx(1, 3)", ".cx(1, 6)", ".cx(0, 2)", ".cx(7, 10)", ".cx(7, 8)", ".cx(7, 11)", ".cx(6, 9)", ".cx(4, 12)", ".h(0)", ".cx(0, 3)", ".cx(3, 5)", ".cx(5, 8)", ".cx(1, 7)", ".cx(3, 11)", ".h(1)", ".cx(1, 9)", ".cx(1, 4)", ".cx(1, 13)", ".cx(1, 6)"]}, {"type": "degenerate", "A": [0, 1, 0, 0, 1, 0, 6, 13, 0, 0, 0, 0, 0, 0], "B": [0, 1, 70, 419, 2370, 9823, 31516, 78799, 0, 0, 0, 0, 0, 0], "gates": [".cx(4, 6)", ".cx(5, 8)", ".cx(3, 9)", ".cx(1, 7)", ".cx(2, 13)", ".h(6)", ".cx(6, 9)", ".cx(6, 8)", ".cx(6, 7)", ".cx(0, 6)", ".h(0)", ".cx(0, 2)", ".cx(0, 4)", ".cx(4, 5)", ".cx(2, 3)", ".cx(6, 13)", ".cx(0, 1)", ".cx(9, 12)", ".cx(6, 10)", ".cx(0, 11)", ".cx(5, 13)", ".cx(0, 9)", ".h(0)", ".cx(0, 8)", ".cx(0, 1)", ".cx(1, 12)", ".cx(0, 4)", ".h(7)", ".cx(7, 11)", ".h(3)", ".cx(3, 4)", ".cx(4, 5)", ".h(9)", ".cx(9, 12)"]}, {"type": "non-degenerate", "A": [0, 0, 1, 1, 0, 1, 5, 9, 0, 0, 0, 0, 0, 0], "B": [0, 0, 68, 403, 2084, 8838, 29320, 75975, 0, 0, 0, 0, 0, 0], "gates": [".cx(4, 6)", ".cx(2, 6)", ".cx(5, 7)", ".cx(3, 13)", ".h(7)", ".cx(7, 12)", ".cx(7, 10)", ".cx(1, 7)", ".cx(7, 8)", ".cx(0, 7)", ".h(0)", ".cx(0, 2)", ".cx(2, 3)", ".cx(3, 5)", ".cx(5, 6)", ".cx(7, 11)", ".cx(0, 1)", ".cx(7, 9)", ".cx(3, 4)", ".h(1)", ".cx(1, 13)", ".cx(6, 9)", ".h(6)", ".cx(6, 12)", ".h(2)", ".cx(2, 10)", ".cx(3, 8)", ".cx(12, 13)", ".h(3)", ".cx(3, 5)", ".cx(3, 8)", ".cx(3, 11)", ".h(4)", ".cx(4, 9)"]}, {"type": "non-degenerate", "A": [0, 0, 0, 3, 0, 2, 0, 18, 0, 0, 0, 0, 0, 0], "B": [0, 0, 70, 405, 2010, 8444, 28668, 77499, 0, 0, 0, 0, 0, 0], "gates": [".cx(4, 10)", ".cx(2, 6)", ".cx(5, 8)", ".cx(0, 9)", ".cx(1, 6)", ".h(2)", ".cx(2, 12)", ".cx(2, 3)", ".cx(3, 10)", ".cx(2, 7)", ".cx(2, 11)", ".h(2)", ".cx(2, 5)", ".cx(5, 6)", ".cx(2, 4)", ".cx(6, 8)", ".h(0)", ".cx(0, 1)", ".cx(0, 13)", ".cx(5, 9)", ".cx(9, 10)", ".cx(1, 4)", ".cx(3, 5)", ".cx(4, 7)", ".cx(0, 2)", ".h(0)", ".cx(0, 6)", ".cx(0, 12)", ".cx(11, 13)", ".cx(0, 10)", ".cx(0, 2)", ".cx(2, 11)", ".cx(2, 9)"]}, {"type": "non-degenerate", "A": [0, 0, 0, 0, 2, 0, 6, 14, 0, 0, 0, 0, 0, 0], "B": [0, 0, 50, 337, 1854, 8528, 29300, 76883, 0, 0, 0, 0, 0, 0], "gates": [".cx(5, 6)", ".cx(2, 9)", ".cx(0, 8)", ".cx(1, 7)", ".h(0)", ".cx(0, 13)", ".cx(0, 3)", ".cx(3, 12)", ".cx(0, 4)", ".cx(4, 11)", ".cx(0, 8)", ".cx(8, 9)", ".cx(0, 6)", ".cx(4, 7)", ".h(0)", ".cx(0, 1)", ".cx(0, 2)", ".cx(2, 5)", ".cx(0, 10)", ".cx(5, 11)", ".cx(0, 12)", ".h(0)", ".cx(0, 3)", ".cx(3, 6)", ".cx(0, 1)", ".cx(1, 8)", ".h(9)", ".cx(9, 10)", ".h(2)", ".cx(2, 4)", ".cx(4, 6)", ".cx(9, 11)", ".cx(6, 7)"]}, {"type": "non-degenerate", "A": [0, 0, 0, 1, 1, 1, 7, 8, 0, 0, 0, 0, 0, 0], "B": [0, 0, 56, 371, 1848, 8542, 29296, 76583, 0, 0, 0, 0, 0, 0], "gates": [".cx(0, 13)", ".cx(4, 10)", ".cx(5, 7)", ".cx(1, 9)", ".h(0)", ".cx(0, 4)", ".cx(0, 3)", ".cx(3, 9)", ".cx(0, 2)", ".cx(2, 11)", ".cx(3, 8)", ".cx(0, 12)", ".h(0)", ".cx(0, 7)", ".cx(7, 13)", ".cx(0, 1)", ".cx(0, 6)", ".h(0)", ".cx(0, 5)", ".cx(5, 10)", ".cx(10, 11)", ".cx(1, 4)", ".cx(0, 13)", ".cx(0, 3)", ".h(0)", ".cx(0, 2)", ".cx(2, 8)", ".cx(0, 1)", ".cx(1, 12)", ".cx(0, 3)", ".cx(3, 6)", ".cx(3, 9)", ".cx(3, 10)", ".h(8)", ".cx(8, 10)"]}, {"type": "degenerate", "A": [0, 1, 0, 0, 1, 1, 3, 12, 0, 0, 0, 0, 0, 0], "B": [0, 1, 66, 439, 2358, 9787, 31476, 78999, 0, 0, 0, 0, 0, 0], "gates": [".cx(5, 9)", ".cx(4, 9)", ".cx(0, 8)", ".cx(1, 13)", ".h(0)", ".cx(0, 11)", ".cx(0, 2)", ".cx(2, 9)", ".cx(0, 3)", ".cx(3, 6)", ".cx(2, 13)", ".cx(0, 10)", ".h(0)", ".cx(0, 5)", ".cx(5, 8)", ".cx(0, 1)", ".cx(0, 12)", ".cx(0, 7)", ".h(0)", ".cx(0, 4)", ".cx(8, 13)", ".cx(4, 6)", ".cx(0, 1)", ".cx(1, 3)", ".cx(3, 5)", ".cx(4, 8)", ".cx(1, 11)", ".h(9)", ".cx(9, 11)", ".h(1)", ".cx(1, 6)", ".cx(1, 10)", ".cx(1, 4)"]}, {"type": "non-degenerate", "A": [0, 0, 0, 1, 1, 2, 3, 14, 0, 0, 0, 0, 0, 0], "B": [0, 0, 58, 357, 1902, 8452, 29348, 76475, 0, 0, 0, 0, 0, 0], "gates": [".cx(4, 6)", ".cx(2, 6)", ".cx(1, 10)", ".cx(0, 12)", ".cx(5, 8)", ".h(0)", ".cx(0, 4)", ".cx(0, 3)", ".cx(3, 10)", ".cx(3, 6)", ".cx(0, 11)", ".cx(0, 13)", ".h(0)", ".cx(0, 8)", ".cx(0, 2)", ".cx(2, 7)", ".cx(0, 1)", ".cx(0, 9)", ".h(0)", ".cx(0, 12)", ".cx(0, 5)", ".cx(12, 13)", ".cx(4, 9)", ".cx(5, 6)", ".cx(0, 1)", ".cx(1, 11)", ".h(0)", ".cx(0, 3)", ".cx(3, 12)", ".cx(0, 2)", ".h(4)", ".cx(4, 7)", ".cx(2, 13)"]}, {"type": "degenerate", "A": [0, 1, 0, 0, 0, 2, 6, 13, 0, 0, 0, 0, 0, 0], "B": [0, 1, 66, 439, 2294, 9819, 31924, 78295, 0, 0, 0, 0, 0, 0], "gates": [".cx(3, 9)", ".cx(0, 7)", ".cx(5, 6)", ".cx(4, 10)", ".h(0)", ".cx(0, 13)", ".cx(0, 1)", ".cx(1, 10)", ".cx(0, 2)", ".cx(2, 8)", ".cx(0, 6)", ".h(0)", ".cx(0, 3)", ".cx(3, 7)", ".cx(7, 11)", ".cx(0, 5)", ".cx(0, 12)", ".h(0)", ".cx(0, 4)", ".cx(4, 9)", ".cx(5, 10)", ".cx(0, 2)", ".cx(2, 3)", ".h(0)", ".cx(0, 12)", ".cx(0, 1)", ".cx(1, 5)", ".cx(1, 8)", ".cx(3, 13)", ".cx(4, 8)", ".cx(5, 9)"]}, {"type": "degenerate", "A": [0, 1, 0, 1, 0, 1, 8, 6, 0, 0, 0, 0, 0, 0], "B": [0, 1, 76, 461, 2332, 9861, 31576, 78387, 0, 0, 0, 0, 0, 0], "gates": [".cx(1, 6)", ".h(6)", ".cx(6, 12)", ".cx(4, 6)", ".cx(2, 6)", ".cx(6, 9)", ".cx(5, 6)", ".cx(6, 10)", ".cx(0, 6)", ".h(0)", ".cx(0, 2)", ".cx(0, 3)", ".cx(3, 13)", ".cx(0, 1)", ".cx(6, 7)", ".cx(1, 5)", ".cx(3, 4)", ".cx(2, 8)", ".cx(6, 11)", ".cx(6, 13)", ".cx(0, 6)", ".h(0)", ".cx(0, 3)", ".cx(0, 9)", ".cx(0, 5)", ".cx(5, 11)", ".h(1)", ".cx(1, 6)", ".cx(4, 7)", ".cx(1, 4)", ".h(10)", ".cx(9, 10)", ".cx(10, 13)", ".cx(4, 5)"]}, {"type": "degenerate", "A": [0, 1, 0, 0, 1, 0, 3, 13, 0, 0, 0, 0, 0, 0], "B": [0, 1, 60, 453, 2348, 9805, 31480, 78883, 0, 0, 0, 0, 0, 0], "gates": [".cx(5, 6)", ".cx(0, 10)", ".cx(3, 12)", ".cx(1, 7)", ".cx(2, 9)", ".h(0)", ".cx(0, 8)", ".cx(0, 4)", ".cx(4, 6)", ".h(9)", ".cx(9, 10)", ".cx(9, 12)", ".cx(4, 7)", ".cx(10, 13)", ".cx(0, 11)", ".h(0)", ".cx(0, 2)", ".cx(2, 5)", ".cx(0, 1)", ".cx(0, 3)", ".cx(3, 6)", ".h(0)", ".cx(0, 4)", ".cx(0, 2)", ".cx(1, 10)", ".cx(0, 13)", ".h(5)", ".cx(2, 5)", ".cx(5, 7)", ".cx(5, 12)", ".h(1)", ".cx(1, 4)"]}, {"type": "non-degenerate", "A": [0, 0, 0, 0, 0, 4, 5, 9, 0, 0, 0, 0, 0, 0], "B": [0, 0, 46, 333, 1826, 8532, 29452, 77163, 0, 0, 0, 0, 0, 0], "gates": [".cx(0, 6)", ".cx(4, 6)", ".cx(1, 8)", ".cx(5, 7)", ".h(1)", ".cx(1, 10)", ".cx(1, 2)", ".cx(2, 6)", ".cx(1, 3)", ".cx(3, 9)", ".cx(2, 7)", ".cx(1, 11)", ".h(1)", ".cx(1, 4)", ".cx(4, 8)", ".cx(1, 5)", ".cx(1, 12)", ".h(0)", ".cx(0, 1)", ".cx(1, 13)", ".cx(8, 9)", ".cx(8, 10)", ".cx(1, 11)", ".h(1)", ".cx(1, 3)", ".cx(3, 4)", ".cx(4, 7)", ".cx(4, 8)", ".cx(0, 8)", ".cx(7, 13)", ".h(0)", ".cx(0, 10)", ".cx(0, 5)", ".cx(0, 6)"]}, {"type": "non-degenerate", "A": [0, 0, 0, 0, 2, 2, 3, 10, 0, 0, 0, 0, 0, 0], "B": [0, 0, 50, 349, 1862, 8412, 29332, 77227, 0, 0, 0, 0, 0, 0], "gates": [".cx(5, 6)", ".cx(4, 9)", ".cx(3, 12)", ".cx(0, 7)", ".h(0)", ".cx(0, 12)", ".cx(0, 1)", ".cx(1, 9)", ".cx(0, 2)", ".cx(2, 11)", ".cx(0, 6)", ".cx(0, 13)", ".h(0)", ".cx(0, 4)", ".cx(4, 7)", ".cx(7, 8)", ".cx(0, 5)", ".cx(0, 10)", ".h(0)", ".cx(0, 3)", ".cx(0, 1)", ".cx(4, 13)", ".cx(2, 4)", ".cx(3, 6)", ".cx(1, 7)", ".cx(7, 12)", ".cx(6, 8)", ".h(2)", ".cx(2, 10)", ".cx(2, 3)", ".h(6)", ".cx(6, 8)", ".cx(10, 13)", ".cx(8, 9)"]}, {"type": "non-degenerate", "A": [0, 0, 0, 2, 0, 1, 4, 12, 0, 0, 0, 0, 0, 0], "B": [0, 0, 64, 351, 1992, 8570, 28832, 76671, 0, 0, 0, 0, 0, 0], "gates": [".cx(5, 6)", ".cx(0, 11)", ".cx(3, 10)", ".cx(1, 8)", ".cx(2, 8)", ".h(6)", ".cx(6, 8)", ".cx(6, 13)", ".cx(4, 6)", ".cx(8, 11)", ".h(0)", ".cx(0, 1)", ".cx(1, 5)", ".cx(0, 3)", ".cx(5, 9)", ".cx(11, 12)", ".cx(6, 7)", ".cx(0, 4)", ".cx(8, 10)", ".h(0)", ".cx(0, 2)", ".cx(3, 12)", ".h(8)", ".cx(8, 11)", ".cx(8, 9)", ".cx(0, 5)", ".cx(5, 13)", ".cx(0, 6)", ".h(0)", ".cx(0, 1)", ".cx(0, 7)", ".h(3)", ".cx(3, 8)"]}, {"type": "non-degenerate", "A": [0, 0, 0, 1, 2, 2, 3, 7, 0, 0, 0, 0, 0, 0], "B": [0, 0, 62, 373, 1890, 8412, 29164, 76987, 0, 0, 0, 0, 0, 0], "gates": [".cx(5, 11)", ".cx(3, 9)", ".cx(0, 8)", ".cx(1, 7)", ".h(0)", ".cx(0, 9)", ".cx(0, 2)", ".cx(2, 12)", ".cx(0, 4)", ".cx(4, 10)", ".cx(0, 7)", ".cx(0, 6)", ".h(0)", ".cx(0, 11)", ".cx(0, 3)", ".cx(3, 5)", ".cx(0, 1)", ".cx(0, 13)", ".h(0)", ".cx(0, 8)", ".cx(8, 11)", ".cx(0, 10)", ".cx(5, 12)", ".cx(0, 2)", ".cx(2, 3)", ".h(0)", ".cx(0, 4)", ".cx(0, 1)", ".cx(1, 9)", ".cx(1, 2)", ".cx(2, 7)", ".cx(2, 13)", ".h(8)", ".cx(4, 8)"]}, {"type": "non-degenerate", "A": [0, 0, 0, 0, 1, 2, 4, 14, 0, 0, 0, 0, 0, 0], "B": [0, 0, 48, 327, 1864, 8546, 29248, 77135, 0, 0, 0, 0, 0, 0], "gates": [".cx(4, 6)", ".cx(1, 10)", ".cx(0, 13)", ".cx(3, 12)", ".h(0)", ".cx(0, 1)", ".cx(0, 2)", ".cx(2, 8)", ".cx(0, 5)", ".cx(5, 11)", ".h(7)", ".cx(7, 13)", ".cx(7, 12)", ".cx(7, 10)", ".cx(0, 9)", ".h(0)", ".cx(0, 3)", ".cx(3, 6)", ".cx(0, 4)", ".cx(0, 11)", ".cx(4, 13)", ".h(0)", ".cx(0, 5)", ".cx(5, 7)", ".cx(7, 8)", ".cx(0, 2)", ".cx(2, 6)", ".cx(1, 12)", ".cx(8, 9)", ".cx(4, 7)", ".h(2)", ".cx(2, 4)", ".h(1)", ".cx(1, 12)"]}, {"type": "non-degenerate", "A": [0, 0, 0, 1, 1, 2, 4, 7, 0, 0, 0, 0, 0, 0], "B": [0, 0, 58, 349, 1950, 8380, 29220, 77035, 0, 0, 0, 0, 0, 0], "gates": [".cx(1, 11)", ".cx(0, 6)", ".cx(2, 9)", ".cx(3, 12)", ".cx(5, 13)", ".h(1)", ".cx(1, 6)", ".cx(1, 4)", ".cx(4, 9)", ".cx(1, 3)", ".cx(1, 8)", ".h(1)", ".cx(1, 5)", ".cx(1, 2)", ".cx(5, 7)", ".cx(1, 12)", ".h(1)", ".cx(1, 11)", ".cx(11, 13)", ".cx(1, 10)", ".h(0)", ".cx(0, 1)", ".cx(2, 8)", ".cx(1, 4)", ".cx(6, 11)", ".cx(0, 5)", ".cx(4, 10)", ".cx(1, 3)", ".cx(3, 7)", ".cx(5, 9)", ".cx(8, 13)", ".h(2)", ".cx(2, 3)"]}, {"type": "degenerate", "A": [0, 1, 0, 1, 0, 1, 6, 10, 0, 0, 0, 0, 0, 0], "B": [0, 1, 76, 453, 2348, 9917, 31384, 78499, 0, 0, 0, 0, 0, 0], "gates": [".cx(2, 11)", ".cx(0, 6)", ".cx(5, 7)", ".cx(4, 8)", ".h(0)", ".cx(0, 4)", ".cx(0, 3)", ".cx(3, 7)", ".cx(0, 1)", ".cx(1, 13)", ".cx(0, 11)", ".cx(1, 12)", ".cx(0, 9)", ".h(0)", ".cx(0, 5)", ".cx(0, 2)", ".cx(0, 10)", ".h(0)", ".cx(0, 6)", ".cx(6, 8)", ".cx(6, 7)", ".cx(5, 9)", ".cx(2, 3)", ".cx(0, 1)", ".cx(8, 10)", ".h(0)", ".cx(0, 4)", ".cx(3, 6)", ".cx(0, 1)", ".cx(1, 11)", ".cx(1, 2)", ".cx(1, 9)"]}, {"type": "non-degenerate", "A": [0, 0, 0, 2, 0, 3, 4, 11, 0, 0, 0, 0, 0, 0], "B": [0, 0, 68, 375, 1900, 8538, 29224, 76175, 0, 0, 0, 0, 0, 0], "gates": [".cx(4, 8)", ".cx(0, 6)", ".cx(1, 11)", ".cx(3, 13)", ".cx(2, 12)", ".h(0)", ".cx(0, 7)", ".cx(0, 5)", ".cx(5, 11)", ".cx(5, 8)", ".cx(0, 9)", ".cx(0, 10)", ".h(0)", ".cx(0, 13)", ".cx(0, 1)", ".cx(1, 12)", ".cx(0, 2)", ".h(0)", ".cx(0, 6)", ".cx(0, 4)", ".cx(0, 3)", ".cx(6, 12)", ".cx(3, 8)", ".cx(2, 10)", ".h(0)", ".cx(0, 2)", ".cx(0, 4)", ".cx(4, 9)", ".cx(0, 7)", ".cx(2, 11)", ".cx(3, 10)", ".cx(9, 13)", ".cx(2, 6)", ".cx(1, 5)"]}, {"type": "degenerate", "A": [0, 1, 0, 1, 0, 3, 3, 10, 0, 0, 0, 0, 0, 0], "B": [0, 1, 78, 459, 2362, 9751, 31660, 78367, 0, 0, 0, 0, 0, 0], "gates": [".cx(3, 13)", ".cx(2, 10)", ".cx(0, 11)", ".cx(4, 7)", ".cx(1, 12)", ".h(6)", ".cx(6, 13)", ".h(0)", ".cx(0, 1)", ".cx(0, 5)", ".cx(5, 10)", ".cx(6, 11)", ".cx(11, 12)", ".cx(0, 4)", ".cx(6, 7)", ".cx(0, 3)", ".cx(1, 8)", ".h(0)", ".cx(0, 9)", ".cx(0, 2)", ".cx(2, 13)", ".cx(6, 10)", ".cx(0, 3)", ".cx(3, 12)", ".h(0)", ".cx(0, 5)", ".cx(5, 6)", ".cx(0, 4)", ".cx(0, 7)", ".cx(7, 9)", ".cx(2, 4)"]}, {"type": "non-degenerate", "A": [0, 0, 0, 0, 0, 2, 7, 12, 0, 0, 0, 0, 0, 0], "B": [0, 0, 42, 333, 1822, 8604, 29444, 76875, 0, 0, 0, 0, 0, 0], "gates": [".cx(0, 6)", ".cx(3, 13)", ".cx(5, 10)", ".cx(4, 9)", ".cx(0, 12)", ".h(0)", ".cx(0, 5)", ".cx(0, 1)", ".cx(1, 7)", ".cx(0, 2)", ".cx(2, 8)", ".cx(0, 13)", ".cx(1, 9)", ".cx(2, 11)", ".cx(0, 12)", ".h(0)", ".cx(0, 3)", ".cx(0, 4)", ".cx(4, 6)", ".cx(3, 10)", ".h(8)", ".cx(8, 9)", ".cx(8, 10)", ".cx(10, 12)", ".cx(3, 11)", ".cx(0, 7)", ".h(0)", ".cx(0, 2)", ".cx(2, 4)", ".cx(4, 5)", ".h(7)", ".cx(7, 8)", ".cx(8, 13)", ".cx(8, 11)", ".cx(1, 3)"]}, {"type": "non-degenerate", "A": [0, 0, 0, 0, 1, 1, 9, 12, 0, 0, 0, 0, 0, 0], "B": [0, 0, 52, 319, 1836, 8578, 29448, 76767, 0, 0, 0, 0, 0, 0], "gates": [".cx(2, 8)", ".cx(5, 9)", ".cx(4, 6)", ".h(6)", ".cx(6, 8)", ".cx(3, 6)", ".cx(6, 13)", ".cx(0, 6)", ".cx(6, 12)", ".cx(1, 6)", ".h(1)", ".cx(1, 3)", ".cx(1, 4)", ".cx(4, 11)", ".cx(6, 10)", ".cx(1, 5)", ".cx(1, 2)", ".cx(6, 7)", ".cx(3, 6)", ".cx(6, 9)", ".h(0)", ".cx(0, 1)", ".cx(0, 10)", ".h(0)", ".cx(0, 7)", ".cx(0, 5)", ".cx(5, 8)", ".cx(8, 11)", ".cx(10, 11)", ".cx(1, 6)", ".h(1)", ".cx(1, 2)", ".cx(2, 10)", ".cx(11, 13)", ".cx(0, 2)", ".cx(1, 4)"]}, {"type": "non-degenerate", "A": [0, 0, 0, 0, 2, 1, 5, 14, 0, 0, 0, 0, 0, 0], "B": [0, 0, 54, 329, 1858, 8528, 29244, 77027, 0, 0, 0, 0, 0, 0], "gates": [".cx(5, 11)", ".cx(0, 6)", ".cx(4, 12)", ".h(0)", ".cx(0, 10)", ".cx(0, 3)", ".cx(3, 11)", ".cx(0, 1)", ".cx(1, 13)", ".cx(0, 2)", ".cx(2, 9)", ".cx(0, 8)", ".h(0)", ".cx(0, 5)", ".cx(5, 6)", ".cx(6, 12)", ".cx(0, 7)", ".h(0)", ".cx(0, 4)", ".cx(0, 3)", ".cx(4, 13)", ".cx(3, 6)", ".cx(5, 8)", ".cx(6, 10)", ".cx(0, 9)", ".h(0)", ".cx(0, 1)", ".cx(1, 9)", ".cx(9, 12)", ".cx(1, 5)", ".h(2)", ".cx(2, 13)"]}, {"type": "non-degenerate", "A": [0, 0, 1, 0, 0, 1, 4, 12, 0, 0, 0, 0, 0, 0], "B": [0, 0, 54, 381, 2074, 8804, 29468, 76299, 0, 0, 0, 0, 0, 0], "gates": [".cx(4, 11)", ".cx(2, 11)", ".cx(0, 9)", ".cx(3, 6)", ".h(0)", ".cx(0, 4)", ".cx(0, 1)", ".cx(1, 6)", ".cx(0, 5)", ".cx(5, 7)", ".cx(0, 8)", ".h(0)", ".cx(0, 2)", ".cx(0, 3)", ".cx(3, 11)", ".cx(2, 10)", ".cx(0, 12)", ".h(0)", ".cx(0, 9)", ".cx(9, 13)", ".cx(0, 5)", ".cx(1, 2)", ".cx(9, 11)", ".cx(5, 10)", ".h(0)", ".cx(0, 4)", ".h(6)", ".cx(6, 7)", ".cx(6, 12)", ".cx(4, 9)", ".cx(6, 10)", ".cx(4, 6)", ".cx(6, 8)"]}, {"type": "non-degenerate", "A": [0, 0, 0, 1, 2, 1, 2, 12, 0, 0, 0, 0, 0, 0], "B": [0, 0, 58, 369, 1942, 8304, 29380, 76563, 0, 0, 0, 0, 0, 0], "gates": [".cx(2, 9)", ".cx(0, 9)", ".cx(1, 6)", ".cx(3, 7)", ".h(1)", ".cx(1, 10)", ".cx(1, 5)", ".cx(5, 9)", ".cx(1, 4)", ".cx(4, 8)", ".cx(5, 13)", ".cx(1, 11)", ".h(1)", ".cx(1, 2)", ".cx(2, 6)", ".cx(6, 7)", ".cx(1, 3)", ".h(0)", ".cx(0, 1)", ".cx(1, 12)", ".cx(2, 8)", ".cx(1, 4)", ".cx(4, 11)", ".h(1)", ".cx(1, 3)", ".cx(3, 10)", ".h(0)", ".cx(0, 2)", ".cx(0, 13)", ".cx(1, 5)", ".cx(3, 12)", ".h(4)", ".cx(4, 6)"]}, {"type": "non-degenerate", "A": [0, 0, 0, 0, 1, 2, 7, 13, 0, 0, 0, 0, 0, 0], "B": [0, 0, 52, 331, 1796, 8638, 29352, 76855, 0, 0, 0, 0, 0, 0], "gates": [".cx(1, 13)", ".cx(5, 13)", ".cx(4, 7)", ".cx(2, 6)", ".cx(3, 9)", ".h(8)", ".cx(8, 9)", ".cx(8, 11)", ".cx(0, 8)", ".cx(8, 13)", ".h(0)", ".cx(0, 1)", ".cx(1, 7)", ".cx(0, 3)", ".cx(3, 6)", ".cx(0, 2)", ".cx(2, 5)", ".cx(8, 12)", ".cx(8, 10)", ".h(0)", ".cx(0, 4)", ".cx(0, 6)", ".cx(0, 13)", ".cx(5, 12)", ".cx(4, 5)", ".cx(5, 11)", ".cx(6, 7)", ".h(0)", ".cx(0, 1)", ".cx(0, 10)", ".cx(1, 8)", ".h(4)", ".cx(4, 6)", ".h(2)", ".cx(2, 10)"]}, {"type": "non-degenerate", "A": [0, 0, 1, 0, 1, 0, 3, 12, 0, 0, 0, 0, 0, 0], "B": [0, 0, 54, 401, 2066, 8760, 29436, 76275, 0, 0, 0, 0, 0, 0], "gates": [".cx(2, 11)", ".h(6)", ".cx(6, 10)", ".cx(6, 8)", ".cx(4, 6)", ".cx(1, 6)", ".cx(6, 7)", ".cx(3, 6)", ".cx(0, 6)", ".cx(6, 9)", ".cx(5, 6)", ".h(2)", ".cx(2, 4)", ".cx(2, 5)", ".h(0)", ".cx(0, 11)", ".cx(11, 12)", ".cx(4, 13)", ".cx(0, 1)", ".h(2)", ".cx(2, 3)", ".cx(3, 10)", ".cx(5, 8)", ".cx(6, 12)", ".cx(3, 11)", ".cx(1, 6)", ".h(5)", ".cx(5, 6)", ".cx(7, 11)", ".cx(1, 2)", ".h(7)", ".cx(7, 11)", ".h(1)", ".cx(1, 13)"]}, {"type": "non-degenerate", "A": [0, 0, 0, 1, 0, 4, 1, 13, 0, 0, 0, 0, 0, 0], "B": [0, 0, 54, 357, 1898, 8460, 29340, 76699, 0, 0, 0, 0, 0, 0], "gates": [".cx(3, 13)", ".cx(2, 9)", ".cx(5, 6)", ".cx(1, 10)", ".cx(4, 12)", ".cx(0, 9)", ".h(6)", ".cx(6, 9)", ".cx(6, 12)", ".h(1)", ".cx(1, 2)", ".cx(1, 5)", ".cx(5, 13)", ".cx(9, 11)", ".cx(2, 4)", ".cx(6, 8)", ".cx(6, 7)", ".cx(1, 3)", ".h(0)", ".cx(0, 6)", ".cx(6, 10)", ".cx(10, 13)", ".cx(10, 12)", ".cx(1, 11)", ".h(1)", ".cx(1, 3)", ".cx(3, 12)", ".cx(3, 8)", ".cx(3, 4)", ".cx(4, 6)", ".cx(1, 7)", ".cx(0, 1)", ".h(0)", ".cx(0, 5)"]}, {"type": "degenerate", "A": [0, 1, 0, 0, 0, 4, 6, 5, 0, 0, 0, 0, 0, 0], "B": [0, 1, 72, 437, 2280, 9813, 31760, 78947, 0, 0, 0, 0, 0, 0], "gates": [".cx(0, 8)", ".cx(3, 11)", ".cx(2, 13)", ".cx(1, 9)", ".h(1)", ".cx(1, 6)", ".cx(1, 4)", ".cx(4, 11)", ".cx(1, 5)", ".cx(5, 12)", ".h(7)", ".cx(7, 9)", ".cx(7, 8)", ".cx(7, 13)", ".cx(1, 10)", ".h(0)", ".cx(0, 1)", ".cx(1, 3)", ".cx(1, 2)", ".cx(9, 12)", ".cx(3, 9)", ".h(1)", ".cx(1, 4)", ".cx(4, 5)", ".cx(5, 13)", ".cx(1, 2)", ".cx(2, 8)", ".cx(8, 11)", ".cx(0, 5)"]}, {"type": "non-degenerate", "A": [0, 0, 0, 1, 1, 0, 8, 10, 0, 0, 0, 0, 0, 0], "B": [0, 0, 58, 345, 1910, 8520, 29252, 76579, 0, 0, 0, 0, 0, 0], "gates": [".cx(0, 7)", ".cx(2, 7)", ".cx(1, 13)", ".cx(4, 12)", ".h(0)", ".cx(0, 1)", ".cx(0, 3)", ".cx(3, 12)", ".cx(0, 5)", ".cx(5, 10)", ".cx(0, 6)", ".h(0)", ".cx(0, 4)", ".cx(0, 2)", ".cx(0, 7)", ".cx(2, 13)", ".cx(0, 8)", ".cx(3, 11)", ".cx(0, 5)", ".cx(5, 9)", ".cx(7, 10)", ".h(0)", ".cx(0, 8)", ".cx(0, 3)", ".cx(3, 13)", ".h(0)", ".cx(0, 1)", ".cx(1, 4)", ".cx(4, 6)", ".cx(1, 7)", ".h(4)", ".cx(4, 5)", ".h(9)", ".cx(9, 12)"]}, {"type": "non-degenerate", "A": [0, 0, 0, 1, 1, 1, 4, 13, 0, 0, 0, 0, 0, 0], "B": [0, 0, 54, 369, 1858, 8616, 29052, 76723, 0, 0, 0, 0, 0, 0], "gates": [".cx(5, 11)", ".cx(2, 10)", ".cx(4, 9)", ".cx(1, 6)", ".cx(0, 7)", ".h(8)", ".cx(8, 9)", ".cx(8, 11)", ".cx(3, 8)", ".cx(8, 10)", ".h(0)", ".cx(0, 2)", ".cx(0, 6)", ".h(3)", ".cx(3, 7)", ".cx(3, 11)", ".cx(9, 13)", ".cx(6, 8)", ".cx(8, 12)", ".cx(7, 8)", ".h(0)", ".cx(0, 5)", ".cx(5, 10)", ".cx(2, 9)", ".cx(0, 12)", ".cx(1, 7)", ".h(1)", ".cx(1, 5)", ".cx(1, 2)", ".cx(1, 3)", ".h(4)", ".cx(4, 10)", ".cx(4, 8)"]}, {"type": "non-degenerate", "A": [0, 0, 0, 0, 0, 2, 3, 17, 0, 0, 0, 0, 0, 0], "B": [0, 0, 42, 305, 1926, 8560, 29156, 77267, 0, 0, 0, 0, 0, 0], "gates": [".cx(5, 11)", ".cx(2, 7)", ".cx(0, 12)", ".cx(3, 8)", ".cx(1, 10)", ".h(6)", ".cx(6, 9)", ".cx(6, 10)", ".cx(4, 6)", ".cx(10, 11)", ".h(7)", ".cx(7, 8)", ".cx(7, 10)", ".cx(10, 12)", ".h(1)", ".cx(1, 2)", ".cx(2, 5)", ".cx(1, 6)", ".cx(6, 13)", ".cx(0, 6)", ".h(0)", ".cx(0, 5)", ".cx(0, 3)", ".cx(3, 10)", ".cx(5, 9)", ".cx(6, 8)", ".h(2)", ".cx(2, 13)", ".cx(2, 3)", ".h(4)", ".cx(4, 11)", ".cx(4, 12)"]}, {"type": "non-degenerate", "A": [0, 0, 0, 1, 0, 1, 5, 14, 0, 0, 0, 0, 0, 0], "B": [0, 0, 52, 335, 1932, 8594, 29064, 76799, 0, 0, 0, 0, 0, 0], "gates": [".cx(0, 11)", ".cx(4, 8)", ".cx(2, 9)", ".cx(1, 6)", ".cx(3, 13)", ".cx(5, 7)", ".h(1)", ".cx(1, 2)", ".cx(2, 7)", ".cx(0, 13)", ".h(0)", ".cx(0, 8)", ".cx(0, 3)", ".cx(3, 5)", ".cx(1, 8)", ".cx(8, 10)", ".cx(0, 9)", ".h(0)", ".cx(0, 6)", ".cx(6, 9)", ".cx(0, 7)", ".cx(0, 12)", ".h(0)", ".cx(0, 6)", ".cx(6, 11)", ".cx(5, 6)", ".cx(6, 8)", ".cx(10, 13)", ".cx(12, 13)", ".cx(0, 1)", ".cx(1, 5)", ".h(4)", ".cx(4, 10)", ".cx(4, 12)"]}, {"type": "non-degenerate", "A": [0, 0, 0, 0, 2, 0, 5, 15, 0, 0, 0, 0, 0, 0], "B": [0, 0, 50, 329, 1886, 8504, 29236, 76995, 0, 0, 0, 0, 0, 0], "gates": [".cx(3, 13)", ".cx(5, 8)", ".cx(2, 6)", ".cx(0, 10)", ".cx(1, 11)", ".h(7)", ".cx(7, 8)", ".cx(7, 12)", ".cx(4, 7)", ".cx(7, 13)", ".h(2)", ".cx(2, 7)", ".cx(7, 10)", ".cx(10, 11)", ".h(0)", ".cx(0, 3)", ".cx(0, 1)", ".cx(1, 7)", ".cx(7, 9)", ".cx(3, 8)", ".h(0)", ".cx(0, 5)", ".cx(6, 7)", ".h(9)", ".cx(9, 12)", ".cx(9, 11)", ".cx(5, 9)", ".cx(2, 5)", ".cx(0, 6)", ".cx(0, 3)", ".cx(1, 9)", ".h(4)", ".cx(4, 6)", ".cx(6, 13)"]}, {"type": "non-degenerate", "A": [0, 0, 0, 0, 0, 1, 9, 15, 0, 0, 0, 0, 0, 0], "B": [0, 0, 48, 295, 1880, 8626, 29376, 76815, 0, 0, 0, 0, 0, 0], "gates": [".cx(3, 11)", ".cx(0, 7)", ".cx(1, 9)", ".cx(5, 13)", ".cx(2, 10)", ".cx(4, 6)", ".cx(4, 8)", ".h(4)", ".cx(4, 10)", ".cx(4, 5)", ".cx(5, 9)", ".cx(0, 12)", ".h(0)", ".cx(0, 3)", ".cx(0, 1)", ".cx(0, 13)", ".h(0)", ".cx(0, 2)", ".cx(0, 3)", ".cx(3, 4)", ".cx(4, 12)", ".cx(4, 6)", ".cx(1, 4)", ".cx(10, 13)", ".h(0)", ".cx(0, 8)", ".cx(0, 5)", ".cx(2, 8)", ".cx(8, 10)", ".cx(4, 11)", ".cx(8, 12)", ".h(7)", ".cx(7, 11)", ".cx(7, 9)"]}, {"type": "non-degenerate", "A": [0, 0, 0, 0, 1, 0, 5, 18, 0, 0, 0, 0, 0, 0], "B": [0, 0, 44, 319, 1892, 8594, 29176, 76959, 0, 0, 0, 0, 0, 0], "gates": [".cx(3, 10)", ".cx(5, 12)", ".cx(4, 9)", ".cx(2, 7)", ".cx(0, 8)", ".h(6)", ".cx(6, 7)", ".cx(6, 11)", ".cx(1, 6)", ".cx(6, 12)", ".cx(7, 9)", ".cx(0, 13)", ".h(0)", ".cx(0, 4)", ".cx(0, 10)", ".cx(4, 6)", ".cx(6, 8)", ".h(0)", ".cx(0, 5)", ".cx(5, 7)", ".cx(7, 13)", ".cx(3, 6)", ".h(2)", ".cx(2, 6)", ".cx(6, 12)", ".h(3)", ".cx(3, 5)", ".cx(3, 10)", ".cx(10, 11)", ".cx(6, 13)", ".h(1)", ".cx(1, 10)", ".cx(1, 9)"]}, {"type": "non-degenerate", "A": [0, 0, 0, 0, 2, 1, 5, 15, 0, 0, 0, 0, 0, 0], "B": [0, 0, 56, 319, 1872, 8538, 29200, 77055, 0, 0, 0, 0, 0, 0], "gates": [".cx(2, 11)", ".cx(0, 12)", ".cx(3, 8)", ".cx(1, 10)", ".cx(4, 9)", ".cx(5, 13)", ".h(6)", ".cx(6, 10)", ".cx(6, 9)", ".cx(9, 11)", ".h(7)", ".cx(7, 8)", ".cx(8, 12)", ".cx(7, 11)", ".cx(11, 13)", ".h(2)", ".cx(2, 5)", ".cx(5, 6)", ".cx(2, 4)", ".cx(1, 7)", ".h(1)", ".cx(1, 2)", ".cx(1, 12)", ".cx(0, 5)", ".h(0)", ".cx(0, 4)", ".cx(6, 8)", ".cx(4, 10)", ".h(3)", ".cx(3, 13)", ".cx(3, 10)"]}, {"type": "non-degenerate", "A": [0, 0, 0, 0, 0, 0, 9, 17, 0, 0, 0, 0, 0, 0], "B": [0, 0, 40, 327, 1808, 8738, 29360, 76559, 0, 0, 0, 0, 0, 0], "gates": [".cx(2, 8)", ".cx(1, 13)", ".cx(4, 7)", ".cx(3, 9)", ".cx(0, 11)", ".h(6)", ".cx(6, 12)", ".cx(6, 8)", ".cx(5, 6)", ".h(7)", ".cx(7, 9)", ".cx(9, 11)", ".cx(6, 7)", ".cx(7, 13)", ".h(0)", ".cx(0, 10)", ".cx(0, 4)", ".cx(4, 6)", ".h(1)", ".cx(1, 4)", ".cx(7, 10)", ".cx(2, 7)", ".cx(4, 7)", ".h(2)", ".cx(2, 3)", ".cx(2, 13)", ".cx(11, 12)", ".cx(0, 2)", ".h(5)", ".cx(5, 9)", ".cx(5, 13)", ".h(13)", ".cx(9, 13)"]}, {"type": "non-degenerate", "A": [0, 0, 0, 0, 1, 3, 4, 12, 0, 0, 0, 0, 0, 0], "B": [0, 0, 52, 323, 1860, 8518, 29288, 77223, 0, 0, 0, 0, 0, 0], "gates": [".cx(3, 8)", ".cx(2, 12)", ".cx(0, 10)", ".cx(1, 13)", ".cx(4, 7)", ".h(6)", ".cx(6, 12)", ".cx(6, 13)", ".cx(5, 6)", ".cx(6, 7)", ".h(0)", ".cx(0, 1)", ".cx(0, 9)", ".h(0)", ".cx(0, 4)", ".cx(4, 8)", ".cx(6, 9)", ".h(5)", ".cx(5, 6)", ".cx(6, 10)", ".cx(6, 8)", ".cx(3, 6)", ".h(7)", ".cx(7, 11)", ".cx(6, 7)", ".cx(2, 6)", ".cx(0, 1)", ".cx(1, 6)", ".h(2)", ".cx(2, 4)", ".cx(2, 12)", ".h(3)", ".cx(3, 4)", ".cx(3, 11)"]}, {"type": "non-degenerate", "A": [0, 0, 0, 0, 0, 4, 4, 10, 0, 0, 0, 0, 0, 0], "B": [0, 0, 46, 325, 1858, 8508, 29388, 77275, 0, 0, 0, 0, 0, 0], "gates": [".cx(0, 8)", ".cx(3, 11)", ".cx(2, 13)", ".cx(1, 10)", ".cx(4, 7)", ".cx(5, 9)", ".cx(0, 12)", ".h(0)", ".cx(0, 13)", ".cx(0, 10)", ".h(1)", ".cx(1, 4)", ".cx(1, 3)", ".cx(0, 9)", ".cx(0, 11)", ".h(0)", ".cx(0, 7)", ".cx(0, 5)", ".cx(5, 11)", ".cx(4, 6)", ".cx(0, 6)", ".h(1)", ".cx(1, 3)", ".cx(3, 13)", ".h(0)", ".cx(0, 2)", ".cx(2, 4)", ".cx(1, 2)", ".cx(3, 8)", ".cx(0, 7)", ".cx(6, 9)", ".cx(5, 8)", ".cx(4, 12)", ".cx(1, 12)"]}, {"type": "non-degenerate", "A": [0, 0, 0, 0, 0, 2, 5, 15, 0, 0, 0, 0, 0, 0], "B": [0, 0, 42, 321, 1862, 8608, 29284, 77043, 0, 0, 0, 0, 0, 0], "gates": [".cx(4, 9)", ".cx(1, 8)", ".cx(0, 10)", ".cx(3, 6)", ".cx(5, 11)", ".h(7)", ".cx(7, 8)", ".cx(7, 11)", ".cx(2, 7)", ".cx(7, 10)", ".h(6)", ".cx(6, 7)", ".cx(7, 9)", ".cx(7, 13)", ".h(1)", ".cx(1, 3)", ".cx(1, 7)", ".cx(7, 12)", ".cx(0, 1)", ".h(0)", ".cx(0, 3)", ".cx(3, 4)", ".cx(4, 10)", ".cx(5, 7)", ".cx(8, 12)", ".cx(0, 11)", ".h(5)", ".cx(5, 13)", ".cx(5, 10)", ".h(2)", ".cx(2, 3)", ".cx(2, 8)"]}, {"type": "non-degenerate", "A": [0, 0, 0, 0, 1, 2, 6, 12, 0, 0, 0, 0, 0, 0], "B": [0, 0, 52, 315, 1876, 8510, 29352, 77079, 0, 0, 0, 0, 0, 0], "gates": [".cx(2, 10)", ".cx(4, 8)", ".cx(0, 13)", ".cx(1, 6)", ".cx(5, 11)", ".cx(3, 7)", ".h(9)", ".cx(9, 11)", ".cx(11, 13)", ".cx(9, 10)", ".h(2)", ".cx(2, 3)", ".cx(2, 6)", ".cx(6, 8)", ".h(7)", ".cx(7, 9)", ".cx(9, 12)", ".cx(0, 2)", ".h(0)", ".cx(0, 2)", ".cx(0, 4)", ".cx(4, 11)", ".cx(7, 8)", ".cx(3, 9)", ".cx(1, 3)", ".h(1)", ".cx(1, 3)", ".cx(1, 13)", ".cx(3, 4)", ".h(5)", ".cx(5, 6)", ".cx(6, 11)"]}, {"type": "non-degenerate", "A": [0, 0, 0, 3, 0, 2, 1, 9, 0, 0, 0, 0, 0, 0], "B": [0, 0, 70, 405, 2010, 8412, 28988, 76155, 0, 0, 0, 0, 0, 0], "gates": [".cx(5, 11)", ".cx(4, 13)", ".cx(0, 9)", ".cx(2, 7)", ".cx(1, 8)", ".h(6)", ".cx(6, 8)", ".cx(6, 7)", ".cx(3, 6)", ".cx(8, 11)", ".h(1)", ".cx(1, 5)", ".cx(1, 6)", ".cx(6, 13)", ".cx(0, 11)", ".h(0)", ".cx(0, 4)", ".cx(0, 12)", ".cx(4, 7)", ".cx(6, 10)", ".cx(6, 12)", ".h(3)", ".cx(3, 6)", ".cx(6, 9)", ".cx(5, 6)", ".cx(2, 5)", ".cx(4, 5)", ".h(2)", ".cx(2, 10)", ".cx(2, 4)", ".cx(4, 8)"]}, {"type": "non-degenerate", "A": [0, 0, 0, 0, 2, 2, 4, 15, 0, 0, 0, 0, 0, 0], "B": [0, 0, 60, 311, 1876, 8538, 29144, 77199, 0, 0, 0, 0, 0, 0], "gates": [".cx(1, 8)", ".cx(3, 13)", ".cx(5, 9)", ".cx(2, 7)", ".cx(4, 12)", ".h(6)", ".cx(6, 11)", ".cx(6, 9)", ".cx(0, 6)", ".cx(6, 7)", ".h(1)", ".cx(1, 6)", ".cx(6, 13)", ".cx(6, 12)", ".cx(6, 10)", ".h(0)", ".cx(0, 6)", ".cx(6, 8)", ".cx(8, 9)", ".cx(9, 12)", ".cx(3, 6)", ".h(3)", ".cx(3, 11)", ".cx(3, 4)", ".cx(2, 6)", ".cx(4, 6)", ".h(2)", ".cx(2, 13)", ".cx(2, 4)", ".cx(3, 5)", ".cx(0, 5)"]}, {"type": "non-degenerate", "A": [0, 0, 0, 1, 0, 1, 4, 10, 0, 0, 0, 0, 0, 0], "B": [0, 0, 42, 377, 1894, 8520, 29220, 76771, 0, 0, 0, 0, 0, 0], "gates": [".cx(3, 7)", ".cx(4, 10)", ".cx(0, 9)", ".cx(5, 13)", ".cx(2, 11)", ".cx(1, 6)", ".h(3)", ".cx(3, 6)", ".cx(6, 13)", ".cx(0, 8)", ".h(0)", ".cx(0, 10)", ".cx(0, 7)", ".cx(7, 11)", ".cx(3, 12)", ".cx(10, 12)", ".cx(0, 2)", ".h(0)", ".cx(0, 5)", ".cx(0, 10)", ".cx(2, 3)", ".cx(0, 1)", ".h(0)", ".cx(0, 9)", ".cx(0, 5)", ".cx(5, 7)", ".h(4)", ".cx(4, 13)", ".cx(4, 11)", ".cx(9, 12)", ".cx(6, 9)", ".cx(3, 8)", ".cx(4, 8)"]}, {"type": "non-degenerate", "A": [0, 0, 0, 1, 0, 1, 5, 14, 0, 0, 0, 0, 0, 0], "B": [0, 0, 52, 335, 1932, 8594, 29064, 76799, 0, 0, 0, 0, 0, 0], "gates": [".cx(2, 12)", ".cx(3, 13)", ".cx(5, 11)", ".cx(4, 10)", ".cx(1, 8)", ".h(6)", ".cx(6, 10)", ".cx(6, 13)", ".cx(6, 11)", ".cx(0, 6)", ".cx(6, 12)", ".h(1)", ".cx(1, 6)", ".cx(6, 7)", ".cx(6, 9)", ".h(0)", ".cx(0, 4)", ".cx(0, 6)", ".cx(6, 8)", ".cx(8, 13)", ".cx(5, 6)", ".cx(3, 6)", ".cx(2, 6)", ".h(2)", ".cx(2, 11)", ".cx(2, 4)", ".cx(4, 6)", ".h(5)", ".cx(5, 10)", ".cx(5, 9)", ".h(3)", ".cx(3, 5)", ".cx(3, 11)"]}, {"type": "non-degenerate", "A": [0, 0, 0, 0, 0, 3, 6, 11, 0, 0, 0, 0, 0, 0], "B": [0, 0, 46, 321, 1850, 8552, 29420, 77075, 0, 0, 0, 0, 0, 0], "gates": [".cx(1, 9)", ".cx(4, 6)", ".cx(5, 13)", ".cx(0, 6)", ".h(8)", ".cx(8, 9)", ".cx(8, 12)", ".cx(3, 8)", ".cx(8, 13)", ".cx(2, 8)", ".cx(0, 7)", ".h(0)", ".cx(0, 5)", ".cx(0, 4)", ".cx(8, 10)", ".cx(4, 8)", ".cx(8, 11)", ".h(2)", ".cx(2, 10)", ".cx(2, 5)", ".cx(5, 6)", ".cx(5, 9)", ".cx(1, 8)", ".h(3)", ".cx(3, 5)", ".cx(3, 11)", ".h(1)", ".cx(1, 12)", ".cx(1, 4)", ".h(7)", ".cx(7, 11)", ".cx(7, 10)"]}, {"type": "non-degenerate", "A": [0, 0, 0, 0, 0, 3, 5, 10, 0, 0, 0, 0, 0, 0], "B": [0, 0, 44, 319, 1892, 8466, 29432, 77215, 0, 0, 0, 0, 0, 0], "gates": [".cx(1, 13)", ".cx(2, 10)", ".cx(3, 11)", ".cx(0, 8)", ".cx(4, 9)", ".h(6)", ".cx(6, 9)", ".cx(6, 13)", ".cx(5, 6)", ".cx(9, 11)", ".h(7)", ".cx(7, 8)", ".cx(7, 10)", ".cx(6, 12)", ".cx(10, 11)", ".h(1)", ".cx(1, 3)", ".cx(3, 6)", ".h(3)", ".cx(3, 8)", ".cx(8, 13)", ".cx(3, 4)", ".cx(1, 7)", ".h(0)", ".cx(0, 4)", ".cx(0, 12)", ".h(2)", ".cx(2, 3)", ".h(13)", ".cx(2, 13)", ".cx(5, 13)", ".cx(1, 5)", ".cx(4, 5)"]}, {"type": "non-degenerate", "A": [0, 0, 0, 1, 0, 1, 3, 17, 0, 0, 0, 0, 0, 0], "B": [0, 0, 46, 357, 1922, 8508, 29324, 76379, 0, 0, 0, 0, 0, 0], "gates": [".cx(4, 11)", ".cx(3, 10)", ".cx(0, 6)", ".cx(5, 13)", ".cx(1, 8)", ".cx(2, 12)", ".h(7)", ".cx(7, 12)", ".cx(12, 13)", ".cx(7, 10)", ".cx(10, 11)", ".h(2)", ".cx(2, 8)", ".cx(2, 4)", ".cx(0, 1)", ".h(0)", ".cx(0, 10)", ".cx(0, 5)", ".cx(4, 7)", ".cx(0, 1)", ".cx(1, 4)", ".h(0)", ".cx(0, 9)", ".cx(0, 5)", ".cx(5, 11)", ".cx(7, 9)", ".h(3)", ".cx(3, 8)", ".cx(3, 12)", ".h(6)", ".cx(6, 13)", ".cx(6, 9)"]}, {"type": "non-degenerate", "A": [0, 0, 0, 0, 0, 1, 7, 14, 0, 0, 0, 0, 0, 0], "B": [0, 0, 42, 309, 1902, 8548, 29380, 76955, 0, 0, 0, 0, 0, 0], "gates": [".cx(5, 6)", ".cx(2, 12)", ".cx(3, 11)", ".cx(1, 10)", ".cx(4, 9)", ".cx(0, 7)", ".h(8)", ".cx(8, 11)", ".cx(8, 9)", ".h(6)", ".cx(6, 12)", ".cx(6, 7)", ".h(2)", ".cx(2, 3)", ".cx(2, 5)", ".cx(5, 8)", ".cx(8, 10)", ".cx(12, 13)", ".cx(11, 12)", ".cx(0, 5)", ".h(0)", ".cx(0, 3)", ".cx(0, 10)", ".cx(10, 13)", ".cx(4, 12)", ".h(1)", ".cx(1, 7)", ".cx(7, 11)", ".cx(1, 2)", ".h(4)", ".cx(4, 8)", ".cx(4, 13)"]}, {"type": "non-degenerate", "A": [0, 0, 0, 0, 0, 3, 3, 14, 0, 0, 0, 0, 0, 0], "B": [0, 0, 44, 311, 1908, 8522, 29240, 77327, 0, 0, 0, 0, 0, 0], "gates": [".cx(3, 11)", ".cx(2, 8)", ".cx(1, 9)", ".cx(0, 7)", ".cx(4, 10)", ".cx(5, 12)", ".h(6)", ".cx(6, 7)", ".cx(6, 11)", ".cx(6, 10)", ".h(1)", ".cx(1, 6)", ".cx(6, 12)", ".cx(6, 8)", ".h(0)", ".cx(0, 6)", ".cx(6, 13)", ".h(4)", ".cx(4, 6)", ".cx(6, 9)", ".cx(9, 11)", ".cx(1, 5)", ".cx(5, 6)", ".cx(3, 4)", ".cx(2, 6)", ".h(2)", ".cx(2, 7)", ".cx(7, 12)", ".cx(2, 4)", ".h(3)", ".cx(3, 5)", ".cx(5, 13)"]}, {"type": "non-degenerate", "A": [0, 0, 0, 1, 0, 3, 5, 14, 0, 0, 0, 0, 0, 0], "B": [0, 0, 60, 335, 1892, 8530, 29400, 76415, 0, 0, 0, 0, 0, 0], "gates": [".cx(5, 9)", ".cx(2, 13)", ".cx(3, 7)", ".cx(1, 11)", ".cx(4, 10)", ".cx(0, 12)", ".h(6)", ".cx(6, 9)", ".cx(6, 7)", ".h(8)", ".cx(8, 11)", ".cx(8, 13)", ".cx(8, 10)", ".cx(7, 8)", ".cx(8, 12)", ".h(0)", ".cx(0, 2)", ".cx(0, 6)", ".cx(1, 6)", ".h(1)", ".cx(1, 2)", ".cx(1, 5)", ".cx(2, 10)", ".cx(5, 8)", ".h(4)", ".cx(4, 5)", ".cx(5, 13)", ".cx(0, 4)", ".cx(2, 9)", ".cx(12, 13)", ".h(3)", ".cx(3, 4)", ".cx(3, 11)"]}, {"type": "non-degenerate", "A": [0, 0, 1, 0, 1, 1, 3, 15, 0, 0, 0, 0, 0, 0], "B": [0, 0, 64, 375, 2056, 8866, 29280, 76335, 0, 0, 0, 0, 0, 0], "gates": [".cx(4, 11)", ".cx(3, 7)", ".cx(2, 12)", ".cx(0, 13)", ".cx(1, 10)", ".cx(5, 9)", ".h(6)", ".cx(6, 10)", ".cx(6, 11)", ".cx(11, 12)", ".h(4)", ".cx(4, 9)", ".cx(4, 6)", ".cx(6, 7)", ".cx(0, 5)", ".h(0)", ".cx(0, 2)", ".cx(0, 3)", ".cx(3, 11)", ".cx(6, 13)", ".cx(2, 6)", ".cx(5, 6)", ".cx(1, 2)", ".h(1)", ".cx(1, 7)", ".cx(1, 2)", ".cx(6, 8)", ".h(0)", ".cx(0, 12)", ".cx(0, 8)", ".h(4)", ".cx(4, 5)", ".cx(2, 5)"]}, {"type": "non-degenerate", "A": [0, 0, 0, 1, 0, 1, 5, 11, 0, 0, 0, 0, 0, 0], "B": [0, 0, 48, 351, 1928, 8522, 29184, 76799, 0, 0, 0, 0, 0, 0], "gates": [".cx(0, 10)", ".cx(1, 9)", ".cx(2, 8)", ".cx(3, 11)", ".cx(5, 13)", ".h(6)", ".cx(6, 9)", ".cx(6, 11)", ".cx(4, 6)", ".cx(6, 13)", ".cx(9, 10)", ".h(2)", ".cx(2, 5)", ".cx(2, 3)", ".h(6)", ".cx(6, 8)", ".cx(8, 9)", ".cx(6, 12)", ".cx(5, 6)", ".h(1)", ".cx(1, 5)", ".cx(5, 10)", ".cx(0, 6)", ".cx(3, 7)", ".h(0)", ".cx(0, 3)", ".cx(0, 13)", ".cx(0, 12)", ".h(4)", ".cx(4, 7)", ".cx(7, 13)"]}, {"type": "non-degenerate", "A": [0, 0, 0, 0, 0, 2, 3, 20, 0, 0, 0, 0, 0, 0], "B": [0, 0, 40, 323, 1880, 8542, 29456, 76679, 0, 0, 0, 0, 0, 0], "gates": [".cx(0, 9)", ".cx(2, 8)", ".cx(4, 12)", ".cx(5, 7)", ".cx(1, 10)", ".h(6)", ".cx(6, 12)", ".cx(6, 10)", ".cx(3, 6)", ".h(7)", ".cx(7, 13)", ".cx(7, 8)", ".cx(6, 7)", ".cx(7, 9)", ".cx(9, 11)", ".h(0)", ".cx(0, 4)", ".cx(0, 5)", ".cx(5, 6)", ".cx(4, 7)", ".cx(2, 5)", ".cx(1, 9)", ".h(1)", ".cx(1, 5)", ".cx(1, 9)", ".h(2)", ".cx(2, 4)", ".cx(2, 10)", ".cx(1, 13)", ".h(3)", ".cx(3, 9)", ".cx(3, 8)"]}, {"type": "non-degenerate", "A": [0, 0, 0, 0, 0, 5, 4, 15, 0, 0, 0, 0, 0, 0], "B": [0, 0, 54, 313, 1826, 8544, 29564, 76803, 0, 0, 0, 0, 0, 0], "gates": [".cx(5, 13)", ".cx(1, 9)", ".cx(4, 8)", ".cx(2, 11)", ".cx(0, 7)", ".h(6)", ".cx(6, 13)", ".cx(6, 9)", ".cx(3, 6)", ".cx(6, 7)", ".h(8)", ".cx(8, 11)", ".cx(8, 10)", ".cx(7, 10)", ".h(0)", ".cx(0, 2)", ".cx(0, 6)", ".cx(6, 8)", ".cx(8, 12)", ".cx(4, 6)", ".cx(2, 4)", ".cx(1, 4)", ".h(1)", ".cx(1, 7)", ".cx(1, 2)", ".cx(5, 8)", ".h(3)", ".cx(3, 12)", ".cx(3, 4)", ".cx(12, 13)", ".h(5)", ".cx(5, 7)", ".cx(5, 9)"]}, {"type": "non-degenerate", "A": [0, 0, 0, 2, 0, 1, 3, 10, 0, 0, 0, 0, 0, 0], "B": [0, 0, 58, 373, 1982, 8516, 28900, 76699, 0, 0, 0, 0, 0, 0], "gates": [".cx(0, 13)", ".cx(4, 6)", ".cx(3, 10)", ".cx(5, 12)", ".cx(1, 9)", ".h(7)", ".cx(7, 12)", ".cx(7, 10)", ".cx(2, 7)", ".cx(7, 9)", ".h(0)", ".cx(0, 6)", ".cx(0, 7)", ".cx(7, 8)", ".cx(7, 11)", ".h(1)", ".cx(1, 7)", ".cx(7, 13)", ".cx(4, 7)", ".h(4)", ".cx(4, 9)", ".cx(4, 5)", ".cx(5, 7)", ".cx(9, 11)", ".h(0)", ".cx(0, 3)", ".cx(3, 5)", ".cx(0, 12)", ".cx(0, 6)", ".h(2)", ".cx(2, 9)", ".cx(2, 3)"]}, {"type": "non-degenerate", "A": [0, 0, 0, 0, 0, 3, 3, 20, 0, 0, 0, 0, 0, 0], "B": [0, 0, 46, 313, 1866, 8576, 29420, 76739, 0, 0, 0, 0, 0, 0], "gates": [".cx(0, 11)", ".cx(3, 8)", ".cx(5, 10)", ".cx(1, 12)", ".h(6)", ".cx(6, 8)", ".cx(6, 13)", ".cx(2, 6)", ".cx(6, 10)", ".cx(4, 6)", ".cx(6, 7)", ".h(0)", ".cx(0, 6)", ".cx(6, 12)", ".h(1)", ".cx(1, 11)", ".cx(1, 5)", ".cx(11, 13)", ".h(1)", ".cx(1, 3)", ".cx(3, 5)", ".cx(5, 9)", ".h(7)", ".cx(7, 9)", ".cx(7, 10)", ".cx(7, 12)", ".cx(2, 7)", ".h(2)", ".cx(2, 3)", ".cx(2, 11)", ".h(4)", ".cx(4, 11)", ".cx(4, 10)"]}, {"type": "non-degenerate", "A": [0, 0, 0, 0, 0, 5, 0, 16, 0, 0, 0, 0, 0, 0], "B": [0, 0, 48, 319, 1848, 8634, 29056, 77503, 0, 0, 0, 0, 0, 0], "gates": [".cx(0, 12)", ".cx(1, 10)", ".cx(5, 7)", ".cx(3, 13)", ".cx(4, 11)", ".h(6)", ".cx(6, 8)", ".cx(6, 7)", ".cx(2, 6)", ".cx(6, 11)", ".h(9)", ".cx(9, 10)", ".cx(9, 12)", ".cx(10, 11)", ".cx(11, 13)", ".h(1)", ".cx(1, 5)", ".cx(1, 3)", ".cx(5, 6)", ".cx(0, 6)", ".h(0)", ".cx(0, 1)", ".cx(0, 12)", ".cx(3, 9)", ".h(3)", ".cx(3, 8)", ".h(2)", ".cx(2, 13)", ".h(13)", ".cx(5, 13)", ".cx(3, 4)", ".cx(0, 4)"]}, {"type": "non-degenerate", "A": [0, 0, 0, 0, 1, 1, 6, 15, 0, 0, 0, 0, 0, 0], "B": [0, 0, 50, 309, 1894, 8548, 29268, 77019, 0, 0, 0, 0, 0, 0], "gates": [".cx(3, 12)", ".cx(2, 9)", ".cx(1, 11)", ".cx(4, 7)", ".cx(5, 8)", ".cx(0, 13)", ".h(7)", ".cx(7, 9)", ".cx(7, 8)", ".h(6)", ".cx(6, 12)", ".cx(6, 13)", ".cx(6, 7)", ".cx(7, 11)", ".cx(7, 10)", ".cx(4, 7)", ".cx(0, 8)", ".h(0)", ".cx(0, 2)", ".cx(2, 4)", ".cx(0, 8)", ".cx(8, 12)", ".cx(3, 4)", ".cx(1, 4)", ".h(1)", ".cx(1, 5)", ".cx(1, 2)", ".cx(5, 7)", ".cx(7, 13)", ".h(3)", ".cx(3, 10)", ".cx(3, 5)", ".cx(3, 4)"]}, {"type": "non-degenerate", "A": [0, 0, 0, 0, 1, 0, 5, 15, 0, 0, 0, 0, 0, 0], "B": [0, 0, 42, 321, 1926, 8480, 29284, 77043, 0, 0, 0, 0, 0, 0], "gates": [".cx(3, 12)", ".cx(1, 11)", ".cx(5, 10)", ".cx(4, 6)", ".cx(0, 8)", ".h(7)", ".cx(7, 12)", ".cx(7, 9)", ".cx(2, 7)", ".cx(7, 10)", ".h(1)", ".cx(1, 3)", ".cx(1, 4)", ".h(0)", ".cx(0, 7)", ".cx(7, 11)", ".cx(0, 4)", ".cx(4, 5)", ".cx(3, 10)", ".cx(7, 13)", ".h(2)", ".cx(2, 7)", ".cx(7, 8)", ".cx(5, 7)", ".h(0)", ".cx(0, 3)", ".cx(0, 9)", ".cx(3, 13)", ".h(1)", ".cx(1, 4)", ".cx(6, 7)", ".h(6)", ".cx(6, 10)", ".cx(6, 11)"]}, {"type": "non-degenerate", "A": [0, 0, 0, 0, 2, 1, 4, 13, 0, 0, 0, 0, 0, 0], "B": [0, 0, 52, 327, 1900, 8442, 29256, 77167, 0, 0, 0, 0, 0, 0], "gates": [".cx(0, 10)", ".cx(3, 11)", ".cx(4, 7)", ".cx(1, 13)", ".cx(5, 9)", ".h(8)", ".cx(8, 11)", ".cx(8, 9)", ".cx(2, 8)", ".cx(8, 13)", ".h(6)", ".cx(6, 7)", ".cx(7, 8)", ".cx(8, 10)", ".cx(9, 12)", ".h(0)", ".cx(0, 12)", ".cx(0, 4)", ".cx(0, 1)", ".h(0)", ".cx(0, 3)", ".cx(3, 6)", ".cx(6, 13)", ".cx(0, 1)", ".cx(1, 9)", ".h(2)", ".cx(2, 3)", ".cx(3, 10)", ".cx(10, 11)", ".h(5)", ".cx(5, 10)", ".cx(5, 7)"]}, {"type": "degenerate", "A": [0, 1, 0, 0, 1, 2, 6, 8, 0, 0, 0, 0, 0, 0], "B": [0, 1, 74, 435, 2310, 9799, 31652, 78863, 0, 0, 0, 0, 0, 0], "gates": [".cx(4, 8)", ".cx(0, 6)", ".cx(5, 12)", ".cx(3, 9)", ".h(0)", ".cx(0, 8)", ".cx(0, 2)", ".cx(2, 12)", ".cx(0, 1)", ".cx(1, 13)", ".cx(2, 9)", ".cx(0, 11)", ".h(0)", ".cx(0, 5)", ".cx(0, 4)", ".cx(0, 7)", ".cx(0, 10)", ".h(0)", ".cx(0, 6)", ".cx(0, 3)", ".cx(6, 12)", ".cx(4, 9)", ".cx(0, 5)", ".cx(5, 8)", ".cx(0, 1)", ".h(0)", ".cx(0, 4)", ".cx(4, 12)", ".cx(0, 2)", ".cx(2, 6)", ".cx(4, 13)", ".h(9)", ".cx(1, 9)"]}, {"type": "degenerate", "A": [0, 1, 0, 0, 1, 1, 7, 9, 0, 0, 0, 0, 0, 0], "B": [0, 1, 70, 447, 2282, 9851, 31676, 78663, 0, 0, 0, 0, 0, 0], "gates": [".cx(1, 6)", ".cx(0, 8)", ".cx(2, 10)", ".h(1)", ".cx(1, 7)", ".cx(1, 3)", ".cx(3, 10)", ".cx(1, 4)", ".cx(4, 13)", ".cx(1, 5)", ".cx(5, 9)", ".h(0)", ".cx(0, 11)", ".cx(0, 1)", ".cx(1, 2)", ".cx(1, 6)", ".cx(1, 12)", ".cx(5, 8)", ".cx(6, 7)", ".h(1)", ".cx(1, 4)", ".cx(4, 8)", ".cx(8, 10)", ".cx(10, 11)", ".cx(0, 1)", ".h(0)", ".cx(0, 3)", ".cx(3, 6)", ".cx(0, 4)", ".cx(4, 12)", ".cx(4, 13)"]}, {"type": "non-degenerate", "A": [0, 0, 0, 0, 2, 3, 4, 13, 0, 0, 0, 0, 0, 0], "B": [0, 0, 62, 321, 1834, 8552, 29196, 77203, 0, 0, 0, 0, 0, 0], "gates": [".cx(3, 6)", ".cx(1, 9)", ".cx(0, 8)", ".cx(5, 6)", ".h(1)", ".cx(1, 7)", ".cx(1, 4)", ".cx(4, 6)", ".cx(1, 2)", ".cx(2, 11)", ".h(0)", ".cx(0, 3)", ".cx(0, 13)", ".cx(1, 12)", ".h(1)", ".cx(1, 5)", ".cx(5, 8)", ".cx(5, 9)", ".cx(1, 10)", ".cx(9, 11)", ".cx(3, 9)", ".cx(8, 12)", ".cx(0, 2)", ".cx(2, 5)", ".cx(0, 1)", ".h(0)", ".cx(0, 1)", ".cx(1, 4)", ".cx(4, 12)", ".cx(1, 3)", ".cx(4, 10)", ".cx(3, 7)"]}, {"type": "non-degenerate", "A": [0, 0, 0, 1, 1, 2, 3, 13, 0, 0, 0, 0, 0, 0], "B": [0, 0, 58, 361, 1862, 8616, 28996, 76867, 0, 0, 0, 0, 0, 0], "gates": [".cx(3, 13)", ".cx(4, 13)", ".cx(5, 8)", ".cx(0, 9)", ".cx(2, 12)", ".cx(1, 8)", ".h(6)", ".cx(6, 13)", ".cx(6, 8)", ".h(0)", ".cx(0, 4)", ".cx(0, 1)", ".cx(6, 9)", ".cx(9, 12)", ".cx(1, 3)", ".cx(0, 7)", ".cx(0, 11)", ".cx(6, 10)", ".h(0)", ".cx(0, 5)", ".cx(0, 2)", ".cx(4, 12)", ".cx(2, 8)", ".cx(0, 3)", ".cx(3, 9)", ".cx(0, 11)", ".h(0)", ".cx(0, 4)", ".cx(0, 2)", ".cx(0, 10)", ".cx(5, 6)", ".cx(10, 11)", ".h(1)", ".cx(1, 8)"]}, {"type": "non-degenerate", "A": [0, 0, 0, 1, 1, 1, 4, 8, 0, 0, 0, 0, 0, 0], "B": [0, 0, 50, 377, 1902, 8440, 29236, 76835, 0, 0, 0, 0, 0, 0], "gates": [".cx(4, 13)", ".cx(1, 13)", ".cx(2, 7)", ".cx(5, 12)", ".cx(0, 8)", ".h(2)", ".cx(2, 5)", ".cx(2, 3)", ".cx(3, 8)", ".cx(8, 13)", ".h(0)", ".cx(0, 1)", ".cx(0, 7)", ".cx(7, 12)", ".cx(3, 10)", ".cx(1, 11)", ".cx(2, 9)", ".cx(2, 6)", ".h(2)", ".cx(2, 4)", ".cx(0, 6)", ".cx(4, 9)", ".cx(2, 12)", ".cx(12, 13)", ".h(8)", ".cx(8, 10)", ".cx(2, 11)", ".cx(8, 12)", ".h(2)", ".cx(2, 7)", ".cx(7, 8)", ".cx(2, 3)", ".h(1)", ".cx(1, 13)"]}, {"type": "non-degenerate", "A": [0, 0, 0, 1, 0, 3, 2, 13, 0, 0, 0, 0, 0, 0], "B": [0, 0, 52, 351, 1932, 8418, 29384, 76639, 0, 0, 0, 0, 0, 0], "gates": [".cx(5, 12)", ".cx(4, 13)", ".cx(3, 9)", ".cx(2, 7)", ".cx(0, 8)", ".h(0)", ".cx(0, 7)", ".cx(0, 1)", ".cx(1, 9)", ".cx(1, 13)", ".cx(0, 3)", ".cx(0, 11)", ".h(0)", ".cx(0, 5)", ".cx(0, 2)", ".cx(0, 4)", ".cx(4, 10)", ".cx(0, 6)", ".h(0)", ".cx(0, 8)", ".cx(8, 12)", ".cx(2, 13)", ".cx(0, 5)", ".cx(5, 9)", ".cx(9, 10)", ".h(1)", ".cx(1, 4)", ".cx(1, 11)", ".cx(1, 12)", ".h(0)", ".cx(0, 3)", ".h(0)", ".cx(0, 6)"]}, {"type": "non-degenerate", "A": [0, 0, 0, 1, 1, 2, 4, 9, 0, 0, 0, 0, 0, 0], "B": [0, 0, 60, 343, 1940, 8442, 29144, 77007, 0, 0, 0, 0, 0, 0], "gates": [".cx(4, 6)", ".cx(2, 4)", ".cx(3, 10)", ".cx(5, 11)", ".h(4)", ".cx(4, 5)", ".cx(4, 13)", ".cx(0, 4)", ".cx(4, 10)", ".cx(1, 4)", ".h(1)", ".cx(1, 11)", ".cx(1, 2)", ".h(0)", ".cx(0, 9)", ".cx(0, 3)", ".cx(3, 8)", ".cx(4, 12)", ".cx(2, 4)", ".cx(4, 7)", ".cx(4, 6)", ".cx(6, 8)", ".cx(3, 12)", ".h(4)", ".cx(4, 5)", ".cx(4, 9)", ".cx(5, 6)", ".cx(9, 11)", ".cx(9, 10)", ".h(2)", ".cx(2, 13)", ".h(3)", ".cx(3, 4)"]}, {"type": "non-degenerate", "A": [0, 0, 0, 1, 0, 2, 4, 13, 0, 0, 0, 0, 0, 0], "B": [0, 0, 50, 357, 1910, 8452, 29460, 76411, 0, 0, 0, 0, 0, 0], "gates": [".cx(0, 8)", ".cx(2, 10)", ".cx(4, 9)", ".h(0)", ".cx(0, 13)", ".cx(0, 3)", ".cx(3, 9)", ".cx(0, 1)", ".cx(1, 11)", ".cx(0, 5)", ".cx(5, 7)", ".cx(0, 10)", ".h(0)", ".cx(0, 4)", ".cx(4, 8)", ".cx(8, 12)", ".cx(0, 2)", ".cx(0, 6)", ".cx(4, 7)", ".h(0)", ".cx(0, 2)", ".cx(2, 3)", ".cx(0, 1)", ".cx(1, 4)", ".cx(8, 10)", ".cx(7, 11)", ".h(7)", ".cx(3, 7)", ".cx(7, 11)", ".cx(11, 13)", ".cx(0, 12)", ".cx(7, 9)", ".h(4)", ".cx(4, 6)", ".cx(4, 12)"]}, {"type": "degenerate", "A": [0, 1, 0, 0, 0, 0, 6, 15, 0, 0, 0, 0, 0, 0], "B": [0, 1, 60, 425, 2388, 9729, 31896, 78315, 0, 0, 0, 0, 0, 0], "gates": [".cx(1, 12)", ".cx(3, 13)", ".cx(0, 10)", ".cx(5, 6)", ".h(0)", ".cx(0, 3)", ".cx(0, 2)", ".cx(2, 6)", ".cx(0, 4)", ".cx(4, 9)", ".cx(2, 12)", ".cx(0, 7)", ".h(0)", ".cx(0, 5)", ".cx(0, 13)", ".cx(5, 11)", ".cx(0, 8)", ".h(0)", ".cx(0, 10)", ".cx(0, 1)", ".cx(10, 12)", ".cx(1, 3)", ".cx(5, 7)", ".cx(0, 8)", ".cx(5, 12)", ".cx(0, 9)", ".h(0)", ".cx(0, 4)", ".cx(4, 13)", ".cx(0, 3)", ".cx(3, 6)", ".h(9)", ".cx(9, 10)"]}, {"type": "non-degenerate", "A": [0, 0, 0, 1, 0, 0, 6, 11, 0, 0, 0, 0, 0, 0], "B": [0, 0, 46, 345, 1962, 8480, 29228, 76739, 0, 0, 0, 0, 0, 0], "gates": [".cx(3, 9)", ".cx(4, 8)", ".h(6)", ".cx(6, 8)", ".cx(6, 9)", ".cx(5, 6)", ".cx(0, 6)", ".cx(6, 12)", ".cx(1, 6)", ".h(1)", ".cx(1, 3)", ".cx(1, 2)", ".cx(2, 5)", ".cx(5, 11)", ".cx(6, 7)", ".h(0)", ".cx(0, 13)", ".cx(3, 10)", ".cx(3, 4)", ".cx(0, 6)", ".cx(2, 7)", ".cx(0, 1)", ".h(0)", ".cx(0, 4)", ".cx(0, 5)", ".cx(0, 12)", ".cx(6, 11)", ".cx(12, 13)", ".cx(4, 9)", ".cx(1, 10)", ".cx(4, 6)", ".cx(1, 4)", ".h(1)", ".cx(1, 3)", ".cx(3, 6)"]}, {"type": "non-degenerate", "A": [0, 0, 0, 1, 1, 2, 5, 8, 0, 0, 0, 0, 0, 0], "B": [0, 0, 60, 351, 1908, 8466, 29208, 76895, 0, 0, 0, 0, 0, 0], "gates": [".cx(4, 11)", ".cx(3, 7)", ".cx(0, 6)", ".cx(5, 12)", ".h(0)", ".cx(0, 13)", ".cx(0, 2)", ".cx(2, 7)", ".cx(0, 1)", ".cx(1, 8)", ".cx(0, 12)", ".cx(0, 11)", ".h(0)", ".cx(0, 5)", ".cx(5, 6)", ".cx(6, 9)", ".cx(0, 3)", ".cx(0, 10)", ".h(0)", ".cx(0, 4)", ".cx(3, 13)", ".cx(4, 8)", ".cx(6, 7)", ".cx(0, 6)", ".cx(6, 12)", ".h(0)", ".cx(0, 1)", ".cx(1, 3)", ".h(7)", ".cx(7, 9)", ".cx(2, 10)", ".cx(3, 11)", ".cx(7, 10)"]}, {"type": "non-degenerate", "A": [0, 0, 0, 0, 1, 1, 7, 11, 0, 0, 0, 0, 0, 0], "B": [0, 0, 46, 333, 1858, 8500, 29452, 76907, 0, 0, 0, 0, 0, 0], "gates": [".cx(0, 9)", ".cx(4, 6)", ".cx(3, 7)", ".cx(2, 8)", ".h(0)", ".cx(0, 4)", ".cx(0, 5)", ".cx(5, 7)", ".cx(0, 1)", ".cx(1, 13)", ".cx(5, 8)", ".cx(0, 11)", ".cx(0, 10)", ".h(0)", ".cx(0, 3)", ".cx(3, 6)", ".cx(0, 12)", ".cx(0, 2)", ".h(0)", ".cx(0, 9)", ".cx(9, 12)", ".cx(0, 4)", ".cx(6, 8)", ".cx(2, 13)", ".cx(0, 1)", ".cx(9, 11)", ".cx(2, 11)", ".cx(0, 3)", ".h(0)", ".cx(0, 1)", ".cx(1, 5)", ".cx(1, 6)", ".cx(0, 10)", ".h(12)", ".cx(12, 13)"]}, {"type": "non-degenerate", "A": [0, 0, 0, 3, 0, 0, 3, 10, 0, 0, 0, 0, 0, 0], "B": [0, 0, 64, 419, 1952, 8638, 28672, 76231, 0, 0, 0, 0, 0, 0], "gates": [".cx(5, 6)", ".cx(0, 6)", ".cx(1, 8)", ".cx(2, 9)", ".h(0)", ".cx(0, 11)", ".cx(0, 3)", ".cx(3, 9)", ".cx(0, 4)", ".cx(4, 10)", ".cx(0, 7)", ".h(0)", ".cx(0, 2)", ".cx(0, 6)", ".cx(0, 5)", ".cx(5, 8)", ".cx(0, 12)", ".cx(0, 13)", ".h(0)", ".cx(0, 1)", ".cx(6, 10)", ".cx(1, 6)", ".cx(0, 3)", ".cx(3, 8)", ".cx(0, 4)", ".h(0)", ".cx(0, 2)", ".cx(2, 7)", ".cx(0, 4)", ".cx(4, 11)", ".cx(4, 12)", ".cx(7, 13)"]}, {"type": "degenerate", "A": [0, 1, 0, 0, 0, 2, 5, 15, 0, 0, 0, 0, 0, 0], "B": [0, 1, 68, 421, 2340, 9805, 31816, 78435, 0, 0, 0, 0, 0, 0], "gates": [".cx(2, 12)", ".cx(1, 13)", ".cx(3, 11)", ".cx(4, 7)", ".cx(0, 9)", ".cx(5, 13)", ".h(6)", ".cx(6, 9)", ".cx(9, 13)", ".cx(6, 12)", ".h(0)", ".cx(0, 4)", ".cx(0, 1)", ".cx(1, 10)", ".cx(6, 11)", ".cx(0, 2)", ".cx(6, 7)", ".cx(0, 8)", ".h(0)", ".cx(0, 3)", ".cx(0, 5)", ".cx(3, 13)", ".cx(0, 4)", ".cx(4, 11)", ".cx(1, 6)", ".h(0)", ".cx(0, 2)", ".cx(2, 3)", ".cx(0, 9)", ".h(8)", ".cx(8, 12)", ".cx(5, 12)"]}, {"type": "non-degenerate", "A": [0, 0, 0, 0, 1, 3, 6, 11, 0, 0, 0, 0, 0, 0], "B": [0, 0, 56, 315, 1848, 8534, 29360, 77111, 0, 0, 0, 0, 0, 0], "gates": [".cx(0, 7)", ".cx(2, 12)", ".cx(3, 11)", ".cx(5, 9)", ".h(0)", ".cx(0, 6)", ".cx(0, 4)", ".cx(4, 13)", ".cx(0, 1)", ".cx(1, 8)", ".cx(0, 11)", ".cx(0, 9)", ".h(0)", ".cx(0, 2)", ".cx(2, 7)", ".cx(7, 12)", ".cx(0, 5)", ".cx(0, 3)", ".cx(0, 10)", ".cx(2, 11)", ".h(0)", ".cx(0, 4)", ".cx(4, 5)", ".cx(0, 7)", ".cx(0, 8)", ".h(0)", ".cx(0, 1)", ".cx(1, 10)", ".cx(0, 3)", ".cx(8, 9)", ".cx(3, 4)", ".cx(5, 10)", ".cx(4, 12)", ".cx(4, 6)"]}, {"type": "non-degenerate", "A": [0, 0, 0, 0, 0, 3, 5, 13, 0, 0, 0, 0, 0, 0], "B": [0, 0, 46, 317, 1858, 8580, 29324, 77131, 0, 0, 0, 0, 0, 0], "gates": [".cx(0, 12)", ".cx(1, 7)", ".cx(5, 8)", ".cx(3, 9)", ".h(0)", ".cx(0, 11)", ".cx(0, 4)", ".cx(4, 7)", ".cx(0, 2)", ".cx(2, 13)", ".cx(0, 9)", ".h(0)", ".cx(0, 5)", ".cx(0, 1)", ".cx(1, 3)", ".cx(3, 8)", ".cx(0, 10)", ".h(0)", ".cx(0, 12)", ".cx(0, 6)", ".cx(12, 13)", ".cx(0, 2)", ".cx(2, 5)", ".cx(0, 10)", ".h(0)", ".cx(0, 4)", ".cx(4, 12)", ".cx(0, 3)", ".cx(8, 11)", ".cx(4, 8)", ".h(2)", ".cx(2, 9)"]}, {"type": "non-degenerate", "A": [0, 0, 0, 1, 0, 1, 6, 14, 0, 0, 0, 0, 0, 0], "B": [0, 0, 56, 319, 1952, 8586, 29072, 76799, 0, 0, 0, 0, 0, 0], "gates": [".cx(2, 13)", ".cx(0, 12)", ".cx(4, 11)", ".cx(5, 7)", ".h(0)", ".cx(0, 11)", ".cx(0, 1)", ".cx(1, 7)", ".cx(0, 3)", ".cx(3, 9)", ".cx(1, 13)", ".cx(0, 8)", ".h(0)", ".cx(0, 2)", ".cx(0, 5)", ".cx(0, 4)", ".cx(0, 6)", ".h(0)", ".cx(0, 10)", ".cx(0, 12)", ".cx(12, 13)", ".cx(4, 7)", ".cx(5, 9)", ".cx(0, 2)", ".cx(2, 11)", ".cx(0, 3)", ".cx(3, 4)", ".h(0)", ".cx(0, 13)", ".cx(0, 4)", ".cx(0, 8)", ".h(6)", ".cx(6, 9)", ".cx(6, 10)"]}, {"type": "non-degenerate", "A": [0, 0, 1, 0, 1, 2, 1, 12, 0, 0, 0, 0, 0, 0], "B": [0, 0, 62, 385, 2074, 8760, 29324, 76563, 0, 0, 0, 0, 0, 0], "gates": [".cx(0, 12)", ".cx(5, 6)", ".h(6)", ".cx(6, 7)", ".cx(3, 6)", ".cx(1, 6)", ".cx(6, 9)", ".cx(4, 6)", ".cx(6, 8)", ".cx(2, 6)", ".h(2)", ".cx(2, 3)", ".cx(2, 5)", ".cx(5, 12)", ".cx(6, 11)", ".h(0)", ".cx(0, 1)", ".cx(12, 13)", ".cx(2, 4)", ".cx(0, 2)", ".cx(2, 10)", ".cx(6, 13)", ".cx(5, 11)", ".cx(0, 6)", ".cx(1, 13)", ".h(0)", ".cx(0, 3)", ".cx(0, 8)", ".cx(8, 12)", ".cx(3, 10)", ".h(1)", ".cx(1, 9)", ".cx(2, 5)"]}, {"type": "degenerate", "A": [0, 1, 1, 0, 1, 1, 2, 16, 0, 0, 0, 0, 0, 0], "B": [0, 1, 86, 495, 2490, 10123, 31772, 77671, 0, 0, 0, 0, 0, 0], "gates": [".cx(3, 7)", ".cx(5, 7)", ".cx(0, 13)", ".cx(4, 9)", ".cx(1, 8)", ".h(0)", ".cx(0, 6)", ".cx(0, 2)", ".cx(2, 7)", ".cx(2, 8)", ".cx(0, 5)", ".h(0)", ".cx(0, 3)", ".cx(3, 9)", ".cx(3, 13)", ".cx(0, 10)", ".cx(0, 12)", ".h(0)", ".cx(0, 1)", ".cx(1, 11)", ".cx(0, 4)", ".cx(4, 8)", ".h(0)", ".cx(0, 5)", ".cx(5, 9)", ".h(2)", ".cx(2, 10)", ".cx(2, 6)", ".cx(2, 4)", ".cx(2, 12)", ".cx(11, 13)", ".h(7)", ".cx(7, 12)"]}, {"type": "non-degenerate", "A": [0, 0, 0, 1, 1, 1, 6, 12, 0, 0, 0, 0, 0, 0], "B": [0, 0, 60, 347, 1884, 8590, 29112, 76695, 0, 0, 0, 0, 0, 0], "gates": [".cx(5, 13)", ".cx(1, 6)", ".cx(4, 9)", ".cx(3, 8)", ".cx(2, 7)", ".h(7)", ".cx(7, 13)", ".cx(7, 9)", ".cx(0, 7)", ".h(0)", ".cx(0, 3)", ".cx(0, 6)", ".h(1)", ".cx(1, 2)", ".cx(1, 5)", ".cx(7, 8)", ".cx(1, 4)", ".cx(6, 10)", ".cx(7, 11)", ".cx(7, 12)", ".cx(2, 7)", ".cx(5, 8)", ".cx(0, 2)", ".h(0)", ".cx(0, 11)", ".cx(0, 4)", ".cx(4, 12)", ".cx(0, 6)", ".cx(8, 10)", ".cx(6, 13)", ".h(5)", ".cx(5, 7)", ".cx(7, 10)"]}, {"type": "non-degenerate", "A": [0, 0, 0, 1, 1, 1, 3, 14, 0, 0, 0, 0, 0, 0], "B": [0, 0, 54, 353, 1954, 8376, 29372, 76499, 0, 0, 0, 0, 0, 0], "gates": [".cx(2, 10)", ".cx(3, 9)", ".cx(4, 7)", ".cx(1, 12)", ".cx(0, 8)", ".h(2)", ".cx(2, 9)", ".cx(2, 5)", ".cx(5, 6)", ".cx(2, 12)", ".cx(5, 11)", ".cx(2, 13)", ".h(2)", ".cx(2, 7)", ".cx(7, 10)", ".cx(2, 8)", ".h(0)", ".cx(0, 3)", ".cx(0, 1)", ".cx(3, 4)", ".cx(8, 9)", ".cx(10, 11)", ".cx(1, 10)", ".cx(2, 3)", ".cx(3, 12)", ".cx(0, 5)", ".h(0)", ".cx(0, 7)", ".cx(7, 10)", ".cx(0, 6)", ".h(1)", ".cx(1, 11)", ".cx(1, 8)"]}, {"type": "non-degenerate", "A": [0, 0, 0, 0, 1, 2, 6, 16, 0, 0, 0, 0, 0, 0], "B": [0, 0, 54, 317, 1818, 8676, 29212, 76939, 0, 0, 0, 0, 0, 0], "gates": [".cx(4, 6)", ".cx(3, 6)", ".cx(5, 8)", ".cx(1, 7)", ".cx(0, 10)", ".h(0)", ".cx(0, 9)", ".cx(0, 2)", ".cx(2, 6)", ".cx(2, 5)", ".cx(0, 7)", ".cx(0, 8)", ".h(0)", ".cx(0, 4)", ".cx(4, 10)", ".cx(10, 12)", ".cx(0, 1)", ".cx(0, 11)", ".cx(0, 13)", ".h(0)", ".cx(0, 3)", ".cx(3, 7)", ".cx(5, 13)", ".cx(7, 11)", ".cx(4, 9)", ".cx(0, 10)", ".h(0)", ".cx(0, 5)", ".cx(0, 4)", ".cx(4, 8)", ".cx(3, 12)", ".h(9)", ".cx(9, 10)", ".h(2)", ".cx(2, 3)"]}, {"type": "non-degenerate", "A": [0, 0, 1, 0, 1, 4, 3, 5, 0, 0, 0, 0, 0, 0], "B": [0, 0, 70, 389, 2026, 8700, 29564, 76571, 0, 0, 0, 0, 0, 0], "gates": [".cx(3, 10)", ".cx(4, 9)", ".cx(5, 8)", ".cx(0, 7)", ".h(0)", ".cx(0, 4)", ".cx(0, 1)", ".cx(1, 10)", ".cx(0, 2)", ".cx(2, 6)", ".cx(0, 8)", ".h(0)", ".cx(0, 3)", ".cx(3, 7)", ".cx(0, 5)", ".cx(5, 11)", ".cx(3, 9)", ".cx(0, 12)", ".h(0)", ".cx(0, 13)", ".cx(7, 10)", ".cx(0, 1)", ".cx(1, 9)", ".cx(0, 12)", ".cx(2, 5)", ".h(0)", ".cx(0, 4)", ".cx(4, 11)", ".cx(4, 10)", ".cx(4, 12)", ".h(2)", ".cx(2, 6)", ".cx(2, 7)"]}, {"type": "degenerate", "A": [0, 1, 0, 0, 1, 0, 6, 12, 0, 0, 0, 0, 0, 0], "B": [0, 1, 66, 443, 2318, 9855, 31572, 78687, 0, 0, 0, 0, 0, 0], "gates": [".cx(2, 12)", ".cx(1, 2)", ".cx(4, 13)", ".cx(5, 10)", ".h(2)", ".cx(2, 10)", ".cx(2, 3)", ".cx(3, 13)", ".cx(2, 9)", ".cx(0, 2)", ".cx(2, 8)", ".h(2)", ".cx(2, 4)", ".cx(4, 12)", ".cx(4, 5)", ".h(0)", ".cx(0, 1)", ".cx(0, 11)", ".cx(2, 6)", ".cx(2, 7)", ".cx(12, 13)", ".cx(1, 2)", ".cx(2, 9)", ".h(2)", ".cx(2, 5)", ".cx(2, 3)", ".cx(3, 11)", ".cx(11, 12)", ".cx(5, 8)", ".h(0)", ".cx(0, 4)", ".cx(1, 4)", ".cx(0, 8)"]}, {"type": "non-degenerate", "A": [0, 0, 1, 0, 0, 2, 3, 12, 0, 0, 0, 0, 0, 0], "B": [0, 0, 56, 387, 2040, 8846, 29424, 76359, 0, 0, 0, 0, 0, 0], "gates": [".cx(2, 9)", ".cx(4, 10)", ".cx(1, 13)", ".cx(5, 7)", ".h(2)", ".cx(2, 8)", ".cx(2, 3)", ".cx(3, 13)", ".cx(2, 10)", ".cx(0, 2)", ".h(0)", ".cx(0, 5)", ".cx(5, 9)", ".cx(9, 11)", ".cx(0, 1)", ".cx(2, 12)", ".cx(2, 7)", ".h(2)", ".cx(2, 4)", ".cx(4, 6)", ".cx(9, 13)", ".cx(2, 11)", ".cx(1, 2)", ".cx(2, 7)", ".cx(4, 12)", ".h(2)", ".cx(2, 5)", ".cx(2, 3)", ".cx(3, 11)", ".cx(4, 9)", ".cx(5, 10)", ".h(0)", ".cx(0, 6)"]}, {"type": "non-degenerate", "A": [0, 0, 0, 1, 0, 2, 5, 15, 0, 0, 0, 0, 0, 0], "B": [0, 0, 56, 335, 1920, 8506, 29392, 76383, 0, 0, 0, 0, 0, 0], "gates": [".cx(4, 6)", ".cx(2, 6)", ".cx(3, 12)", ".h(6)", ".cx(6, 8)", ".cx(5, 6)", ".cx(6, 10)", ".cx(0, 6)", ".cx(6, 11)", ".cx(1, 6)", ".h(1)", ".cx(1, 3)", ".cx(1, 4)", ".cx(4, 9)", ".h(0)", ".cx(0, 2)", ".cx(0, 12)", ".cx(2, 7)", ".cx(6, 13)", ".cx(0, 5)", ".cx(5, 6)", ".cx(3, 13)", ".cx(0, 9)", ".h(0)", ".cx(0, 3)", ".cx(0, 12)", ".cx(0, 8)", ".cx(0, 9)", ".cx(3, 10)", ".h(2)", ".cx(2, 4)", ".cx(4, 5)"]}, {"type": "degenerate", "A": [0, 1, 0, 0, 0, 2, 5, 11, 0, 0, 0, 0, 0, 0], "B": [0, 1, 62, 447, 2322, 9723, 31980, 78407, 0, 0, 0, 0, 0, 0], "gates": [".cx(2, 6)", ".cx(0, 8)", ".cx(4, 13)", ".cx(1, 9)", ".h(0)", ".cx(0, 1)", ".cx(0, 3)", ".cx(3, 13)", ".cx(0, 5)", ".cx(5, 10)", ".cx(0, 2)", ".cx(0, 12)", ".h(0)", ".cx(0, 4)", ".cx(4, 6)", ".cx(0, 9)", ".cx(0, 7)", ".h(0)", ".cx(0, 8)", ".cx(8, 11)", ".cx(0, 3)", ".cx(6, 10)", ".cx(8, 9)", ".cx(9, 13)", ".cx(0, 5)", ".cx(3, 6)", ".h(0)", ".cx(0, 2)", ".cx(0, 5)", ".cx(5, 12)", ".cx(2, 7)", ".cx(5, 6)"]}, {"type": "non-degenerate", "A": [0, 0, 0, 0, 0, 3, 8, 11, 0, 0, 0, 0, 0, 0], "B": [0, 0, 50, 317, 1814, 8620, 29460, 76907, 0, 0, 0, 0, 0, 0], "gates": [".cx(0, 13)", ".cx(4, 8)", ".cx(1, 9)", ".cx(3, 6)", ".cx(5, 12)", ".cx(2, 13)", ".h(7)", ".cx(7, 12)", ".cx(12, 13)", ".cx(7, 9)", ".h(0)", ".cx(0, 1)", ".cx(0, 3)", ".cx(7, 8)", ".cx(1, 11)", ".cx(7, 10)", ".cx(2, 7)", ".h(2)", ".cx(2, 4)", ".cx(4, 6)", ".cx(2, 5)", ".cx(3, 12)", ".cx(2, 13)", ".cx(7, 11)", ".cx(0, 2)", ".h(0)", ".cx(0, 8)", ".cx(0, 1)", ".cx(1, 10)", ".cx(0, 4)", ".cx(1, 5)", ".cx(5, 11)", ".h(3)", ".cx(3, 7)"]}, {"type": "non-degenerate", "A": [0, 0, 0, 1, 0, 0, 6, 17, 0, 0, 0, 0, 0, 0], "B": [0, 0, 50, 341, 1894, 8708, 29012, 76571, 0, 0, 0, 0, 0, 0], "gates": [".cx(3, 6)", ".cx(5, 8)", ".cx(0, 10)", ".cx(2, 9)", ".h(6)", ".cx(6, 8)", ".cx(6, 12)", ".cx(4, 6)", ".cx(6, 10)", ".cx(6, 9)", ".cx(1, 6)", ".h(1)", ".cx(1, 2)", ".cx(1, 3)", ".cx(3, 4)", ".h(0)", ".cx(0, 5)", ".cx(6, 11)", ".cx(1, 13)", ".cx(6, 7)", ".cx(0, 6)", ".cx(10, 13)", ".cx(5, 10)", ".cx(2, 7)", ".h(0)", ".cx(0, 2)", ".cx(2, 11)", ".cx(0, 9)", ".cx(1, 6)", ".h(1)", ".cx(1, 7)", ".cx(1, 12)", ".cx(1, 3)"]}, {"type": "non-degenerate", "A": [0, 0, 0, 0, 2, 1, 2, 10, 0, 0, 0, 0, 0, 0], "B": [0, 0, 42, 361, 1894, 8344, 29348, 77251, 0, 0, 0, 0, 0, 0], "gates": [".cx(4, 8)", ".cx(0, 13)", ".cx(1, 12)", ".cx(3, 7)", ".h(0)", ".cx(0, 1)", ".cx(0, 5)", ".cx(5, 8)", ".cx(0, 2)", ".cx(2, 7)", ".cx(2, 9)", ".cx(0, 10)", ".h(0)", ".cx(0, 3)", ".cx(0, 4)", ".cx(4, 11)", ".cx(0, 6)", ".h(0)", ".cx(0, 13)", ".cx(0, 12)", ".cx(3, 8)", ".cx(0, 6)", ".cx(6, 9)", ".cx(0, 2)", ".h(0)", ".cx(0, 10)", ".cx(0, 11)", ".cx(11, 13)", ".h(0)", ".cx(0, 1)", ".cx(1, 4)", ".cx(4, 7)", ".cx(5, 10)", ".h(5)", ".cx(5, 10)"]}, {"type": "degenerate", "A": [0, 1, 0, 0, 1, 0, 3, 15, 0, 0, 0, 0, 0, 0], "B": [0, 1, 66, 419, 2414, 9783, 31380, 79023, 0, 0, 0, 0, 0, 0], "gates": [".cx(1, 8)", ".cx(5, 7)", ".cx(4, 11)", ".cx(2, 10)", ".cx(3, 6)", ".h(6)", ".cx(6, 11)", ".cx(6, 13)", ".cx(0, 6)", ".h(0)", ".cx(0, 1)", ".cx(0, 3)", ".cx(1, 2)", ".cx(6, 9)", ".cx(2, 4)", ".cx(4, 5)", ".cx(6, 12)", ".cx(3, 6)", ".cx(6, 7)", ".cx(6, 10)", ".cx(6, 8)", ".cx(0, 6)", ".h(0)", ".cx(0, 5)", ".cx(5, 6)", ".h(1)", ".cx(1, 7)", ".cx(1, 2)", ".cx(1, 11)", ".cx(0, 12)", ".cx(0, 9)", ".h(5)", ".cx(5, 8)", ".cx(0, 4)"]}]