[{"type": "non-degenerate", "A": [1, 0, 0, 0, 0, 5, 57, 191, 713, 1506, 2618, 3758, 3654, 2537, 1149, 195], "B": [1, 0, 0, 0, 0, 45, 217, 915, 2489, 6066, 10922, 14518, 14870, 10321, 4269, 903], "gates": [".cx(0, 5)", ".h(1)", ".cx(1, 10)", ".cx(1, 5)", ".cx(5, 9)", ".h(2)", ".cx(2, 12)", ".cx(2, 13)", ".h(3)", ".cx(3, 14)", ".cx(3, 4)", ".h(0)", ".cx(0, 7)", ".cx(0, 6)", ".cx(2, 8)", ".cx(3, 11)", ".cx(1, 8)", ".h(1)", ".cx(1, 4)", ".cx(4, 7)", ".cx(7, 9)", ".cx(9, 13)", ".cx(8, 14)", ".cx(1, 12)", ".h(6)", ".cx(6, 11)", ".cx(6, 10)", ".h(3)", ".cx(3, 5)", ".cx(3, 13)", ".cx(0, 2)", ".h(4)", ".cx(4, 12)", ".cx(4, 14)", ".cx(6, 13)", ".h(2)", ".cx(2, 9)", ".h(5)", ".cx(5, 7)", ".h(13)", ".cx(1, 13)", ".cx(4, 7)"]}, {"type": "non-degenerate", "A": [1, 0, 0, 0, 0, 8, 51, 206, 657, 1560, 2694, 3604, 3694, 2608, 1095, 206], "B": [1, 0, 0, 0, 0, 49, 229, 835, 2601, 6058, 10770, 14726, 14790, 10229, 4377, 871], "gates": [".cx(0, 11)", ".h(2)", ".cx(2, 10)", ".cx(2, 11)", ".cx(11, 13)", ".h(3)", ".cx(3, 4)", ".cx(3, 12)", ".h(1)", ".cx(1, 5)", ".cx(1, 8)", ".h(0)", ".cx(0, 14)", ".cx(0, 6)", ".cx(3, 9)", ".cx(1, 7)", ".h(5)", ".cx(5, 11)", ".cx(11, 12)", ".cx(1, 10)", ".cx(10, 14)", ".cx(5, 8)", ".cx(0, 3)", ".cx(3, 7)", ".cx(8, 9)", ".cx(2, 6)", ".cx(3, 13)", ".h(4)", ".cx(4, 10)", ".cx(4, 5)", ".cx(4, 6)", ".h(1)", ".cx(1, 13)", ".cx(1, 10)", ".h(3)", ".cx(3, 14)", ".cx(3, 11)", ".cx(4, 14)", ".h(6)", ".cx(6, 7)", ".h(11)", ".cx(1, 11)"]}, {"type": "non-degenerate", "A": [1, 0, 0, 0, 0, 6, 53, 214, 649, 1548, 2706, 3612, 3686, 2606, 1097, 206], "B": [1, 0, 0, 0, 0, 47, 225, 849, 2617, 6022, 10746, 14770, 14806, 10203, 4373, 877], "gates": [".cx(0, 13)", ".h(1)", ".cx(1, 12)", ".cx(1, 8)", ".h(3)", ".cx(3, 7)", ".cx(3, 4)", ".h(2)", ".cx(2, 6)", ".cx(2, 13)", ".cx(13, 14)", ".h(0)", ".cx(0, 10)", ".cx(0, 11)", ".cx(7, 9)", ".cx(2, 5)", ".cx(8, 13)", ".cx(0, 7)", ".cx(7, 14)", ".h(1)", ".cx(1, 6)", ".cx(6, 10)", ".cx(1, 9)", ".h(4)", ".cx(4, 5)", ".cx(8, 11)", ".cx(9, 12)", ".cx(4, 9)", ".h(0)", ".cx(0, 1)", ".h(2)", ".cx(2, 9)", ".cx(2, 11)", ".cx(4, 10)", ".cx(0, 2)", ".cx(4, 11)", ".cx(2, 8)", ".cx(2, 6)", ".h(7)", ".cx(7, 11)"]}, {"type": "non-degenerate", "A": [1, 0, 0, 0, 0, 10, 55, 176, 705, 1532, 2654, 3720, 3614, 2570, 1163, 184], "B": [1, 0, 0, 0, 0, 57, 205, 883, 2505, 6106, 10946, 14470, 14822, 10365, 4289, 887], "gates": [".cx(0, 5)", ".h(1)", ".cx(1, 8)", ".cx(1, 5)", ".cx(5, 11)", ".h(3)", ".cx(3, 7)", ".cx(3, 4)", ".h(2)", ".cx(2, 9)", ".cx(2, 10)", ".h(0)", ".cx(0, 6)", ".cx(0, 14)", ".cx(2, 13)", ".cx(0, 12)", ".cx(3, 5)", ".cx(5, 13)", ".cx(3, 12)", ".h(4)", ".cx(4, 11)", ".cx(11, 14)", ".cx(4, 9)", ".cx(2, 6)", ".cx(4, 7)", ".cx(1, 10)", ".cx(0, 1)", ".h(1)", ".cx(1, 11)", ".cx(1, 2)", ".h(3)", ".cx(3, 14)", ".cx(3, 10)", ".h(0)", ".cx(0, 7)", ".h(2)", ".cx(2, 4)", ".cx(2, 13)", ".cx(3, 13)"]}, {"type": "non-degenerate", "A": [1, 0, 0, 0, 0, 7, 53, 209, 649, 1558, 2706, 3602, 3686, 2611, 1097, 205], "B": [1, 0, 0, 0, 0, 49, 225, 839, 2617, 6042, 10746, 14750, 14806, 10213, 4373, 875], "gates": [".cx(0, 8)", ".h(1)", ".cx(1, 11)", ".cx(1, 8)", ".cx(8, 13)", ".h(5)", ".cx(5, 6)", ".cx(5, 14)", ".h(3)", ".cx(3, 7)", ".cx(3, 10)", ".h(0)", ".cx(0, 2)", ".cx(0, 12)", ".cx(5, 9)", ".cx(1, 4)", ".cx(3, 13)", ".h(6)", ".cx(6, 8)", ".cx(8, 10)", ".cx(8, 12)", ".cx(12, 14)", ".cx(9, 11)", ".h(2)", ".cx(2, 4)", ".cx(2, 5)", ".cx(5, 7)", ".cx(0, 1)", ".cx(0, 5)", ".cx(2, 12)", ".cx(2, 10)", ".cx(13, 14)", ".h(3)", ".cx(3, 11)", ".cx(3, 8)", ".h(4)", ".cx(4, 10)", ".h(0)", ".cx(0, 5)", ".cx(0, 6)"]}, {"type": "non-degenerate", "A": [1, 0, 0, 0, 0, 7, 49, 213, 665, 1542, 2682, 3626, 3702, 2595, 1093, 209], "B": [1, 0, 0, 0, 0, 45, 233, 851, 2585, 6034, 10794, 14742, 14774, 10225, 4381, 871], "gates": [".cx(0, 8)", ".h(4)", ".cx(4, 14)", ".cx(4, 8)", ".cx(8, 11)", ".h(3)", ".cx(3, 13)", ".cx(3, 6)", ".h(1)", ".cx(1, 10)", ".cx(1, 5)", ".h(0)", ".cx(0, 9)", ".cx(0, 2)", ".cx(3, 12)", ".cx(1, 7)", ".h(1)", ".cx(1, 14)", ".cx(8, 13)", ".cx(1, 9)", ".cx(9, 12)", ".cx(4, 10)", ".cx(0, 8)", ".h(0)", ".cx(0, 6)", ".cx(6, 7)", ".cx(7, 11)", ".h(4)", ".cx(4, 6)", ".cx(4, 9)", ".cx(10, 12)", ".cx(9, 11)", ".cx(0, 14)", ".h(2)", ".cx(2, 5)", ".h(0)", ".cx(0, 11)", ".cx(0, 14)", ".cx(6, 8)"]}, {"type": "non-degenerate", "A": [1, 0, 0, 0, 0, 10, 45, 210, 665, 1540, 2706, 3620, 3670, 2610, 1105, 202], "B": [1, 0, 0, 0, 0, 51, 225, 845, 2585, 6030, 10842, 14730, 14710, 10255, 4405, 857], "gates": [".cx(0, 8)", ".h(5)", ".cx(5, 10)", ".cx(5, 8)", ".cx(8, 12)", ".h(3)", ".cx(3, 4)", ".cx(3, 14)", ".h(1)", ".cx(1, 7)", ".cx(1, 6)", ".h(0)", ".cx(0, 11)", ".cx(0, 9)", ".cx(1, 2)", ".cx(3, 13)", ".cx(0, 1)", ".cx(1, 12)", ".cx(10, 14)", ".h(4)", ".cx(4, 8)", ".cx(4, 9)", ".cx(3, 7)", ".cx(12, 13)", ".cx(4, 6)", ".cx(3, 11)", ".cx(7, 10)", ".h(2)", ".cx(2, 5)", ".cx(2, 13)", ".cx(2, 11)", ".cx(5, 6)", ".h(0)", ".cx(0, 3)", ".cx(0, 4)", ".h(1)", ".cx(1, 12)", ".h(7)", ".cx(7, 9)", ".cx(7, 14)", ".cx(1, 8)"]}, {"type": "non-degenerate", "A": [1, 0, 0, 0, 0, 6, 43, 232, 673, 1492, 2694, 3672, 3678, 2582, 1103, 208], "B": [1, 0, 0, 0, 0, 41, 229, 891, 2569, 5946, 10866, 14806, 14694, 10221, 4409, 863], "gates": [".cx(0, 7)", ".h(2)", ".cx(2, 8)", ".cx(2, 7)", ".cx(7, 14)", ".h(3)", ".cx(3, 13)", ".cx(3, 10)", ".h(1)", ".cx(1, 11)", ".cx(1, 5)", ".h(0)", ".cx(0, 12)", ".cx(0, 6)", ".cx(3, 4)", ".cx(2, 9)", ".cx(1, 14)", ".cx(0, 3)", ".cx(3, 8)", ".h(4)", ".cx(4, 7)", ".cx(4, 6)", ".cx(7, 11)", ".cx(5, 12)", ".h(5)", ".cx(5, 9)", ".cx(9, 13)", ".h(1)", ".cx(1, 4)", ".cx(1, 3)", ".cx(0, 9)", ".h(0)", ".cx(0, 4)", ".cx(0, 12)", ".cx(11, 13)", ".cx(1, 10)", ".h(3)", ".cx(3, 11)", ".cx(3, 5)", ".cx(1, 12)"]}, {"type": "non-degenerate", "A": [1, 0, 0, 0, 0, 5, 61, 187, 697, 1522, 2642, 3734, 3638, 2553, 1153, 191], "B": [1, 0, 0, 0, 0, 49, 209, 903, 2521, 6074, 10874, 14526, 14902, 10309, 4261, 907], "gates": [".cx(0, 3)", ".h(1)", ".cx(1, 12)", ".cx(1, 3)", ".cx(3, 10)", ".h(5)", ".cx(5, 7)", ".cx(5, 13)", ".h(2)", ".cx(2, 9)", ".cx(2, 11)", ".h(0)", ".cx(0, 6)", ".cx(0, 8)", ".cx(2, 14)", ".cx(1, 4)", ".cx(5, 10)", ".cx(10, 14)", ".cx(0, 1)", ".h(3)", ".cx(3, 5)", ".cx(5, 6)", ".cx(3, 9)", ".h(2)", ".cx(2, 8)", ".cx(2, 13)", ".cx(11, 12)", ".cx(1, 7)", ".h(0)", ".cx(0, 11)", ".cx(0, 13)", ".cx(8, 14)", ".h(5)", ".cx(5, 12)", ".cx(10, 11)", ".cx(5, 8)", ".h(1)", ".cx(1, 14)", ".cx(1, 3)"]}, {"type": "non-degenerate", "A": [1, 0, 0, 0, 0, 7, 51, 211, 657, 1550, 2694, 3614, 3694, 2603, 1095, 207], "B": [1, 0, 0, 0, 0, 47, 229, 845, 2601, 6038, 10770, 14746, 14790, 10219, 4377, 873], "gates": [".cx(0, 7)", ".h(2)", ".cx(2, 4)", ".cx(2, 7)", ".cx(7, 9)", ".h(1)", ".cx(1, 10)", ".cx(1, 6)", ".h(3)", ".cx(3, 14)", ".cx(3, 8)", ".h(0)", ".cx(0, 13)", ".cx(0, 11)", ".cx(3, 12)", ".cx(2, 5)", ".cx(1, 9)", ".cx(9, 12)", ".cx(0, 2)", ".h(5)", ".cx(5, 10)", ".cx(10, 13)", ".cx(2, 3)", ".cx(5, 8)", ".cx(8, 11)", ".h(6)", ".cx(6, 7)", ".cx(7, 14)", ".h(4)", ".cx(4, 10)", ".cx(6, 8)", ".cx(10, 14)", ".cx(2, 4)", ".h(3)", ".cx(3, 6)", ".h(1)", ".cx(1, 12)", ".cx(1, 13)", ".cx(1, 8)"]}, {"type": "non-degenerate", "A": [1, 0, 0, 0, 0, 7, 63, 175, 689, 1550, 2654, 3702, 3630, 2571, 1155, 187], "B": [1, 0, 0, 0, 0, 55, 205, 877, 2537, 6118, 10850, 14490, 14918, 10323, 4257, 905], "gates": [".cx(0, 5)", ".h(2)", ".cx(2, 4)", ".cx(2, 5)", ".cx(5, 10)", ".h(3)", ".cx(3, 12)", ".cx(3, 14)", ".h(1)", ".cx(1, 13)", ".cx(1, 6)", ".h(0)", ".cx(0, 7)", ".cx(0, 9)", ".cx(3, 8)", ".cx(1, 11)", ".cx(0, 5)", ".cx(5, 13)", ".cx(2, 8)", ".cx(13, 14)", ".h(4)", ".cx(4, 11)", ".cx(4, 7)", ".cx(11, 12)", ".cx(3, 9)", ".cx(4, 10)", ".cx(2, 6)", ".h(2)", ".cx(2, 3)", ".cx(2, 5)", ".cx(2, 6)", ".h(0)", ".cx(0, 1)", ".cx(0, 14)", ".h(1)", ".cx(1, 6)", ".cx(0, 9)", ".h(7)", ".cx(7, 11)", ".cx(1, 11)", ".cx(1, 5)"]}, {"type": "non-degenerate", "A": [1, 0, 0, 0, 0, 6, 45, 230, 665, 1500, 2706, 3660, 3670, 2590, 1105, 206], "B": [1, 0, 0, 0, 0, 43, 225, 885, 2585, 5950, 10842, 14810, 14710, 10215, 4405, 865], "gates": [".cx(0, 7)", ".h(2)", ".cx(2, 9)", ".cx(2, 7)", ".cx(7, 12)", ".h(1)", ".cx(1, 8)", ".cx(1, 10)", ".h(3)", ".cx(3, 11)", ".cx(3, 4)", ".h(0)", ".cx(0, 6)", ".cx(0, 14)", ".cx(8, 13)", ".cx(2, 5)", ".cx(11, 12)", ".cx(12, 13)", ".cx(0, 2)", ".h(4)", ".cx(4, 5)", ".cx(5, 10)", ".cx(13, 14)", ".h(1)", ".cx(1, 9)", ".cx(1, 6)", ".cx(9, 11)", ".h(7)", ".cx(7, 8)", ".cx(7, 11)", ".cx(3, 6)", ".cx(4, 14)", ".cx(9, 13)", ".h(0)", ".cx(0, 3)", ".cx(0, 10)", ".h(5)", ".cx(5, 6)", ".cx(2, 8)", ".cx(10, 11)"]}, {"type": "non-degenerate", "A": [1, 0, 0, 0, 0, 9, 55, 197, 641, 1586, 2718, 3570, 3678, 2629, 1099, 201], "B": [1, 0, 0, 0, 0, 55, 221, 813, 2633, 6086, 10722, 14714, 14822, 10227, 4369, 873], "gates": [".cx(0, 4)", ".h(1)", ".cx(1, 11)", ".cx(1, 4)", ".cx(4, 6)", ".h(5)", ".cx(5, 12)", ".cx(5, 13)", ".h(3)", ".cx(3, 9)", ".cx(3, 7)", ".h(2)", ".cx(2, 8)", ".cx(2, 14)", ".h(0)", ".cx(0, 10)", ".cx(0, 3)", ".cx(3, 11)", ".cx(11, 13)", ".cx(13, 14)", ".cx(2, 6)", ".cx(6, 9)", ".h(2)", ".cx(2, 10)", ".cx(2, 5)", ".cx(0, 4)", ".cx(10, 11)", ".h(0)", ".cx(0, 13)", ".cx(2, 6)", ".cx(1, 5)", ".cx(0, 4)", ".h(6)", ".cx(6, 13)", ".h(1)", ".cx(1, 5)", ".cx(1, 8)", ".h(12)", ".cx(0, 12)", ".cx(1, 10)"]}, {"type": "non-degenerate", "A": [1, 0, 0, 0, 0, 10, 47, 208, 657, 1548, 2718, 3608, 3662, 2618, 1107, 200], "B": [1, 0, 0, 0, 0, 53, 221, 839, 2601, 6034, 10818, 14734, 14726, 10249, 4401, 859], "gates": [".cx(0, 13)", ".h(3)", ".cx(3, 4)", ".cx(3, 13)", ".cx(13, 14)", ".h(2)", ".cx(2, 10)", ".cx(2, 8)", ".h(5)", ".cx(5, 7)", ".cx(5, 12)", ".h(0)", ".cx(0, 11)", ".cx(0, 6)", ".h(1)", ".cx(1, 9)", ".cx(1, 14)", ".cx(4, 7)", ".cx(7, 11)", ".cx(0, 10)", ".cx(10, 13)", ".cx(1, 6)", ".h(2)", ".cx(2, 3)", ".cx(2, 9)", ".cx(9, 12)", ".h(4)", ".cx(4, 9)", ".h(0)", ".cx(0, 2)", ".cx(4, 6)", ".cx(0, 5)", ".h(1)", ".cx(1, 10)", ".cx(1, 9)", ".h(5)", ".cx(0, 5)", ".cx(6, 7)", ".cx(7, 10)"]}]