[{"type": "non-degenerate", "A": [0, 0, 1, 0, 1, 3, 6, 11, 0, 0, 0, 0, 0, 0, 0], "B": [0, 0, 45, 279, 1566, 7482, 27895, 82447, 0, 0, 0, 0, 0, 0, 0], "gates": [".cx(0, 8)", ".cx(5, 14)", ".cx(4, 11)", ".cx(2, 13)", ".cx(1, 7)", ".cx(3, 12)", ".h(6)", ".cx(6, 11)", ".cx(11, 13)", ".cx(6, 12)", ".h(0)", ".cx(0, 6)", ".cx(6, 14)", ".cx(2, 6)", ".h(2)", ".cx(2, 5)", ".cx(2, 7)", ".cx(6, 10)", ".cx(5, 6)", ".cx(6, 8)", ".cx(8, 11)", ".cx(1, 6)", ".h(1)", ".cx(1, 2)", ".cx(1, 3)", ".cx(3, 13)", ".cx(3, 6)", ".cx(1, 10)", ".cx(0, 3)", ".h(4)", ".cx(4, 7)", ".cx(4, 9)", ".cx(6, 9)"]}, {"type": "non-degenerate", "A": [0, 0, 0, 0, 1, 3, 10, 13, 0, 0, 0, 0, 0, 0, 0], "B": [0, 0, 40, 229, 1346, 7124, 27486, 82619, 0, 0, 0, 0, 0, 0, 0], "gates": [".cx(3, 9)", ".cx(2, 10)", ".cx(5, 11)", ".cx(4, 13)", ".cx(1, 8)", ".cx(0, 12)", ".h(7)", ".cx(7, 9)", ".cx(7, 10)", ".cx(9, 13)", ".h(6)", ".cx(6, 8)", ".cx(6, 11)", ".cx(11, 12)", ".cx(8, 9)", ".cx(9, 14)", ".h(1)", ".cx(1, 4)", ".cx(1, 12)", ".cx(4, 7)", ".cx(0, 6)", ".h(0)", ".cx(0, 8)", ".cx(0, 5)", ".cx(2, 9)", ".h(2)", ".cx(2, 13)", ".cx(2, 6)", ".cx(1, 9)", ".cx(2, 4)", ".h(3)", ".cx(3, 5)", ".cx(3, 10)"]}, {"type": "non-degenerate", "A": [0, 0, 0, 0, 1, 3, 6, 14, 0, 0, 0, 0, 0, 0, 0], "B": [0, 0, 35, 223, 1418, 7042, 27457, 82591, 0, 0, 0, 0, 0, 0, 0], "gates": [".cx(0, 7)", ".cx(2, 12)", ".cx(5, 10)", ".cx(4, 13)", ".cx(3, 11)", ".cx(1, 9)", ".h(8)", ".cx(8, 11)", ".cx(8, 10)", ".cx(11, 12)", ".h(6)", ".cx(6, 9)", ".cx(6, 7)", ".h(0)", ".cx(0, 4)", ".cx(0, 8)", ".cx(8, 13)", ".cx(7, 12)", ".cx(8, 14)", ".cx(1, 11)", ".h(1)", ".cx(1, 5)", ".cx(5, 6)", ".cx(5, 8)", ".cx(2, 8)", ".cx(1, 11)", ".cx(4, 9)", ".h(2)", ".cx(2, 4)", ".cx(2, 5)", ".cx(7, 13)", ".h(3)", ".cx(3, 14)", ".cx(3, 11)"]}, {"type": "non-degenerate", "A": [0, 0, 0, 0, 1, 5, 7, 11, 0, 0, 0, 0, 0, 0, 0], "B": [0, 0, 40, 233, 1398, 6944, 27578, 82723, 0, 0, 0, 0, 0, 0, 0], "gates": [".cx(1, 11)", ".cx(3, 10)", ".cx(0, 8)", ".cx(4, 12)", ".cx(5, 9)", ".h(6)", ".cx(6, 8)", ".cx(6, 11)", ".cx(2, 6)", ".h(7)", ".cx(7, 9)", ".cx(7, 12)", ".h(0)", ".cx(0, 3)", ".cx(0, 5)", ".cx(8, 14)", ".cx(6, 7)", ".cx(7, 10)", ".cx(7, 13)", ".cx(5, 7)", ".cx(7, 14)", ".cx(1, 7)", ".cx(4, 7)", ".h(1)", ".cx(1, 8)", ".cx(1, 3)", ".cx(3, 6)", ".h(4)", ".cx(4, 5)", ".cx(4, 9)", ".cx(8, 13)", ".h(2)", ".cx(2, 8)", ".cx(2, 5)"]}, {"type": "non-degenerate", "A": [0, 0, 0, 1, 0, 3, 4, 11, 0, 0, 0, 0, 0, 0, 0], "B": [0, 0, 30, 257, 1482, 7048, 27500, 82195, 0, 0, 0, 0, 0, 0, 0], "gates": [".cx(4, 11)", ".cx(5, 13)", ".cx(0, 10)", ".cx(2, 12)", ".cx(3, 8)", ".cx(1, 14)", ".h(6)", ".cx(6, 8)", ".cx(8, 14)", ".cx(6, 10)", ".cx(10, 11)", ".h(7)", ".cx(7, 12)", ".cx(12, 13)", ".h(2)", ".cx(2, 8)", ".cx(2, 4)", ".cx(7, 9)", ".cx(12, 14)", ".cx(4, 5)", ".cx(1, 10)", ".h(1)", ".cx(1, 9)", ".cx(1, 5)", ".cx(5, 6)", ".cx(6, 12)", ".h(0)", ".cx(0, 2)", ".cx(2, 7)", ".cx(9, 11)", ".h(3)", ".cx(3, 12)", ".cx(3, 10)"]}, {"type": "non-degenerate", "A": [0, 0, 0, 1, 1, 2, 9, 12, 0, 0, 0, 0, 0, 0, 0], "B": [0, 0, 43, 247, 1458, 7082, 27489, 82191, 0, 0, 0, 0, 0, 0, 0], "gates": [".cx(5, 9)", ".cx(3, 13)", ".cx(4, 10)", ".cx(1, 7)", ".cx(2, 6)", ".h(8)", ".cx(8, 9)", ".cx(8, 13)", ".cx(0, 8)", ".cx(8, 11)", ".h(2)", ".cx(2, 7)", ".cx(2, 8)", ".cx(8, 10)", ".h(0)", ".cx(0, 4)", ".cx(0, 5)", ".cx(8, 14)", ".cx(5, 8)", ".cx(6, 14)", ".cx(4, 11)", ".cx(8, 12)", ".cx(1, 8)", ".cx(3, 8)", ".h(1)", ".cx(1, 4)", ".cx(1, 12)", ".cx(4, 9)", ".cx(1, 6)", ".cx(2, 5)", ".cx(1, 2)", ".h(3)", ".cx(3, 6)", ".cx(3, 10)"]}, {"type": "non-degenerate", "A": [0, 0, 0, 0, 1, 2, 4, 14, 0, 0, 0, 0, 0, 0, 0], "B": [0, 0, 26, 237, 1430, 7036, 27452, 82507, 0, 0, 0, 0, 0, 0, 0], "gates": [".cx(3, 10)", ".cx(1, 8)", ".cx(0, 11)", ".cx(2, 14)", ".cx(4, 12)", ".h(7)", ".cx(7, 10)", ".cx(7, 12)", ".cx(5, 7)", ".cx(7, 11)", ".h(6)", ".cx(6, 8)", ".cx(6, 7)", ".cx(7, 14)", ".cx(7, 9)", ".cx(1, 7)", ".h(1)", ".cx(1, 4)", ".cx(1, 2)", ".cx(4, 7)", ".cx(2, 11)", ".cx(7, 13)", ".cx(3, 7)", ".cx(0, 7)", ".h(0)", ".cx(0, 1)", ".cx(0, 8)", ".h(3)", ".cx(3, 13)", ".cx(3, 9)", ".cx(0, 10)", ".cx(3, 4)", ".h(5)", ".cx(5, 13)", ".cx(5, 11)"]}, {"type": "non-degenerate", "A": [0, 0, 0, 0, 1, 2, 7, 18, 0, 0, 0, 0, 0, 0, 0], "B": [0, 0, 33, 231, 1390, 7034, 27691, 82287, 0, 0, 0, 0, 0, 0, 0], "gates": [".cx(1, 7)", ".cx(2, 8)", ".cx(5, 14)", ".cx(4, 9)", ".cx(0, 11)", ".h(6)", ".cx(6, 9)", ".cx(6, 7)", ".cx(3, 6)", ".cx(6, 14)", ".cx(0, 10)", ".h(0)", ".cx(0, 2)", ".cx(2, 5)", ".cx(0, 4)", ".cx(7, 13)", ".h(6)", ".cx(6, 11)", ".cx(0, 13)", ".h(0)", ".cx(0, 3)", ".cx(6, 8)", ".cx(4, 6)", ".cx(6, 12)", ".cx(6, 14)", ".cx(0, 4)", ".cx(3, 6)", ".cx(6, 10)", ".cx(5, 6)", ".cx(6, 7)", ".cx(7, 11)", ".h(1)", ".cx(1, 2)", ".cx(2, 3)"]}, {"type": "non-degenerate", "A": [0, 0, 1, 1, 2, 0, 3, 15, 0, 0, 0, 0, 0, 0, 0], "B": [0, 0, 49, 295, 1670, 7626, 27603, 81711, 0, 0, 0, 0, 0, 0, 0], "gates": [".cx(4, 11)", ".cx(0, 10)", ".cx(1, 14)", ".cx(3, 12)", ".cx(5, 9)", ".h(6)", ".cx(6, 11)", ".cx(6, 9)", ".cx(2, 6)", ".cx(11, 12)", ".h(0)", ".cx(0, 3)", ".cx(0, 6)", ".cx(6, 14)", ".h(1)", ".cx(1, 5)", ".cx(1, 10)", ".cx(10, 11)", ".cx(6, 13)", ".h(2)", ".cx(2, 6)", ".cx(2, 10)", ".cx(6, 7)", ".cx(5, 6)", ".cx(6, 8)", ".cx(3, 6)", ".h(1)", ".cx(1, 12)", ".cx(1, 5)", ".h(3)", ".cx(3, 14)", ".cx(1, 4)", ".cx(3, 4)"]}, {"type": "non-degenerate", "A": [0, 0, 1, 1, 1, 1, 3, 14, 0, 0, 0, 0, 0, 0, 0], "B": [0, 0, 44, 297, 1670, 7536, 27838, 81763, 0, 0, 0, 0, 0, 0, 0], "gates": [".cx(0, 13)", ".cx(1, 10)", ".cx(3, 7)", ".cx(2, 9)", ".cx(4, 8)", ".cx(5, 6)", ".h(5)", ".cx(5, 8)", ".cx(5, 10)", ".cx(8, 9)", ".h(0)", ".cx(0, 5)", ".cx(5, 7)", ".cx(7, 12)", ".cx(5, 6)", ".h(1)", ".cx(1, 5)", ".cx(5, 13)", ".cx(13, 14)", ".cx(2, 5)", ".h(2)", ".cx(2, 7)", ".cx(7, 10)", ".cx(10, 11)", ".h(3)", ".cx(3, 8)", ".cx(8, 14)", ".cx(3, 6)", ".cx(6, 10)", ".cx(2, 13)", ".h(4)", ".cx(4, 10)", ".cx(4, 13)"]}, {"type": "non-degenerate", "A": [0, 0, 0, 0, 2, 5, 5, 11, 0, 0, 0, 0, 0, 0, 0], "B": [0, 0, 44, 237, 1410, 6988, 27330, 82699, 0, 0, 0, 0, 0, 0, 0], "gates": [".cx(2, 10)", ".cx(3, 13)", ".cx(1, 12)", ".cx(4, 11)", ".cx(0, 8)", ".cx(5, 14)", ".h(7)", ".cx(7, 8)", ".cx(7, 11)", ".cx(11, 12)", ".h(6)", ".cx(6, 10)", ".cx(10, 14)", ".cx(6, 9)", ".h(2)", ".cx(2, 3)", ".cx(3, 7)", ".cx(2, 5)", ".cx(8, 10)", ".h(0)", ".cx(0, 5)", ".cx(5, 6)", ".cx(0, 12)", ".cx(12, 13)", ".h(1)", ".cx(1, 3)", ".cx(3, 9)", ".cx(6, 13)", ".cx(9, 11)", ".cx(3, 4)", ".cx(0, 3)"]}, {"type": "non-degenerate", "A": [0, 0, 0, 1, 1, 0, 8, 13, 0, 0, 0, 0, 0, 0, 0], "B": [0, 0, 33, 259, 1458, 7134, 27463, 82055, 0, 0, 0, 0, 0, 0, 0], "gates": [".cx(3, 9)", ".cx(0, 6)", ".cx(4, 14)", ".cx(2, 12)", ".cx(1, 8)", ".cx(5, 13)", ".h(7)", ".cx(7, 12)", ".cx(7, 9)", ".h(1)", ".cx(1, 6)", ".cx(1, 5)", ".cx(7, 14)", ".h(0)", ".cx(0, 7)", ".cx(7, 8)", ".cx(8, 11)", ".cx(5, 9)", ".h(1)", ".cx(1, 2)", ".cx(2, 8)", ".cx(7, 13)", ".cx(6, 7)", ".cx(4, 6)", ".cx(7, 10)", ".cx(3, 7)", ".h(3)", ".cx(3, 11)", ".cx(3, 12)", ".cx(3, 5)", ".h(2)", ".cx(2, 7)", ".cx(0, 4)", ".h(4)", ".cx(4, 12)"]}, {"type": "non-degenerate", "A": [0, 0, 0, 1, 2, 3, 4, 14, 0, 0, 0, 0, 0, 0, 0], "B": [0, 0, 44, 265, 1478, 7024, 27422, 81955, 0, 0, 0, 0, 0, 0, 0], "gates": [".cx(5, 9)", ".cx(4, 13)", ".cx(3, 11)", ".cx(2, 10)", ".cx(1, 14)", ".h(6)", ".cx(6, 10)", ".cx(6, 7)", ".cx(0, 6)", ".cx(6, 9)", ".h(0)", ".cx(0, 3)", ".cx(3, 14)", ".h(11)", ".cx(11, 12)", ".cx(11, 13)", ".cx(0, 6)", ".cx(6, 8)", ".cx(10, 11)", ".cx(1, 6)", ".h(1)", ".cx(1, 3)", ".cx(1, 5)", ".cx(5, 12)", ".cx(4, 6)", ".cx(1, 7)", ".cx(3, 4)", ".cx(11, 14)", ".cx(5, 6)", ".h(2)", ".cx(2, 3)", ".cx(2, 5)", ".cx(2, 10)"]}, {"type": "non-degenerate", "A": [0, 0, 0, 0, 3, 4, 3, 20, 0, 0, 0, 0, 0, 0, 0], "B": [0, 0, 50, 233, 1394, 7088, 27304, 82147, 0, 0, 0, 0, 0, 0, 0], "gates": [".cx(4, 11)", ".cx(0, 8)", ".cx(5, 14)", ".cx(1, 6)", ".cx(3, 9)", ".h(7)", ".cx(7, 8)", ".cx(7, 9)", ".cx(2, 7)", ".h(10)", ".cx(10, 14)", ".cx(10, 11)", ".h(1)", ".cx(1, 3)", ".cx(1, 4)", ".cx(7, 10)", ".cx(6, 7)", ".cx(10, 12)", ".cx(0, 10)", ".h(0)", ".cx(0, 5)", ".cx(0, 4)", ".cx(5, 7)", ".cx(3, 13)", ".cx(10, 13)", ".cx(4, 10)", ".h(6)", ".cx(6, 8)", ".cx(6, 11)", ".h(2)", ".cx(2, 3)", ".cx(2, 5)"]}, {"type": "non-degenerate", "A": [0, 0, 1, 0, 0, 2, 5, 17, 0, 0, 0, 0, 0, 0, 0], "B": [0, 0, 41, 251, 1578, 7590, 27927, 82231, 0, 0, 0, 0, 0, 0, 0], "gates": [".cx(0, 9)", ".cx(5, 6)", ".cx(4, 13)", ".cx(1, 11)", ".cx(2, 7)", ".h(8)", ".cx(8, 11)", ".cx(8, 13)", ".cx(3, 8)", ".h(2)", ".cx(2, 6)", ".cx(2, 8)", ".cx(8, 9)", ".cx(9, 14)", ".h(0)", ".cx(0, 5)", ".cx(0, 10)", ".h(0)", ".cx(0, 4)", ".cx(4, 8)", ".cx(8, 12)", ".cx(7, 8)", ".cx(1, 7)", ".cx(5, 7)", ".cx(8, 10)", ".h(1)", ".cx(1, 9)", ".cx(1, 4)", ".cx(4, 5)", ".h(6)", ".cx(6, 11)", ".h(3)", ".cx(3, 12)", ".cx(3, 5)"]}, {"type": "non-degenerate", "A": [0, 0, 0, 0, 1, 3, 4, 19, 0, 0, 0, 0, 0, 0, 0], "B": [0, 0, 35, 223, 1394, 7122, 27465, 82271, 0, 0, 0, 0, 0, 0, 0], "gates": [".cx(5, 10)", ".cx(0, 14)", ".cx(4, 12)", ".cx(2, 9)", ".cx(1, 11)", ".h(7)", ".cx(7, 14)", ".cx(7, 11)", ".cx(3, 7)", ".cx(7, 10)", ".h(6)", ".cx(6, 12)", ".cx(6, 9)", ".h(1)", ".cx(1, 4)", ".cx(6, 7)", ".cx(7, 8)", ".cx(1, 6)", ".cx(4, 7)", ".cx(7, 13)", ".cx(2, 7)", ".h(2)", ".cx(2, 5)", ".cx(2, 11)", ".cx(11, 12)", ".cx(0, 6)", ".cx(5, 7)", ".cx(12, 14)", ".h(0)", ".cx(0, 2)", ".cx(0, 13)", ".h(4)", ".cx(4, 12)", ".h(3)", ".cx(3, 9)", ".cx(3, 13)"]}, {"type": "non-degenerate", "A": [0, 0, 0, 1, 1, 1, 9, 14, 0, 0, 0, 0, 0, 0, 0], "B": [0, 0, 38, 261, 1430, 7108, 27592, 81979, 0, 0, 0, 0, 0, 0, 0], "gates": [".cx(1, 14)", ".cx(0, 6)", ".cx(5, 10)", ".cx(3, 11)", ".h(7)", ".cx(7, 10)", ".cx(7, 9)", ".cx(2, 7)", ".cx(7, 14)", ".cx(4, 7)", ".h(8)", ".cx(8, 12)", ".cx(8, 11)", ".cx(7, 13)", ".cx(0, 8)", ".h(0)", ".cx(0, 1)", ".cx(1, 9)", ".cx(3, 7)", ".h(3)", ".cx(3, 5)", ".cx(3, 7)", ".cx(0, 8)", ".cx(5, 12)", ".cx(8, 13)", ".cx(3, 4)", ".cx(0, 4)", ".h(2)", ".cx(2, 3)", ".cx(3, 14)", ".h(1)", ".cx(1, 6)", ".cx(3, 6)"]}, {"type": "non-degenerate", "A": [0, 0, 0, 1, 3, 2, 4, 10, 0, 0, 0, 0, 0, 0, 0], "B": [0, 0, 45, 275, 1474, 7134, 27027, 82151, 0, 0, 0, 0, 0, 0, 0], "gates": [".cx(0, 9)", ".cx(2, 14)", ".cx(5, 8)", ".cx(4, 12)", ".cx(1, 10)", ".cx(3, 11)", ".h(8)", ".cx(8, 10)", ".cx(8, 9)", ".h(6)", ".cx(6, 12)", ".cx(6, 11)", ".cx(12, 14)", ".h(1)", ".cx(1, 2)", ".cx(1, 5)", ".cx(5, 6)", ".cx(10, 12)", ".h(7)", ".cx(7, 10)", ".cx(7, 11)", ".cx(11, 13)", ".cx(0, 6)", ".h(0)", ".cx(0, 1)", ".cx(0, 3)", ".cx(8, 13)", ".cx(2, 8)", ".h(2)", ".cx(2, 3)", ".h(4)", ".cx(4, 9)", ".cx(4, 7)"]}, {"type": "non-degenerate", "A": [0, 0, 0, 0, 0, 4, 7, 18, 0, 0, 0, 0, 0, 0, 0], "B": [0, 0, 36, 213, 1378, 7124, 27370, 83163, 0, 0, 0, 0, 0, 0, 0], "gates": [".cx(0, 6)", ".cx(5, 14)", ".cx(2, 9)", ".cx(1, 12)", ".cx(4, 13)", ".h(8)", ".cx(8, 12)", ".cx(8, 9)", ".cx(3, 8)", ".cx(8, 13)", ".h(0)", ".cx(0, 5)", ".cx(0, 4)", ".h(2)", ".cx(2, 6)", ".cx(6, 12)", ".cx(12, 14)", ".cx(9, 10)", ".cx(2, 5)", ".cx(5, 8)", ".cx(8, 11)", ".cx(0, 7)", ".h(0)", ".cx(0, 9)", ".cx(0, 4)", ".cx(4, 10)", ".cx(6, 8)", ".cx(0, 1)", ".cx(1, 2)", ".h(0)", ".cx(0, 14)", ".cx(3, 8)", ".cx(1, 3)", ".cx(0, 3)"]}, {"type": "non-degenerate", "A": [0, 0, 0, 0, 0, 6, 4, 17, 0, 0, 0, 0, 0, 0, 0], "B": [0, 0, 37, 223, 1366, 7122, 27287, 83167, 0, 0, 0, 0, 0, 0, 0], "gates": [".cx(1, 12)", ".cx(0, 8)", ".cx(4, 9)", ".cx(5, 14)", ".cx(2, 10)", ".cx(3, 11)", ".h(7)", ".cx(7, 8)", ".cx(7, 11)", ".cx(11, 12)", ".h(6)", ".cx(6, 10)", ".cx(6, 7)", ".cx(7, 9)", ".cx(7, 14)", ".h(0)", ".cx(0, 2)", ".cx(0, 7)", ".cx(7, 13)", ".cx(1, 7)", ".h(1)", ".cx(1, 5)", ".cx(1, 2)", ".cx(2, 4)", ".cx(5, 11)", ".cx(4, 14)", ".cx(2, 8)", ".cx(8, 13)", ".h(3)", ".cx(3, 10)", ".cx(3, 4)", ".cx(3, 5)"]}, {"type": "non-degenerate", "A": [0, 0, 0, 2, 0, 2, 4, 20, 0, 0, 0, 0, 0, 0, 0], "B": [0, 0, 42, 261, 1518, 7236, 27284, 81979, 0, 0, 0, 0, 0, 0, 0], "gates": [".cx(5, 8)", ".cx(2, 10)", ".cx(0, 9)", ".cx(4, 14)", ".cx(1, 7)", ".h(6)", ".cx(6, 7)", ".cx(6, 10)", ".cx(3, 6)", ".cx(6, 8)", ".h(11)", ".cx(11, 12)", ".cx(11, 13)", ".h(0)", ".cx(0, 5)", ".cx(0, 4)", ".cx(9, 11)", ".cx(6, 11)", ".cx(11, 14)", ".cx(5, 6)", ".cx(1, 6)", ".h(1)", ".cx(1, 7)", ".cx(1, 4)", ".cx(4, 13)", ".h(8)", ".cx(8, 9)", ".cx(2, 8)", ".h(2)", ".cx(2, 5)", ".cx(2, 8)", ".cx(2, 14)", ".h(3)", ".cx(3, 9)", ".cx(3, 13)"]}, {"type": "non-degenerate", "A": [0, 0, 0, 0, 0, 4, 6, 14, 0, 0, 0, 0, 0, 0, 0], "B": [0, 0, 30, 233, 1370, 7056, 27628, 82531, 0, 0, 0, 0, 0, 0, 0], "gates": [".cx(5, 12)", ".cx(3, 9)", ".cx(4, 13)", ".cx(0, 11)", ".cx(1, 6)", ".cx(2, 14)", ".h(7)", ".cx(7, 9)", ".cx(7, 12)", ".h(0)", ".cx(0, 5)", ".cx(0, 2)", ".h(0)", ".cx(0, 4)", ".cx(0, 6)", ".cx(4, 9)", ".cx(9, 11)", ".cx(7, 10)", ".cx(2, 7)", ".cx(7, 13)", ".cx(5, 6)", ".cx(7, 8)", ".cx(1, 7)", ".h(1)", ".cx(1, 5)", ".cx(5, 8)", ".h(10)", ".cx(10, 14)", ".cx(11, 14)", ".cx(1, 4)", ".cx(10, 13)", ".cx(5, 9)", ".h(3)", ".cx(3, 8)", ".cx(3, 14)"]}, {"type": "non-degenerate", "A": [0, 0, 0, 0, 0, 6, 3, 16, 0, 0, 0, 0, 0, 0, 0], "B": [0, 0, 35, 219, 1430, 6902, 27749, 82487, 0, 0, 0, 0, 0, 0, 0], "gates": [".cx(3, 9)", ".cx(0, 14)", ".cx(5, 11)", ".cx(1, 8)", ".cx(4, 13)", ".h(6)", ".cx(6, 8)", ".cx(6, 14)", ".cx(2, 6)", ".h(7)", ".cx(7, 13)", ".cx(7, 9)", ".cx(9, 11)", ".cx(6, 10)", ".cx(8, 9)", ".h(1)", ".cx(1, 5)", ".cx(5, 14)", ".cx(1, 7)", ".cx(7, 12)", ".cx(0, 7)", ".h(0)", ".cx(0, 6)", ".cx(0, 4)", ".cx(4, 7)", ".cx(7, 10)", ".h(2)", ".cx(2, 4)", ".cx(4, 5)", ".cx(6, 11)", ".cx(2, 6)", ".cx(2, 3)", ".h(2)", ".cx(2, 13)"]}, {"type": "non-degenerate", "A": [0, 0, 0, 3, 0, 2, 7, 9, 0, 0, 0, 0, 0, 0, 0], "B": [0, 0, 51, 287, 1554, 7314, 27193, 81375, 0, 0, 0, 0, 0, 0, 0], "gates": [".cx(1, 14)", ".cx(3, 7)", ".cx(2, 11)", ".cx(0, 10)", ".cx(4, 9)", ".h(6)", ".cx(6, 7)", ".cx(6, 9)", ".cx(5, 6)", ".h(8)", ".cx(8, 14)", ".cx(8, 10)", ".h(0)", ".cx(0, 2)", ".cx(0, 4)", ".cx(7, 12)", ".cx(8, 11)", ".cx(6, 8)", ".cx(2, 6)", ".cx(8, 13)", ".cx(1, 6)", ".h(1)", ".cx(1, 2)", ".cx(1, 7)", ".cx(7, 14)", ".cx(4, 8)", ".cx(3, 4)", ".h(3)", ".cx(3, 4)", ".cx(4, 12)", ".cx(3, 10)", ".cx(10, 13)", ".h(5)", ".cx(5, 14)", ".cx(5, 10)"]}, {"type": "non-degenerate", "A": [0, 0, 0, 0, 0, 2, 4, 18, 0, 0, 0, 0, 0, 0, 0], "B": [0, 0, 26, 209, 1434, 7112, 27496, 82419, 0, 0, 0, 0, 0, 0, 0], "gates": [".cx(1, 8)", ".cx(2, 9)", ".cx(4, 7)", ".cx(0, 13)", ".cx(3, 12)", ".h(6)", ".cx(6, 7)", ".cx(6, 14)", ".cx(5, 6)", ".cx(6, 9)", ".h(8)", ".cx(8, 12)", ".cx(8, 13)", ".h(0)", ".cx(0, 6)", ".cx(6, 10)", ".cx(1, 6)", ".h(1)", ".cx(1, 2)", ".cx(1, 7)", ".cx(7, 12)", ".cx(6, 11)", ".cx(2, 10)", ".cx(13, 14)", ".h(3)", ".cx(3, 6)", ".cx(0, 2)", ".cx(6, 8)", ".cx(1, 3)", ".cx(8, 9)", ".cx(4, 6)", ".cx(0, 4)", ".h(0)", ".cx(0, 2)", ".h(5)", ".cx(5, 7)", ".cx(5, 11)"]}, {"type": "non-degenerate", "A": [0, 0, 0, 1, 2, 1, 5, 13, 0, 0, 0, 0, 0, 0, 0], "B": [0, 0, 35, 283, 1454, 7078, 27421, 81911, 0, 0, 0, 0, 0, 0, 0], "gates": [".cx(1, 12)", ".cx(2, 11)", ".cx(3, 7)", ".cx(0, 13)", ".cx(4, 9)", ".h(8)", ".cx(8, 10)", ".cx(8, 9)", ".cx(5, 8)", ".cx(8, 12)", ".h(6)", ".cx(6, 7)", ".cx(7, 13)", ".h(0)", ".cx(0, 1)", ".cx(0, 2)", ".cx(6, 8)", ".cx(13, 14)", ".cx(2, 7)", ".h(2)", ".cx(2, 4)", ".cx(4, 6)", ".cx(2, 10)", ".cx(8, 11)", ".cx(1, 8)", ".h(5)", ".cx(5, 12)", ".cx(5, 13)", ".h(1)", ".cx(1, 4)", ".h(3)", ".cx(3, 13)", ".cx(3, 10)"]}, {"type": "non-degenerate", "A": [0, 0, 0, 0, 4, 2, 4, 15, 0, 0, 0, 0, 0, 0, 0], "B": [0, 0, 45, 255, 1414, 7058, 27151, 82335, 0, 0, 0, 0, 0, 0, 0], "gates": [".cx(3, 10)", ".cx(4, 7)", ".cx(2, 12)", ".cx(1, 13)", ".cx(5, 9)", ".h(6)", ".cx(6, 9)", ".cx(6, 7)", ".cx(0, 6)", ".cx(6, 13)", ".h(2)", ".cx(2, 3)", ".cx(2, 6)", ".cx(6, 10)", ".cx(6, 14)", ".h(0)", ".cx(0, 6)", ".cx(6, 12)", ".cx(12, 13)", ".cx(6, 11)", ".cx(3, 6)", ".cx(6, 8)", ".cx(1, 6)", ".cx(4, 6)", ".h(3)", ".cx(3, 5)", ".cx(5, 14)", ".h(1)", ".cx(1, 8)", ".cx(1, 11)", ".cx(1, 3)", ".cx(1, 7)", ".cx(2, 4)", ".cx(1, 4)"]}, {"type": "non-degenerate", "A": [0, 0, 1, 0, 0, 2, 8, 11, 0, 0, 0, 0, 0, 0, 0], "B": [0, 0, 37, 279, 1550, 7482, 28095, 82447, 0, 0, 0, 0, 0, 0, 0], "gates": [".cx(5, 14)", ".cx(1, 12)", ".cx(2, 7)", ".cx(3, 6)", ".cx(4, 11)", ".cx(0, 10)", ".cx(0, 13)", ".h(0)", ".cx(0, 11)", ".cx(0, 14)", ".cx(0, 6)", ".cx(0, 12)", ".h(0)", ".cx(0, 2)", ".cx(2, 5)", ".cx(0, 8)", ".cx(0, 9)", ".h(0)", ".cx(0, 4)", ".cx(4, 6)", ".cx(6, 7)", ".cx(4, 5)", ".cx(5, 10)", ".cx(1, 5)", ".h(1)", ".cx(1, 2)", ".cx(9, 12)", ".cx(1, 13)", ".cx(5, 11)", ".cx(2, 4)", ".h(6)", ".cx(6, 13)", ".h(3)", ".cx(3, 9)", ".cx(3, 10)"]}, {"type": "non-degenerate", "A": [0, 0, 0, 0, 2, 3, 3, 15, 0, 0, 0, 0, 0, 0, 0], "B": [0, 0, 38, 225, 1450, 7048, 27252, 82515, 0, 0, 0, 0, 0, 0, 0], "gates": [".cx(2, 12)", ".cx(0, 14)", ".cx(3, 8)", ".cx(4, 9)", ".h(6)", ".cx(6, 8)", ".cx(6, 7)", ".cx(5, 6)", ".cx(6, 9)", ".cx(1, 6)", ".cx(6, 11)", ".h(0)", ".cx(0, 6)", ".cx(6, 10)", ".cx(6, 13)", ".cx(2, 6)", ".h(2)", ".cx(2, 3)", ".cx(2, 14)", ".cx(3, 10)", ".cx(2, 11)", ".h(1)", ".cx(1, 2)", ".cx(2, 4)", ".cx(4, 8)", ".cx(8, 12)", ".cx(1, 13)", ".cx(0, 12)", ".cx(1, 9)", ".h(0)", ".cx(0, 4)", ".cx(0, 3)", ".h(2)", ".cx(2, 5)", ".cx(0, 5)"]}, {"type": "non-degenerate", "A": [0, 0, 0, 0, 1, 4, 6, 14, 0, 0, 0, 0, 0, 0, 0], "B": [0, 0, 38, 229, 1382, 7076, 27448, 82555, 0, 0, 0, 0, 0, 0, 0], "gates": [".cx(4, 13)", ".cx(3, 12)", ".cx(5, 9)", ".cx(0, 10)", ".cx(1, 14)", ".h(6)", ".cx(6, 7)", ".cx(6, 11)", ".cx(2, 6)", ".h(8)", ".cx(8, 10)", ".cx(8, 14)", ".cx(8, 9)", ".cx(6, 8)", ".cx(8, 13)", ".cx(8, 12)", ".cx(0, 8)", ".h(0)", ".cx(0, 4)", ".cx(0, 14)", ".cx(4, 7)", ".cx(1, 6)", ".h(1)", ".cx(1, 3)", ".cx(3, 8)", ".cx(1, 4)", ".cx(5, 6)", ".cx(3, 11)", ".h(2)", ".cx(2, 12)", ".cx(2, 3)", ".cx(4, 9)", ".cx(2, 5)", ".cx(0, 5)"]}, {"type": "non-degenerate", "A": [0, 0, 1, 1, 0, 3, 5, 10, 0, 0, 0, 0, 0, 0, 0], "B": [0, 0, 45, 299, 1626, 7526, 27931, 82007, 0, 0, 0, 0, 0, 0, 0], "gates": [".cx(2, 8)", ".cx(0, 11)", ".cx(5, 14)", ".cx(3, 9)", ".cx(4, 13)", ".cx(1, 10)", ".h(6)", ".cx(6, 13)", ".cx(6, 8)", ".cx(6, 14)", ".cx(6, 7)", ".h(1)", ".cx(1, 6)", ".cx(6, 9)", ".cx(0, 6)", ".h(0)", ".cx(0, 5)", ".cx(0, 3)", ".cx(5, 7)", ".cx(6, 12)", ".cx(3, 6)", ".cx(6, 10)", ".cx(10, 13)", ".cx(4, 6)", ".cx(2, 6)", ".h(4)", ".cx(4, 5)", ".cx(4, 8)", ".h(2)", ".cx(2, 3)", ".cx(2, 9)", ".cx(5, 6)", ".cx(7, 11)", ".cx(4, 11)"]}, {"type": "non-degenerate", "A": [0, 0, 0, 1, 1, 0, 6, 15, 0, 0, 0, 0, 0, 0, 0], "B": [0, 0, 33, 255, 1438, 7282, 27243, 81951, 0, 0, 0, 0, 0, 0, 0], "gates": [".cx(3, 7)", ".cx(2, 11)", ".cx(0, 12)", ".cx(4, 10)", ".cx(1, 9)", ".h(6)", ".cx(6, 9)", ".cx(6, 7)", ".cx(5, 6)", ".cx(6, 10)", ".h(2)", ".cx(2, 6)", ".cx(6, 13)", ".cx(6, 8)", ".h(0)", ".cx(0, 6)", ".cx(6, 11)", ".cx(2, 3)", ".cx(11, 14)", ".cx(3, 6)", ".cx(1, 6)", ".h(1)", ".cx(1, 7)", ".cx(7, 12)", ".cx(1, 4)", ".cx(12, 13)", ".cx(4, 11)", ".cx(0, 4)", ".cx(11, 12)", ".h(3)", ".cx(3, 10)", ".h(5)", ".cx(5, 9)", ".cx(5, 12)"]}, {"type": "non-degenerate", "A": [0, 0, 1, 0, 0, 2, 4, 17, 0, 0, 0, 0, 0, 0, 0], "B": [0, 0, 38, 257, 1594, 7528, 28004, 82195, 0, 0, 0, 0, 0, 0, 0], "gates": [".cx(5, 12)", ".cx(1, 14)", ".cx(3, 9)", ".cx(4, 7)", ".cx(0, 13)", ".h(6)", ".cx(6, 9)", ".cx(6, 12)", ".cx(2, 6)", ".cx(6, 7)", ".cx(9, 10)", ".h(0)", ".cx(0, 6)", ".cx(6, 11)", ".cx(6, 8)", ".h(1)", ".cx(1, 6)", ".cx(6, 13)", ".h(9)", ".cx(9, 14)", ".cx(9, 12)", ".h(2)", ".cx(2, 6)", ".cx(6, 10)", ".cx(4, 6)", ".cx(6, 9)", ".cx(5, 6)", ".cx(0, 5)", ".h(0)", ".cx(0, 3)", ".cx(9, 11)", ".cx(3, 5)", ".cx(2, 3)", ".h(1)", ".cx(1, 4)", ".cx(0, 1)"]}, {"type": "non-degenerate", "A": [0, 0, 0, 1, 1, 0, 6, 10, 0, 0, 0, 0, 0, 0, 0], "B": [0, 0, 29, 259, 1490, 7150, 27251, 82247, 0, 0, 0, 0, 0, 0, 0], "gates": [".cx(3, 9)", ".cx(0, 12)", ".cx(2, 11)", ".cx(1, 13)", ".cx(4, 10)", ".h(6)", ".cx(6, 11)", ".cx(6, 9)", ".cx(5, 6)", ".cx(6, 10)", ".cx(11, 14)", ".h(0)", ".cx(0, 13)", ".cx(0, 6)", ".cx(6, 7)", ".cx(6, 8)", ".h(0)", ".cx(0, 4)", ".cx(4, 6)", ".cx(6, 12)", ".cx(12, 14)", ".cx(1, 6)", ".h(1)", ".cx(1, 10)", ".cx(1, 2)", ".cx(3, 6)", ".cx(1, 7)", ".h(3)", ".cx(3, 11)", ".cx(3, 4)", ".cx(0, 1)", ".cx(2, 6)", ".h(5)", ".cx(5, 14)", ".cx(5, 13)"]}, {"type": "non-degenerate", "A": [0, 0, 0, 1, 0, 4, 7, 14, 0, 0, 0, 0, 0, 0, 0], "B": [0, 0, 41, 251, 1410, 7126, 27599, 82039, 0, 0, 0, 0, 0, 0, 0], "gates": [".cx(2, 12)", ".cx(0, 14)", ".cx(1, 8)", ".cx(5, 9)", ".cx(3, 11)", ".h(6)", ".cx(6, 10)", ".cx(6, 14)", ".cx(4, 6)", ".h(7)", ".cx(7, 11)", ".cx(7, 12)", ".cx(7, 9)", ".cx(6, 7)", ".cx(7, 8)", ".cx(7, 13)", ".cx(1, 6)", ".h(1)", ".cx(1, 3)", ".cx(1, 9)", ".cx(9, 14)", ".cx(0, 7)", ".h(0)", ".cx(0, 2)", ".cx(2, 7)", ".cx(0, 1)", ".cx(3, 6)", ".h(4)", ".cx(4, 12)", ".cx(4, 13)", ".h(5)", ".cx(5, 6)", ".cx(6, 12)", ".h(2)", ".cx(2, 13)"]}, {"type": "non-degenerate", "A": [0, 0, 0, 1, 1, 1, 7, 10, 0, 0, 0, 0, 0, 0, 0], "B": [0, 0, 34, 257, 1482, 7096, 27360, 82259, 0, 0, 0, 0, 0, 0, 0], "gates": [".cx(5, 8)", ".cx(0, 14)", ".cx(2, 7)", ".cx(3, 12)", ".cx(1, 10)", ".cx(4, 11)", ".h(6)", ".cx(6, 8)", ".cx(6, 11)", ".h(0)", ".cx(0, 2)", ".cx(0, 3)", ".cx(11, 13)", ".h(1)", ".cx(1, 6)", ".cx(6, 7)", ".cx(8, 9)", ".h(8)", ".cx(8, 14)", ".h(0)", ".cx(0, 10)", ".cx(10, 11)", ".cx(0, 2)", ".cx(2, 5)", ".cx(5, 12)", ".cx(6, 12)", ".cx(6, 8)", ".cx(3, 6)", ".cx(8, 9)", ".cx(1, 2)", ".cx(1, 3)", ".cx(8, 10)", ".h(4)", ".cx(4, 5)", ".cx(5, 11)"]}, {"type": "non-degenerate", "A": [0, 0, 0, 1, 1, 3, 4, 19, 0, 0, 0, 0, 0, 0, 0], "B": [0, 0, 42, 249, 1450, 7184, 27192, 82499, 0, 0, 0, 0, 0, 0, 0], "gates": [".cx(1, 6)", ".cx(0, 8)", ".cx(4, 13)", ".cx(2, 12)", ".cx(3, 11)", ".h(7)", ".cx(7, 12)", ".cx(7, 11)", ".cx(5, 7)", ".cx(7, 10)", ".h(0)", ".cx(0, 1)", ".cx(1, 3)", ".cx(0, 7)", ".cx(7, 13)", ".h(0)", ".cx(0, 4)", ".cx(7, 9)", ".h(2)", ".cx(2, 7)", ".cx(7, 8)", ".cx(8, 11)", ".cx(4, 7)", ".cx(3, 4)", ".cx(12, 14)", ".h(6)", ".cx(6, 10)", ".cx(6, 13)", ".h(3)", ".cx(3, 14)", ".h(5)", ".cx(5, 14)", ".cx(5, 13)"]}, {"type": "non-degenerate", "A": [0, 0, 0, 0, 0, 6, 9, 6, 0, 0, 0, 0, 0, 0, 0], "B": [0, 0, 41, 215, 1390, 7018, 27411, 83151, 0, 0, 0, 0, 0, 0, 0], "gates": [".cx(4, 10)", ".cx(3, 9)", ".cx(1, 14)", ".cx(5, 12)", ".cx(2, 8)", ".h(7)", ".cx(7, 9)", ".cx(7, 8)", ".cx(0, 7)", ".cx(7, 12)", ".h(6)", ".cx(6, 10)", ".cx(6, 7)", ".cx(7, 14)", ".h(1)", ".cx(1, 2)", ".cx(1, 4)", ".h(1)", ".cx(1, 5)", ".cx(6, 13)", ".cx(2, 6)", ".cx(1, 9)", ".cx(5, 7)", ".cx(7, 11)", ".cx(4, 7)", ".cx(3, 4)", ".h(4)", ".cx(4, 8)", ".cx(5, 13)", ".cx(4, 5)", ".h(0)", ".cx(0, 2)", ".cx(0, 11)", ".cx(1, 3)", ".cx(0, 1)"]}, {"type": "non-degenerate", "A": [0, 0, 0, 0, 0, 2, 12, 11, 0, 0, 0, 0, 0, 0, 0], "B": [0, 0, 31, 227, 1358, 7070, 27673, 82759, 0, 0, 0, 0, 0, 0, 0], "gates": [".cx(1, 8)", ".cx(5, 11)", ".cx(3, 6)", ".cx(2, 10)", ".cx(4, 13)", ".cx(0, 12)", ".cx(0, 9)", ".h(0)", ".cx(0, 2)", ".cx(0, 13)", ".cx(0, 8)", ".cx(0, 7)", ".h(0)", ".cx(0, 6)", ".cx(0, 5)", ".cx(0, 2)", ".cx(2, 3)", ".cx(0, 14)", ".h(0)", ".cx(0, 4)", ".cx(4, 9)", ".cx(0, 5)", ".cx(5, 12)", ".cx(4, 8)", ".cx(3, 4)", ".cx(1, 2)", ".h(1)", ".cx(1, 7)", ".cx(1, 9)", ".cx(7, 11)", ".cx(1, 2)", ".cx(1, 14)", ".cx(4, 11)", ".cx(2, 5)", ".cx(9, 10)", ".h(10)", ".cx(10, 11)"]}, {"type": "non-degenerate", "A": [0, 0, 0, 1, 0, 4, 3, 19, 0, 0, 0, 0, 0, 0, 0], "B": [0, 0, 37, 251, 1426, 7206, 27275, 82487, 0, 0, 0, 0, 0, 0, 0], "gates": [".cx(1, 11)", ".cx(5, 10)", ".cx(3, 8)", ".cx(0, 9)", ".cx(4, 12)", ".cx(2, 6)", ".h(7)", ".cx(7, 8)", ".cx(7, 11)", ".cx(11, 12)", ".h(2)", ".cx(2, 7)", ".cx(7, 9)", ".cx(9, 14)", ".h(0)", ".cx(0, 5)", ".cx(0, 4)", ".cx(5, 13)", ".cx(8, 13)", ".cx(4, 7)", ".h(0)", ".cx(0, 6)", ".cx(6, 11)", ".cx(7, 10)", ".cx(5, 6)", ".cx(0, 3)", ".cx(3, 10)", ".cx(2, 3)", ".cx(2, 5)", ".h(8)", ".cx(8, 14)", ".h(1)", ".cx(1, 14)", ".cx(1, 13)"]}, {"type": "non-degenerate", "A": [0, 0, 1, 0, 1, 4, 5, 11, 0, 0, 0, 0, 0, 0, 0], "B": [0, 0, 46, 285, 1558, 7452, 27936, 82411, 0, 0, 0, 0, 0, 0, 0], "gates": [".cx(3, 12)", ".cx(4, 13)", ".cx(5, 9)", ".cx(0, 7)", ".cx(2, 11)", ".h(8)", ".cx(8, 9)", ".cx(8, 11)", ".cx(1, 8)", ".cx(8, 13)", ".h(6)", ".cx(6, 7)", ".cx(6, 8)", ".cx(8, 12)", ".h(1)", ".cx(1, 4)", ".cx(1, 3)", ".cx(8, 10)", ".h(0)", ".cx(0, 4)", ".cx(4, 11)", ".cx(0, 8)", ".cx(8, 14)", ".cx(2, 8)", ".cx(7, 8)", ".cx(5, 7)", ".cx(3, 9)", ".h(5)", ".cx(5, 6)", ".cx(5, 12)", ".h(2)", ".cx(2, 3)", ".cx(2, 13)"]}, {"type": "non-degenerate", "A": [0, 0, 0, 0, 1, 4, 6, 15, 0, 0, 0, 0, 0, 0, 0], "B": [0, 0, 35, 239, 1394, 7010, 27369, 83199, 0, 0, 0, 0, 0, 0, 0], "gates": [".cx(4, 9)", ".cx(0, 11)", ".cx(5, 12)", ".cx(2, 14)", ".cx(3, 8)", ".cx(1, 10)", ".h(7)", ".cx(7, 9)", ".cx(7, 11)", ".cx(7, 10)", ".h(6)", ".cx(6, 8)", ".cx(6, 7)", ".cx(7, 14)", ".cx(7, 12)", ".h(0)", ".cx(0, 7)", ".cx(7, 13)", ".cx(2, 7)", ".h(2)", ".cx(2, 3)", ".cx(2, 11)", ".cx(3, 4)", ".cx(5, 7)", ".cx(1, 7)", ".cx(4, 7)", ".cx(11, 12)", ".cx(0, 3)", ".h(1)", ".cx(1, 2)", ".cx(1, 10)", ".cx(0, 8)", ".h(5)", ".cx(5, 10)", ".cx(5, 8)"]}, {"type": "non-degenerate", "A": [0, 0, 0, 0, 1, 5, 3, 11, 0, 0, 0, 0, 0, 0, 0], "B": [0, 0, 35, 231, 1434, 6986, 27361, 82735, 0, 0, 0, 0, 0, 0, 0], "gates": [".cx(2, 10)", ".cx(0, 9)", ".cx(3, 7)", ".cx(5, 12)", ".cx(1, 14)", ".h(6)", ".cx(6, 10)", ".cx(6, 14)", ".cx(4, 6)", ".cx(6, 7)", ".h(8)", ".cx(8, 12)", ".cx(8, 9)", ".h(0)", ".cx(0, 6)", ".cx(6, 13)", ".cx(6, 8)", ".cx(8, 11)", ".cx(1, 8)", ".h(1)", ".cx(1, 5)", ".cx(1, 7)", ".cx(7, 11)", ".cx(9, 14)", ".cx(2, 6)", ".cx(5, 6)", ".h(2)", ".cx(2, 9)", ".cx(2, 3)", ".cx(3, 5)", ".cx(0, 3)", ".h(4)", ".cx(4, 11)", ".cx(4, 7)"]}, {"type": "non-degenerate", "A": [0, 0, 0, 1, 0, 2, 7, 7, 0, 0, 0, 0, 0, 0, 0], "B": [0, 0, 32, 241, 1502, 7096, 27306, 82547, 0, 0, 0, 0, 0, 0, 0], "gates": [".cx(3, 9)", ".cx(0, 13)", ".cx(1, 11)", ".cx(2, 10)", ".cx(4, 7)", ".h(6)", ".cx(6, 10)", ".cx(6, 8)", ".cx(5, 6)", ".cx(6, 9)", ".h(7)", ".cx(7, 14)", ".cx(7, 9)", ".cx(9, 11)", ".cx(0, 7)", ".h(0)", ".cx(0, 2)", ".cx(0, 4)", ".cx(4, 6)", ".cx(6, 12)", ".cx(2, 11)", ".cx(9, 13)", ".cx(1, 6)", ".h(1)", ".cx(1, 2)", ".cx(2, 7)", ".h(5)", ".cx(5, 9)", ".cx(9, 12)", ".cx(1, 8)", ".h(4)", ".cx(4, 6)", ".h(3)", ".cx(3, 4)", ".cx(3, 13)"]}, {"type": "non-degenerate", "A": [0, 0, 0, 0, 2, 3, 4, 15, 0, 0, 0, 0, 0, 0, 0], "B": [0, 0, 38, 233, 1426, 7040, 27340, 82467, 0, 0, 0, 0, 0, 0, 0], "gates": [".cx(2, 14)", ".cx(5, 6)", ".cx(3, 10)", ".cx(1, 7)", ".cx(0, 11)", ".h(8)", ".cx(8, 9)", ".cx(8, 10)", ".cx(4, 8)", ".cx(8, 14)", ".h(6)", ".cx(6, 7)", ".cx(6, 8)", ".cx(8, 11)", ".cx(11, 13)", ".h(2)", ".cx(2, 3)", ".cx(2, 5)", ".h(0)", ".cx(0, 2)", ".cx(2, 13)", ".cx(8, 12)", ".cx(5, 8)", ".cx(0, 9)", ".cx(1, 5)", ".cx(3, 7)", ".h(1)", ".cx(1, 3)", ".cx(3, 11)", ".cx(1, 14)", ".h(4)", ".cx(4, 5)", ".cx(5, 13)"]}, {"type": "non-degenerate", "A": [0, 0, 0, 0, 1, 4, 7, 13, 0, 0, 0, 0, 0, 0, 0], "B": [0, 0, 39, 235, 1334, 7190, 27321, 82583, 0, 0, 0, 0, 0, 0, 0], "gates": [".cx(2, 9)", ".cx(5, 13)", ".cx(4, 14)", ".cx(0, 12)", ".cx(1, 11)", ".cx(3, 10)", ".h(6)", ".cx(6, 9)", ".cx(6, 12)", ".cx(12, 13)", ".h(7)", ".cx(7, 10)", ".cx(7, 11)", ".cx(11, 14)", ".h(0)", ".cx(0, 4)", ".cx(0, 5)", ".cx(10, 12)", ".cx(4, 7)", ".h(1)", ".cx(1, 6)", ".cx(6, 8)", ".cx(5, 6)", ".cx(6, 14)", ".cx(1, 4)", ".cx(2, 5)", ".h(2)", ".cx(2, 11)", ".cx(2, 5)", ".cx(7, 9)", ".h(3)", ".cx(3, 14)", ".cx(3, 9)"]}, {"type": "non-degenerate", "A": [0, 0, 0, 1, 0, 3, 8, 12, 0, 0, 0, 0, 0, 0, 0], "B": [0, 0, 37, 263, 1366, 7258, 27431, 82095, 0, 0, 0, 0, 0, 0, 0], "gates": [".cx(3, 8)", ".cx(4, 10)", ".cx(2, 13)", ".cx(1, 11)", ".cx(0, 9)", ".cx(5, 14)", ".h(7)", ".cx(7, 8)", ".cx(7, 10)", ".h(6)", ".cx(6, 9)", ".cx(9, 13)", ".cx(6, 7)", ".cx(7, 14)", ".cx(7, 11)", ".h(0)", ".cx(0, 4)", ".cx(4, 5)", ".cx(0, 7)", ".cx(7, 12)", ".cx(2, 7)", ".h(2)", ".cx(2, 4)", ".cx(2, 8)", ".cx(8, 13)", ".cx(5, 9)", ".cx(1, 9)", ".h(1)", ".cx(1, 5)", ".cx(1, 12)", ".cx(4, 11)", ".h(3)", ".cx(3, 12)", ".cx(3, 10)"]}, {"type": "non-degenerate", "A": [0, 0, 0, 3, 0, 4, 4, 10, 0, 0, 0, 0, 0, 0, 0], "B": [0, 0, 52, 297, 1558, 7216, 27318, 81251, 0, 0, 0, 0, 0, 0, 0], "gates": [".cx(3, 9)", ".cx(4, 11)", ".cx(5, 7)", ".h(7)", ".cx(7, 11)", ".cx(7, 9)", ".cx(0, 7)", ".cx(7, 12)", ".cx(1, 7)", ".cx(7, 8)", ".cx(2, 7)", ".h(2)", ".cx(2, 4)", ".cx(2, 5)", ".cx(5, 6)", ".h(0)", ".cx(0, 1)", ".cx(0, 14)", ".cx(7, 10)", ".cx(2, 3)", ".cx(7, 13)", ".cx(4, 12)", ".cx(1, 5)", ".cx(5, 9)", ".h(6)", ".cx(6, 13)", ".h(1)", ".cx(1, 8)", ".cx(1, 2)", ".cx(1, 7)", ".cx(3, 7)", ".h(0)", ".cx(0, 3)", ".cx(0, 10)"]}, {"type": "degenerate", "A": [0, 1, 0, 0, 3, 2, 8, 12, 0, 0, 0, 0, 0, 0, 0], "B": [0, 1, 56, 341, 1768, 8373, 30464, 86691, 0, 0, 0, 0, 0, 0, 0], "gates": [".cx(0, 8)", ".cx(5, 8)", ".cx(4, 12)", ".cx(2, 12)", ".cx(3, 14)", ".cx(1, 7)", ".h(9)", ".cx(9, 12)", ".cx(9, 14)", ".h(1)", ".cx(1, 3)", ".cx(3, 8)", ".h(0)", ".cx(0, 2)", ".cx(0, 7)", ".cx(1, 4)", ".cx(1, 5)", ".cx(7, 10)", ".cx(9, 13)", ".cx(9, 11)", ".cx(1, 6)", ".cx(8, 9)", ".h(1)", ".cx(1, 5)", ".cx(5, 11)", ".cx(0, 3)", ".cx(1, 2)", ".cx(2, 8)", ".cx(0, 13)", ".cx(8, 14)", ".h(0)", ".cx(0, 6)", ".cx(4, 14)"]}, {"type": "degenerate", "A": [0, 1, 0, 2, 1, 1, 6, 13, 0, 0, 0, 0, 0, 0, 0], "B": [0, 1, 53, 387, 1848, 8639, 30173, 86351, 0, 0, 0, 0, 0, 0, 0], "gates": [".cx(3, 6)", ".cx(0, 8)", ".h(6)", ".cx(6, 13)", ".cx(2, 6)", ".cx(6, 9)", ".cx(4, 6)", ".cx(5, 6)", ".cx(6, 12)", ".cx(1, 6)", ".cx(6, 11)", ".cx(0, 6)", ".h(0)", ".cx(0, 3)", ".cx(3, 5)", ".cx(0, 1)", ".cx(5, 8)", ".cx(0, 2)", ".cx(6, 14)", ".cx(0, 4)", ".cx(2, 6)", ".cx(6, 10)", ".cx(6, 7)", ".h(5)", ".cx(5, 14)", ".h(8)", ".cx(8, 12)", ".h(1)", ".cx(1, 2)", ".h(4)", ".cx(4, 11)", ".cx(3, 5)", ".cx(1, 6)", ".cx(5, 13)", ".h(3)", ".cx(3, 6)"]}, {"type": "non-degenerate", "A": [0, 0, 1, 2, 3, 1, 1, 9, 0, 0, 0, 0, 0, 0, 0], "B": [0, 0, 57, 347, 1738, 7558, 27463, 81399, 0, 0, 0, 0, 0, 0, 0], "gates": [".cx(2, 6)", ".h(7)", ".cx(7, 8)", ".cx(7, 10)", ".cx(5, 7)", ".cx(0, 7)", ".cx(7, 14)", ".cx(1, 7)", ".cx(3, 7)", ".cx(7, 12)", ".cx(4, 7)", ".cx(7, 11)", ".cx(2, 7)", ".h(2)", ".cx(2, 4)", ".cx(4, 5)", ".cx(2, 3)", ".cx(3, 9)", ".cx(2, 6)", ".h(0)", ".cx(0, 7)", ".cx(7, 13)", ".h(1)", ".cx(1, 2)", ".cx(2, 10)", ".cx(5, 11)", ".cx(0, 3)", ".cx(7, 9)", ".cx(1, 8)", ".h(6)", ".cx(6, 12)", ".h(5)", ".cx(5, 13)"]}, {"type": "degenerate", "A": [0, 1, 1, 0, 2, 0, 6, 13, 0, 0, 0, 0, 0, 0, 0], "B": [0, 1, 56, 361, 2020, 8769, 30980, 86507, 0, 0, 0, 0, 0, 0, 0], "gates": [".cx(0, 10)", ".cx(5, 8)", ".cx(4, 6)", ".h(0)", ".cx(0, 13)", ".cx(0, 1)", ".cx(1, 9)", ".cx(0, 2)", ".cx(2, 8)", ".cx(0, 3)", ".cx(3, 12)", ".cx(2, 6)", ".cx(0, 11)", ".h(0)", ".cx(0, 4)", ".cx(4, 10)", ".cx(10, 14)", ".cx(0, 7)", ".h(0)", ".cx(0, 5)", ".cx(5, 12)", ".cx(4, 8)", ".cx(0, 3)", ".cx(3, 4)", ".cx(4, 11)", ".h(2)", ".cx(2, 7)", ".cx(2, 9)", ".cx(2, 12)", ".cx(1, 7)", ".h(0)", ".cx(0, 13)", ".cx(0, 8)", ".h(6)", ".cx(6, 11)"]}, {"type": "non-degenerate", "A": [0, 0, 1, 2, 0, 0, 6, 14, 0, 0, 0, 0, 0, 0, 0], "B": [0, 0, 50, 309, 1646, 7828, 27676, 81307, 0, 0, 0, 0, 0, 0, 0], "gates": [".cx(4, 8)", ".cx(5, 8)", ".cx(0, 7)", ".cx(2, 10)", ".h(0)", ".cx(0, 5)", ".cx(0, 3)", ".cx(3, 10)", ".cx(0, 1)", ".cx(1, 13)", ".cx(3, 8)", ".cx(0, 14)", ".h(0)", ".cx(0, 4)", ".cx(4, 7)", ".cx(0, 2)", ".cx(7, 12)", ".cx(4, 9)", ".cx(0, 11)", ".h(0)", ".cx(0, 6)", ".cx(0, 1)", ".cx(1, 2)", ".cx(1, 8)", ".cx(0, 11)", ".cx(8, 13)", ".h(3)", ".cx(3, 4)", ".h(0)", ".cx(0, 9)", ".cx(0, 14)", ".cx(4, 13)", ".cx(4, 6)", ".cx(1, 14)", ".cx(0, 10)", ".cx(10, 12)"]}, {"type": "degenerate", "A": [0, 1, 0, 0, 1, 2, 4, 18, 0, 0, 0, 0, 0, 0, 0], "B": [0, 1, 47, 295, 1832, 8443, 30487, 86583, 0, 0, 0, 0, 0, 0, 0], "gates": [".cx(3, 7)", ".cx(4, 13)", ".cx(2, 6)", ".h(6)", ".cx(6, 7)", ".cx(1, 6)", ".cx(6, 13)", ".cx(5, 6)", ".cx(6, 8)", ".cx(0, 6)", ".h(0)", ".cx(0, 3)", ".cx(0, 2)", ".cx(2, 5)", ".cx(6, 14)", ".cx(3, 9)", ".cx(5, 10)", ".cx(6, 12)", ".cx(0, 4)", ".cx(0, 6)", ".cx(6, 11)", ".h(0)", ".cx(0, 1)", ".cx(0, 2)", ".cx(1, 12)", ".h(9)", ".cx(9, 14)", ".cx(0, 3)", ".cx(3, 8)", ".cx(9, 10)", ".h(0)", ".cx(0, 5)", ".cx(0, 3)", ".cx(10, 13)", ".cx(8, 9)", ".cx(4, 10)"]}, {"type": "degenerate", "A": [0, 1, 0, 0, 1, 4, 5, 18, 0, 0, 0, 0, 0, 0, 0], "B": [0, 1, 56, 297, 1772, 8497, 30476, 86571, 0, 0, 0, 0, 0, 0, 0], "gates": [".cx(0, 6)", ".cx(1, 8)", ".cx(3, 10)", ".cx(2, 14)", ".cx(5, 13)", ".h(1)", ".cx(1, 7)", ".cx(1, 4)", ".cx(4, 14)", ".cx(4, 10)", ".cx(1, 6)", ".cx(1, 11)", ".h(1)", ".cx(1, 2)", ".cx(2, 8)", ".cx(8, 13)", ".cx(1, 3)", ".cx(1, 9)", ".h(1)", ".cx(1, 5)", ".cx(5, 12)", ".h(0)", ".cx(0, 1)", ".cx(1, 10)", ".cx(5, 14)", ".cx(12, 13)", ".cx(1, 9)", ".cx(3, 7)", ".cx(0, 3)", ".cx(9, 11)", ".h(0)", ".cx(0, 4)", ".cx(0, 2)"]}, {"type": "non-degenerate", "A": [0, 0, 0, 2, 3, 1, 6, 13, 0, 0, 0, 0, 0, 0, 0], "B": [0, 0, 56, 289, 1502, 7240, 27074, 81491, 0, 0, 0, 0, 0, 0, 0], "gates": [".cx(2, 12)", ".cx(0, 9)", ".cx(5, 14)", ".cx(1, 6)", ".h(2)", ".cx(2, 14)", ".cx(2, 4)", ".cx(4, 9)", ".cx(2, 3)", ".cx(3, 11)", ".h(0)", ".cx(0, 1)", ".cx(0, 12)", ".cx(1, 5)", ".cx(4, 13)", ".cx(2, 7)", ".cx(2, 10)", ".h(2)", ".cx(2, 8)", ".cx(2, 6)", ".cx(12, 14)", ".cx(2, 9)", ".cx(9, 11)", ".cx(5, 11)", ".cx(11, 13)", ".h(1)", ".cx(1, 10)", ".cx(1, 12)", ".cx(0, 7)", ".cx(1, 8)", ".h(2)", ".cx(2, 4)", ".cx(8, 14)", ".cx(4, 5)"]}, {"type": "non-degenerate", "A": [0, 0, 0, 2, 4, 1, 3, 14, 0, 0, 0, 0, 0, 0, 0], "B": [0, 0, 58, 293, 1550, 7172, 26980, 81403, 0, 0, 0, 0, 0, 0, 0], "gates": [".cx(5, 11)", ".cx(1, 6)", ".cx(2, 12)", ".cx(4, 13)", ".h(6)", ".cx(6, 12)", ".cx(6, 11)", ".cx(3, 6)", ".cx(6, 9)", ".cx(0, 6)", ".h(0)", ".cx(0, 2)", ".cx(0, 1)", ".cx(1, 13)", ".cx(6, 14)", ".cx(0, 4)", ".cx(4, 5)", ".cx(6, 10)", ".h(0)", ".cx(0, 7)", ".cx(0, 8)", ".cx(0, 3)", ".cx(5, 14)", ".cx(0, 1)", ".cx(1, 10)", ".cx(3, 6)", ".h(0)", ".cx(0, 2)", ".cx(2, 11)", ".cx(0, 7)", ".cx(7, 13)", ".h(8)", ".cx(8, 9)", ".h(5)", ".cx(5, 11)"]}, {"type": "degenerate", "A": [0, 3, 3, 0, 1, 0, 2, 14, 0, 0, 0, 0, 0, 0, 0], "B": [0, 3, 103, 599, 3140, 12461, 37923, 94375, 0, 0, 0, 0, 0, 0, 0], "gates": [".cx(3, 9)", ".cx(4, 9)", ".cx(2, 12)", ".cx(5, 6)", ".cx(0, 9)", ".h(6)", ".cx(6, 9)", ".cx(6, 14)", ".cx(1, 6)", ".h(1)", ".cx(1, 2)", ".cx(1, 4)", ".cx(4, 5)", ".cx(6, 12)", ".cx(2, 3)", ".cx(9, 11)", ".cx(5, 6)", ".cx(6, 8)", ".cx(6, 7)", ".cx(6, 10)", ".cx(6, 13)", ".h(0)", ".cx(0, 6)", ".h(0)", ".cx(0, 2)", ".cx(2, 14)", ".cx(0, 3)", ".h(5)", ".cx(5, 11)", ".cx(6, 11)", ".cx(1, 6)", ".h(1)", ".cx(1, 6)", ".cx(1, 12)", ".cx(1, 7)", ".cx(1, 3)"]}, {"type": "degenerate", "A": [0, 1, 0, 1, 0, 1, 9, 16, 0, 0, 0, 0, 0, 0, 0], "B": [0, 1, 53, 311, 1828, 8587, 30545, 86231, 0, 0, 0, 0, 0, 0, 0], "gates": [".cx(1, 6)", ".cx(0, 1)", ".cx(5, 8)", ".cx(1, 14)", ".h(1)", ".cx(1, 5)", ".cx(1, 2)", ".cx(2, 13)", ".cx(1, 3)", ".cx(3, 11)", ".cx(1, 4)", ".cx(4, 10)", ".cx(1, 6)", ".cx(1, 7)", ".h(1)", ".cx(1, 8)", ".cx(1, 14)", ".cx(8, 12)", ".cx(1, 9)", ".cx(1, 2)", ".h(0)", ".cx(0, 1)", ".cx(1, 10)", ".cx(1, 11)", ".h(1)", ".cx(1, 4)", ".cx(4, 14)", ".cx(11, 13)", ".cx(4, 6)", ".cx(6, 9)", ".cx(1, 5)", ".cx(6, 11)", ".cx(2, 5)", ".h(0)", ".cx(0, 5)", ".cx(0, 1)", ".cx(0, 7)"]}, {"type": "degenerate", "A": [0, 2, 2, 1, 2, 0, 5, 9, 0, 0, 0, 0, 0, 0, 0], "B": [0, 2, 90, 509, 2634, 10654, 34280, 90171, 0, 0, 0, 0, 0, 0, 0], "gates": [".cx(3, 6)", ".cx(2, 6)", ".h(6)", ".cx(6, 12)", ".cx(6, 10)", ".cx(4, 6)", ".cx(5, 6)", ".cx(6, 8)", ".cx(0, 6)", ".cx(6, 13)", ".cx(1, 6)", ".h(1)", ".cx(1, 5)", ".cx(1, 3)", ".cx(3, 4)", ".cx(1, 2)", ".cx(6, 9)", ".cx(2, 14)", ".h(0)", ".cx(0, 7)", ".cx(0, 11)", ".cx(5, 9)", ".cx(0, 1)", ".cx(6, 14)", ".cx(1, 6)", ".h(1)", ".cx(1, 3)", ".cx(1, 2)", ".cx(3, 13)", ".cx(0, 8)", ".cx(0, 2)", ".cx(3, 14)", ".h(0)", ".cx(0, 5)"]}, {"type": "non-degenerate", "A": [0, 0, 0, 2, 1, 1, 5, 18, 0, 0, 0, 0, 0, 0, 0], "B": [0, 0, 45, 271, 1502, 7314, 27047, 82047, 0, 0, 0, 0, 0, 0, 0], "gates": [".cx(1, 6)", ".h(6)", ".cx(6, 7)", ".cx(3, 6)", ".cx(6, 11)", ".cx(4, 6)", ".cx(6, 9)", ".cx(5, 6)", ".cx(0, 6)", ".cx(6, 10)", ".cx(2, 6)", ".h(2)", ".cx(2, 4)", ".cx(2, 5)", ".h(0)", ".cx(0, 1)", ".cx(0, 14)", ".cx(2, 12)", ".cx(6, 13)", ".cx(2, 3)", ".cx(1, 6)", ".cx(6, 8)", ".cx(5, 7)", ".cx(4, 6)", ".h(6)", ".cx(6, 12)", ".cx(12, 13)", ".cx(0, 2)", ".cx(6, 9)", ".h(0)", ".cx(0, 4)", ".cx(4, 11)", ".cx(12, 14)", ".cx(10, 14)", ".cx(3, 14)", ".h(2)", ".cx(2, 3)"]}, {"type": "non-degenerate", "A": [0, 0, 0, 1, 3, 2, 4, 13, 0, 0, 0, 0, 0, 0, 0], "B": [0, 0, 49, 255, 1518, 7058, 27147, 82079, 0, 0, 0, 0, 0, 0, 0], "gates": [".h(6)", ".cx(6, 11)", ".cx(3, 6)", ".cx(6, 7)", ".cx(4, 6)", ".cx(1, 6)", ".cx(6, 10)", ".cx(5, 6)", ".cx(0, 6)", ".cx(6, 8)", ".cx(2, 6)", ".h(2)", ".cx(2, 4)", ".cx(2, 5)", ".h(0)", ".cx(0, 3)", ".cx(0, 1)", ".cx(5, 13)", ".cx(6, 9)", ".cx(2, 12)", ".cx(0, 14)", ".cx(1, 2)", ".cx(2, 11)", ".cx(8, 12)", ".h(0)", ".cx(0, 7)", ".cx(6, 14)", ".h(6)", ".cx(6, 10)", ".cx(6, 13)", ".cx(3, 13)", ".cx(0, 3)", ".cx(12, 13)", ".cx(3, 4)", ".cx(3, 9)"]}, {"type": "degenerate", "A": [0, 1, 0, 2, 1, 4, 5, 12, 0, 0, 0, 0, 0, 0, 0], "B": [0, 1, 70, 345, 1896, 8577, 30254, 85899, 0, 0, 0, 0, 0, 0, 0], "gates": [".cx(1, 8)", ".cx(0, 1)", ".cx(2, 9)", ".cx(5, 6)", ".h(1)", ".cx(1, 2)", ".cx(1, 3)", ".cx(3, 6)", ".cx(1, 4)", ".cx(4, 11)", ".cx(1, 14)", ".h(1)", ".cx(1, 5)", ".cx(1, 8)", ".cx(8, 13)", ".cx(5, 9)", ".cx(1, 12)", ".h(0)", ".cx(0, 1)", ".cx(1, 10)", ".h(7)", ".cx(7, 11)", ".cx(7, 12)", ".h(0)", ".cx(0, 5)", ".cx(1, 3)", ".cx(11, 13)", ".cx(0, 2)", ".cx(2, 8)", ".cx(3, 4)", ".h(4)", ".cx(4, 6)", ".cx(4, 9)"]}, {"type": "degenerate", "A": [0, 3, 0, 0, 4, 0, 6, 18, 0, 0, 0, 0, 0, 0, 0], "B": [0, 3, 90, 473, 2636, 11171, 36078, 95643, 0, 0, 0, 0, 0, 0, 0], "gates": [".cx(5, 6)", ".cx(1, 10)", ".h(6)", ".cx(6, 7)", ".cx(4, 6)", ".cx(6, 8)", ".cx(3, 6)", ".cx(2, 6)", ".cx(6, 12)", ".cx(0, 6)", ".cx(6, 11)", ".cx(1, 6)", ".h(1)", ".cx(1, 3)", ".cx(3, 5)", ".cx(1, 4)", ".cx(1, 10)", ".cx(1, 2)", ".cx(5, 6)", ".cx(6, 9)", ".cx(6, 13)", ".cx(6, 14)", ".h(0)", ".cx(0, 1)", ".cx(0, 3)", ".cx(0, 7)", ".cx(1, 6)", ".cx(4, 6)", ".h(1)", ".cx(1, 2)", ".cx(1, 8)", ".cx(8, 10)", ".h(4)", ".cx(4, 11)"]}, {"type": "degenerate", "A": [0, 3, 0, 3, 0, 2, 0, 17, 0, 0, 0, 0, 0, 0, 0], "B": [0, 3, 87, 531, 2808, 11281, 36319, 94207, 0, 0, 0, 0, 0, 0, 0], "gates": [".cx(1, 6)", ".h(6)", ".cx(6, 8)", ".cx(2, 6)", ".cx(6, 9)", ".cx(4, 6)", ".cx(5, 6)", ".cx(6, 14)", ".cx(3, 6)", ".cx(6, 13)", ".cx(0, 6)", ".h(0)", ".cx(0, 2)", ".cx(0, 1)", ".cx(1, 5)", ".cx(6, 12)", ".cx(1, 3)", ".h(4)", ".cx(4, 6)", ".cx(6, 10)", ".cx(6, 11)", ".cx(6, 7)", ".cx(0, 14)", ".cx(1, 6)", ".h(1)", ".cx(1, 2)", ".cx(2, 13)", ".cx(1, 9)", ".cx(1, 3)", ".cx(3, 4)", ".h(0)", ".cx(0, 3)", ".cx(0, 12)"]}, {"type": "degenerate", "A": [0, 1, 0, 2, 0, 8, 2, 13, 0, 0, 0, 0, 0, 0, 0], "B": [0, 1, 68, 369, 1844, 8505, 30304, 86459, 0, 0, 0, 0, 0, 0, 0], "gates": [".cx(0, 6)", ".cx(5, 12)", ".cx(3, 9)", ".cx(2, 10)", ".h(0)", ".cx(0, 3)", ".cx(0, 4)", ".cx(4, 12)", ".cx(0, 1)", ".cx(1, 11)", ".cx(4, 10)", ".cx(0, 7)", ".h(0)", ".cx(0, 2)", ".cx(2, 9)", ".cx(0, 8)", ".cx(0, 14)", ".h(0)", ".cx(0, 6)", ".cx(0, 5)", ".cx(5, 13)", ".cx(6, 9)", ".cx(9, 12)", ".cx(0, 11)", ".cx(8, 10)", ".h(0)", ".cx(0, 2)", ".cx(0, 1)", ".cx(1, 5)", ".cx(5, 7)", ".cx(2, 13)", ".cx(2, 3)"]}, {"type": "non-degenerate", "A": [0, 0, 2, 1, 1, 2, 4, 15, 0, 0, 0, 0, 0, 0, 0], "B": [0, 0, 64, 337, 1790, 8024, 28330, 81459, 0, 0, 0, 0, 0, 0, 0], "gates": [".h(6)", ".cx(6, 7)", ".cx(2, 6)", ".cx(6, 8)", ".cx(4, 6)", ".cx(1, 6)", ".cx(6, 9)", ".cx(5, 6)", ".cx(6, 11)", ".cx(0, 6)", ".h(0)", ".cx(0, 2)", ".cx(0, 3)", ".cx(3, 5)", ".cx(0, 4)", ".cx(6, 14)", ".h(1)", ".cx(1, 6)", ".cx(6, 12)", ".cx(6, 13)", ".cx(6, 10)", ".cx(5, 14)", ".cx(0, 6)", ".h(0)", ".cx(0, 9)", ".cx(0, 2)", ".cx(2, 11)", ".cx(1, 3)", ".cx(1, 2)", ".cx(0, 4)", ".cx(4, 12)", ".cx(0, 10)", ".h(5)", ".cx(5, 7)"]}, {"type": "degenerate", "A": [0, 3, 0, 0, 3, 1, 4, 18, 0, 0, 0, 0, 0, 0, 0], "B": [0, 3, 86, 469, 2608, 11223, 36310, 94899, 0, 0, 0, 0, 0, 0, 0], "gates": [".cx(0, 6)", ".cx(5, 13)", ".cx(4, 9)", ".h(0)", ".cx(0, 5)", ".cx(0, 3)", ".cx(3, 9)", ".cx(0, 2)", ".cx(2, 10)", ".cx(0, 1)", ".cx(1, 8)", ".cx(0, 11)", ".h(0)", ".cx(0, 4)", ".cx(4, 6)", ".cx(0, 13)", ".cx(0, 14)", ".cx(0, 12)", ".cx(0, 7)", ".cx(6, 10)", ".h(0)", ".cx(0, 3)", ".cx(3, 6)", ".cx(6, 11)", ".cx(1, 4)", ".cx(0, 2)", ".cx(2, 13)", ".cx(7, 9)", ".h(1)", ".cx(1, 2)", ".cx(2, 9)", ".cx(2, 5)", ".cx(5, 6)", ".h(8)", ".cx(8, 10)"]}, {"type": "degenerate", "A": [0, 1, 0, 0, 3, 2, 3, 12, 0, 0, 0, 0, 0, 0, 0], "B": [0, 1, 50, 337, 1816, 8425, 30186, 86715, 0, 0, 0, 0, 0, 0, 0], "gates": [".h(6)", ".cx(6, 9)", ".cx(5, 6)", ".cx(6, 7)", ".cx(3, 6)", ".cx(4, 6)", ".cx(6, 13)", ".cx(2, 6)", ".cx(0, 6)", ".cx(6, 14)", ".cx(1, 6)", ".h(1)", ".cx(1, 5)", ".cx(1, 4)", ".cx(1, 2)", ".cx(6, 8)", ".cx(4, 11)", ".cx(1, 3)", ".h(0)", ".cx(0, 6)", ".cx(6, 12)", ".cx(6, 10)", ".cx(2, 8)", ".cx(0, 1)", ".cx(5, 13)", ".cx(6, 11)", ".h(0)", ".cx(0, 4)", ".cx(0, 9)", ".cx(4, 14)", ".cx(0, 3)", ".h(1)", ".cx(1, 6)", ".h(1)", ".cx(1, 4)", ".cx(4, 13)", ".cx(1, 2)"]}, {"type": "degenerate", "A": [0, 1, 0, 1, 2, 3, 7, 11, 0, 0, 0, 0, 0, 0, 0], "B": [0, 1, 63, 343, 1840, 8443, 30383, 86359, 0, 0, 0, 0, 0, 0, 0], "gates": [".cx(3, 14)", ".cx(0, 8)", ".cx(4, 9)", ".cx(5, 12)", ".h(0)", ".cx(0, 3)", ".cx(0, 2)", ".cx(2, 12)", ".cx(0, 1)", ".cx(1, 13)", ".cx(0, 11)", ".h(0)", ".cx(0, 4)", ".cx(4, 8)", ".cx(8, 14)", ".cx(0, 5)", ".cx(5, 9)", ".cx(0, 6)", ".h(0)", ".cx(0, 10)", ".cx(0, 7)", ".cx(3, 5)", ".cx(0, 2)", ".cx(2, 8)", ".cx(8, 13)", ".cx(0, 1)", ".h(0)", ".cx(0, 4)", ".cx(0, 3)", ".cx(3, 6)", ".cx(0, 1)", ".cx(1, 12)", ".cx(12, 14)"]}, {"type": "non-degenerate", "A": [0, 0, 0, 2, 3, 1, 5, 11, 0, 0, 0, 0, 0, 0, 0], "B": [0, 0, 51, 295, 1562, 7050, 27249, 81583, 0, 0, 0, 0, 0, 0, 0], "gates": [".cx(1, 12)", ".cx(0, 9)", ".cx(3, 8)", ".cx(4, 10)", ".h(0)", ".cx(0, 12)", ".cx(0, 2)", ".cx(2, 14)", ".cx(0, 5)", ".cx(5, 11)", ".cx(2, 8)", ".cx(0, 6)", ".h(0)", ".cx(0, 1)", ".cx(1, 9)", ".cx(9, 10)", ".cx(0, 3)", ".cx(0, 13)", ".h(0)", ".cx(0, 7)", ".cx(0, 4)", ".cx(4, 11)", ".cx(3, 12)", ".cx(0, 13)", ".h(0)", ".cx(0, 6)", ".cx(0, 1)", ".cx(6, 10)", ".cx(4, 8)", ".cx(6, 11)", ".cx(11, 14)", ".h(7)", ".cx(7, 9)", ".h(2)", ".cx(2, 13)"]}, {"type": "degenerate", "A": [0, 1, 0, 0, 3, 3, 7, 15, 0, 0, 0, 0, 0, 0, 0], "B": [0, 1, 64, 317, 1784, 8413, 30376, 86643, 0, 0, 0, 0, 0, 0, 0], "gates": [".cx(1, 7)", ".cx(0, 14)", ".cx(5, 11)", ".h(1)", ".cx(1, 4)", ".cx(4, 9)", ".cx(1, 8)", ".cx(1, 2)", ".cx(2, 14)", ".cx(1, 3)", ".cx(3, 11)", ".cx(1, 6)", ".h(1)", ".cx(1, 5)", ".cx(5, 7)", ".cx(7, 10)", ".cx(1, 12)", ".cx(2, 13)", ".h(0)", ".cx(0, 1)", ".cx(1, 3)", ".cx(3, 9)", ".cx(7, 13)", ".cx(0, 2)", ".h(0)", ".cx(0, 5)", ".cx(5, 14)", ".cx(0, 4)", ".cx(4, 12)", ".h(7)", ".cx(7, 11)", ".cx(7, 9)", ".cx(7, 14)"]}, {"type": "degenerate", "A": [0, 1, 0, 2, 1, 4, 5, 12, 0, 0, 0, 0, 0, 0, 0], "B": [0, 1, 68, 361, 1844, 8657, 30224, 85803, 0, 0, 0, 0, 0, 0, 0], "gates": [".cx(0, 14)", ".cx(2, 6)", ".cx(3, 7)", ".h(0)", ".cx(0, 5)", ".cx(5, 6)", ".cx(0, 11)", ".cx(0, 1)", ".cx(1, 10)", ".cx(0, 4)", ".cx(4, 9)", ".cx(0, 13)", ".h(0)", ".cx(0, 3)", ".cx(3, 14)", ".cx(0, 2)", ".cx(2, 8)", ".cx(5, 12)", ".cx(1, 7)", ".cx(0, 10)", ".h(0)", ".cx(0, 4)", ".cx(4, 6)", ".h(1)", ".cx(1, 7)", ".cx(1, 2)", ".cx(2, 12)", ".cx(0, 5)", ".cx(4, 14)", ".h(0)", ".cx(0, 13)", ".cx(0, 8)", ".cx(0, 11)", ".cx(0, 6)", ".cx(2, 4)", ".cx(8, 9)"]}, {"type": "degenerate", "A": [0, 2, 0, 1, 0, 3, 1, 19, 0, 0, 0, 0, 0, 0, 0], "B": [0, 2, 63, 399, 2278, 9828, 33633, 90191, 0, 0, 0, 0, 0, 0, 0], "gates": [".h(6)", ".cx(6, 8)", ".cx(5, 6)", ".cx(6, 9)", ".cx(4, 6)", ".cx(6, 10)", ".cx(3, 6)", ".cx(0, 6)", ".cx(6, 7)", ".cx(1, 6)", ".cx(6, 11)", ".cx(2, 6)", ".h(2)", ".cx(2, 4)", ".cx(2, 3)", ".h(1)", ".cx(1, 14)", ".cx(3, 13)", ".cx(6, 12)", ".cx(2, 5)", ".h(0)", ".cx(0, 12)", ".cx(1, 6)", ".cx(0, 4)", ".cx(3, 10)", ".cx(4, 11)", ".cx(2, 6)", ".h(2)", ".cx(2, 7)", ".cx(1, 5)", ".cx(2, 5)", ".cx(5, 9)"]}, {"type": "degenerate", "A": [0, 3, 0, 0, 0, 1, 13, 11, 0, 0, 0, 0, 0, 0, 0], "B": [0, 3, 80, 437, 2572, 11239, 36596, 95539, 0, 0, 0, 0, 0, 0, 0], "gates": [".cx(0, 13)", ".cx(1, 6)", ".cx(5, 14)", ".cx(4, 8)", ".cx(2, 12)", ".h(7)", ".cx(7, 14)", ".h(1)", ".cx(1, 2)", ".cx(1, 3)", ".cx(3, 4)", ".cx(7, 12)", ".cx(1, 13)", ".cx(7, 9)", ".cx(7, 11)", ".cx(7, 10)", ".cx(1, 8)", ".h(0)", ".cx(0, 1)", ".cx(1, 6)", ".cx(1, 5)", ".cx(6, 14)", ".h(1)", ".cx(1, 12)", ".cx(12, 13)", ".cx(1, 4)", ".cx(1, 3)", ".cx(4, 7)", ".cx(5, 7)", ".cx(0, 4)", ".cx(3, 6)", ".h(0)", ".cx(0, 3)", ".cx(0, 8)"]}, {"type": "non-degenerate", "A": [0, 0, 0, 1, 1, 2, 7, 14, 0, 0, 0, 0, 0, 0, 0], "B": [0, 0, 42, 245, 1454, 7156, 27380, 82075, 0, 0, 0, 0, 0, 0, 0], "gates": [".cx(1, 6)", ".h(7)", ".cx(7, 11)", ".cx(4, 7)", ".cx(7, 8)", ".cx(2, 7)", ".cx(5, 7)", ".cx(7, 10)", ".cx(0, 7)", ".cx(7, 12)", ".cx(3, 7)", ".h(1)", ".cx(1, 5)", ".cx(1, 4)", ".h(0)", ".cx(0, 6)", ".cx(0, 9)", ".cx(1, 3)", ".cx(7, 13)", ".cx(1, 14)", ".h(1)", ".cx(1, 2)", ".cx(6, 11)", ".cx(1, 4)", ".cx(4, 12)", ".cx(3, 8)", ".cx(11, 14)", ".cx(2, 7)", ".cx(4, 9)", ".cx(0, 1)", ".cx(1, 13)", ".cx(0, 3)", ".h(0)", ".cx(0, 7)"]}, {"type": "degenerate", "A": [0, 1, 1, 1, 3, 2, 3, 17, 0, 0, 0, 0, 0, 0, 0], "B": [0, 1, 74, 405, 1988, 8933, 30838, 85603, 0, 0, 0, 0, 0, 0, 0], "gates": [".cx(5, 12)", ".cx(3, 11)", ".cx(2, 10)", ".cx(0, 8)", ".h(0)", ".cx(0, 11)", ".cx(0, 4)", ".cx(4, 10)", ".cx(0, 1)", ".cx(1, 13)", ".cx(4, 5)", ".cx(0, 12)", ".h(0)", ".cx(0, 2)", ".cx(2, 8)", ".cx(0, 3)", ".cx(0, 6)", ".cx(0, 9)", ".h(0)", ".cx(0, 7)", ".cx(0, 14)", ".cx(8, 12)", ".cx(3, 13)", ".cx(0, 1)", ".cx(1, 8)", ".cx(0, 9)", ".cx(9, 10)", ".cx(0, 6)", ".h(0)", ".cx(0, 5)", ".cx(0, 2)", ".cx(0, 12)", ".cx(5, 14)", ".cx(5, 10)", ".cx(10, 11)"]}, {"type": "degenerate", "A": [0, 3, 0, 0, 0, 3, 5, 16, 0, 0, 0, 0, 0, 0, 0], "B": [0, 3, 69, 475, 2612, 10937, 37105, 94991, 0, 0, 0, 0, 0, 0, 0], "gates": [".cx(0, 9)", ".cx(4, 13)", ".cx(3, 8)", ".h(0)", ".cx(0, 5)", ".cx(5, 8)", ".cx(0, 10)", ".cx(0, 1)", ".cx(1, 7)", ".cx(0, 2)", ".cx(2, 11)", ".cx(0, 14)", ".cx(0, 6)", ".h(0)", ".cx(0, 4)", ".cx(4, 9)", ".cx(0, 3)", ".cx(3, 13)", ".cx(0, 12)", ".cx(9, 11)", ".h(0)", ".cx(0, 2)", ".cx(2, 8)", ".cx(0, 1)", ".cx(1, 13)", ".cx(4, 7)", ".cx(0, 3)", ".h(0)", ".cx(0, 5)", ".cx(5, 9)", ".cx(0, 2)", ".cx(2, 12)", ".cx(5, 7)"]}, {"type": "degenerate", "A": [0, 1, 0, 0, 1, 3, 3, 19, 0, 0, 0, 0, 0, 0, 0], "B": [0, 1, 45, 319, 1796, 8371, 30713, 86375, 0, 0, 0, 0, 0, 0, 0], "gates": [".cx(0, 6)", ".cx(3, 6)", ".cx(5, 12)", ".cx(4, 13)", ".cx(1, 9)", ".h(6)", ".cx(6, 13)", ".cx(6, 10)", ".cx(2, 6)", ".h(7)", ".cx(7, 9)", ".cx(7, 12)", ".h(2)", ".cx(2, 5)", ".cx(2, 3)", ".cx(9, 11)", ".cx(6, 8)", ".cx(6, 14)", ".cx(0, 7)", ".h(0)", ".cx(0, 4)", ".cx(0, 1)", ".cx(3, 6)", ".cx(1, 3)", ".cx(5, 7)", ".cx(7, 10)", ".cx(4, 11)", ".h(1)", ".cx(1, 13)", ".cx(3, 9)", ".h(4)", ".cx(4, 6)", ".cx(4, 5)"]}, {"type": "degenerate", "A": [0, 2, 0, 2, 0, 3, 1, 22, 0, 0, 0, 0, 0, 0, 0], "B": [0, 2, 71, 431, 2302, 9844, 33825, 89423, 0, 0, 0, 0, 0, 0, 0], "gates": [".cx(4, 12)", ".cx(3, 4)", ".cx(0, 9)", ".cx(5, 6)", ".cx(2, 4)", ".cx(4, 8)", ".h(4)", ".cx(4, 6)", ".cx(4, 12)", ".cx(4, 13)", ".cx(1, 4)", ".h(1)", ".cx(1, 3)", ".cx(3, 5)", ".cx(5, 9)", ".cx(4, 7)", ".cx(1, 14)", ".cx(1, 10)", ".cx(4, 8)", ".cx(0, 4)", ".h(0)", ".cx(0, 2)", ".cx(0, 11)", ".cx(2, 3)", ".cx(2, 8)", ".cx(5, 12)", ".h(1)", ".cx(1, 6)", ".cx(1, 5)", ".cx(1, 4)", ".cx(2, 4)", ".cx(1, 2)", ".cx(2, 9)", ".cx(5, 7)"]}, {"type": "degenerate", "A": [0, 1, 0, 2, 2, 0, 8, 11, 0, 0, 0, 0, 0, 0, 0], "B": [0, 1, 64, 357, 1920, 8565, 30240, 85891, 0, 0, 0, 0, 0, 0, 0], "gates": [".cx(1, 14)", ".cx(3, 14)", ".cx(4, 8)", ".cx(0, 6)", ".cx(2, 11)", ".h(7)", ".cx(7, 14)", ".cx(7, 8)", ".cx(5, 7)", ".cx(8, 11)", ".h(0)", ".cx(0, 1)", ".cx(0, 2)", ".cx(1, 5)", ".cx(7, 9)", ".cx(7, 10)", ".cx(7, 12)", ".cx(0, 4)", ".cx(0, 13)", ".h(0)", ".cx(0, 3)", ".cx(0, 6)", ".cx(6, 7)", ".cx(0, 4)", ".cx(2, 14)", ".cx(4, 11)", ".h(6)", ".cx(6, 8)", ".cx(8, 13)", ".cx(3, 9)", ".h(2)", ".cx(2, 9)", ".cx(0, 2)", ".cx(2, 3)", ".h(1)", ".cx(1, 8)"]}, {"type": "degenerate", "A": [0, 3, 0, 3, 0, 1, 9, 6, 0, 0, 0, 0, 0, 0, 0], "B": [0, 3, 92, 533, 2764, 11255, 36528, 94131, 0, 0, 0, 0, 0, 0, 0], "gates": [".cx(4, 7)", ".cx(5, 7)", ".cx(2, 6)", ".h(7)", ".cx(7, 10)", ".cx(3, 7)", ".cx(7, 9)", ".cx(0, 7)", ".h(0)", ".cx(0, 5)", ".cx(0, 1)", ".cx(1, 3)", ".cx(0, 2)", ".cx(1, 4)", ".cx(7, 13)", ".cx(4, 6)", ".cx(5, 7)", ".cx(7, 14)", ".cx(7, 8)", ".cx(7, 11)", ".cx(7, 12)", ".cx(0, 7)", ".h(0)", ".cx(0, 1)", ".cx(0, 2)", ".cx(2, 13)", ".cx(0, 10)", ".cx(0, 3)", ".h(3)", ".cx(0, 3)", ".cx(3, 5)", ".h(2)", ".cx(2, 9)", ".cx(2, 8)", ".h(4)", ".cx(4, 8)"]}, {"type": "degenerate", "A": [0, 1, 2, 0, 0, 2, 4, 10, 0, 0, 0, 0, 0, 0, 0], "B": [0, 1, 59, 403, 2156, 9247, 31503, 86447, 0, 0, 0, 0, 0, 0, 0], "gates": [".cx(0, 8)", ".cx(5, 6)", ".cx(4, 12)", ".h(0)", ".cx(0, 13)", ".cx(0, 1)", ".cx(1, 12)", ".cx(0, 3)", ".cx(3, 10)", ".cx(0, 2)", ".cx(2, 7)", ".cx(0, 6)", ".h(0)", ".cx(0, 4)", ".cx(4, 8)", ".cx(8, 9)", ".cx(0, 5)", ".cx(8, 14)", ".cx(0, 11)", ".cx(4, 7)", ".cx(3, 4)", ".h(0)", ".cx(0, 1)", ".cx(1, 6)", ".h(3)", ".cx(3, 5)", ".cx(1, 7)", ".cx(0, 11)", ".cx(5, 11)", ".cx(5, 13)", ".cx(0, 10)", ".h(0)", ".cx(0, 2)", ".cx(2, 10)", ".cx(13, 14)"]}, {"type": "degenerate", "A": [0, 1, 0, 2, 0, 0, 8, 14, 0, 0, 0, 0, 0, 0, 0], "B": [0, 1, 58, 321, 1928, 8665, 30306, 85915, 0, 0, 0, 0, 0, 0, 0], "gates": [".cx(0, 6)", ".cx(2, 6)", ".cx(5, 14)", ".cx(3, 7)", ".cx(4, 10)", ".h(8)", ".cx(8, 10)", ".cx(8, 13)", ".cx(1, 8)", ".h(1)", ".cx(1, 6)", ".cx(1, 3)", ".cx(8, 14)", ".h(0)", ".cx(0, 4)", ".cx(0, 7)", ".cx(1, 2)", ".cx(1, 5)", ".cx(8, 11)", ".cx(8, 12)", ".cx(8, 9)", ".cx(6, 10)", ".cx(4, 14)", ".cx(2, 8)", ".cx(0, 2)", ".h(0)", ".cx(0, 5)", ".cx(5, 13)", ".cx(5, 7)", ".cx(7, 10)", ".cx(7, 9)", ".h(6)", ".cx(6, 9)", ".h(0)", ".cx(0, 3)"]}, {"type": "degenerate", "A": [0, 1, 2, 2, 1, 1, 3, 13, 0, 0, 0, 0, 0, 0, 0], "B": [0, 1, 80, 449, 2252, 9417, 31316, 85211, 0, 0, 0, 0, 0, 0, 0], "gates": [".cx(2, 9)", ".cx(5, 6)", ".cx(3, 14)", ".cx(4, 10)", ".h(6)", ".cx(6, 14)", ".cx(6, 8)", ".cx(0, 6)", ".h(0)", ".cx(0, 9)", ".cx(0, 1)", ".cx(1, 2)", ".cx(2, 4)", ".cx(4, 5)", ".cx(6, 12)", ".cx(1, 3)", ".cx(5, 10)", ".cx(6, 7)", ".cx(6, 13)", ".cx(6, 11)", ".cx(0, 6)", ".h(0)", ".cx(0, 3)", ".cx(0, 5)", ".cx(5, 8)", ".cx(0, 10)", ".h(2)", ".cx(2, 9)", ".cx(9, 14)", ".cx(2, 5)", ".cx(1, 3)", ".cx(3, 11)", ".cx(2, 3)", ".h(1)", ".cx(1, 7)"]}, {"type": "degenerate", "A": [0, 2, 0, 1, 0, 4, 4, 17, 0, 0, 0, 0, 0, 0, 0], "B": [0, 2, 73, 379, 2278, 9896, 33227, 91207, 0, 0, 0, 0, 0, 0, 0], "gates": [".cx(2, 12)", ".cx(4, 12)", ".cx(3, 6)", ".cx(5, 13)", ".cx(0, 14)", ".h(6)", ".cx(6, 14)", ".cx(6, 9)", ".cx(1, 6)", ".h(1)", ".cx(1, 2)", ".cx(1, 3)", ".cx(2, 13)", ".cx(6, 12)", ".cx(1, 5)", ".cx(3, 4)", ".cx(6, 10)", ".cx(6, 8)", ".h(0)", ".cx(0, 6)", ".cx(6, 11)", ".cx(6, 7)", ".cx(5, 14)", ".h(0)", ".cx(0, 4)", ".cx(4, 9)", ".cx(0, 1)", ".cx(0, 12)", ".cx(1, 6)", ".cx(6, 13)", ".h(1)", ".cx(1, 2)", ".cx(1, 9)", ".cx(1, 5)", ".cx(4, 5)"]}, {"type": "degenerate", "A": [0, 1, 0, 2, 0, 6, 0, 15, 0, 0, 0, 0, 0, 0, 0], "B": [0, 1, 57, 375, 1892, 8443, 30405, 86295, 0, 0, 0, 0, 0, 0, 0], "gates": [".cx(2, 8)", ".cx(0, 8)", ".cx(1, 12)", ".cx(5, 6)", ".cx(4, 11)", ".h(9)", ".cx(9, 12)", ".h(0)", ".cx(0, 1)", ".cx(0, 3)", ".cx(3, 7)", ".cx(9, 11)", ".cx(0, 5)", ".cx(9, 10)", ".cx(9, 14)", ".cx(9, 13)", ".cx(2, 9)", ".h(2)", ".cx(2, 4)", ".cx(2, 8)", ".cx(2, 6)", ".cx(8, 11)", ".cx(2, 7)", ".h(2)", ".cx(2, 12)", ".cx(2, 5)", ".cx(5, 9)", ".cx(2, 4)", ".h(0)", ".cx(0, 6)", ".cx(1, 13)", ".cx(0, 3)", ".cx(2, 7)", ".cx(3, 8)", ".cx(4, 13)"]}, {"type": "degenerate", "A": [0, 2, 0, 1, 0, 4, 8, 9, 0, 0, 0, 0, 0, 0, 0], "B": [0, 2, 67, 427, 2202, 9752, 33761, 90663, 0, 0, 0, 0, 0, 0, 0], "gates": [".cx(2, 7)", ".cx(1, 7)", ".cx(3, 8)", ".h(8)", ".cx(8, 9)", ".cx(5, 8)", ".cx(8, 10)", ".cx(4, 8)", ".cx(8, 13)", ".cx(0, 8)", ".cx(8, 14)", ".cx(1, 8)", ".h(1)", ".cx(1, 3)", ".cx(3, 5)", ".cx(1, 4)", ".h(0)", ".cx(0, 2)", ".cx(0, 6)", ".cx(2, 12)", ".cx(1, 7)", ".cx(5, 8)", ".cx(8, 11)", ".cx(0, 3)", ".h(0)", ".cx(0, 9)", ".cx(0, 4)", ".cx(0, 6)", ".cx(6, 14)", ".cx(0, 5)", ".cx(2, 5)", ".h(7)", ".cx(7, 13)"]}, {"type": "degenerate", "A": [0, 2, 1, 1, 2, 4, 2, 7, 0, 0, 0, 0, 0, 0, 0], "B": [0, 2, 87, 463, 2454, 10244, 33577, 90575, 0, 0, 0, 0, 0, 0, 0], "gates": [".cx(5, 6)", ".cx(3, 6)", ".cx(1, 10)", ".cx(0, 12)", ".h(1)", ".cx(1, 2)", ".cx(2, 12)", ".cx(1, 13)", ".cx(1, 4)", ".cx(4, 11)", ".cx(2, 6)", ".cx(1, 5)", ".h(1)", ".cx(1, 3)", ".cx(3, 10)", ".cx(10, 14)", ".cx(1, 8)", ".cx(3, 9)", ".h(0)", ".cx(0, 1)", ".cx(1, 7)", ".cx(1, 5)", ".cx(0, 4)", ".cx(5, 11)", ".h(0)", ".cx(0, 8)", ".cx(8, 13)", ".cx(0, 4)", ".cx(4, 10)", ".cx(4, 6)", ".cx(10, 11)", ".cx(4, 14)", ".h(2)", ".cx(2, 3)"]}, {"type": "degenerate", "A": [0, 1, 0, 3, 0, 2, 7, 12, 0, 0, 0, 0, 0, 0, 0], "B": [0, 1, 65, 375, 1948, 8555, 30565, 85335, 0, 0, 0, 0, 0, 0, 0], "gates": [".h(6)", ".cx(6, 10)", ".cx(3, 6)", ".cx(6, 8)", ".cx(0, 6)", ".cx(5, 6)", ".cx(6, 13)", ".cx(4, 6)", ".cx(1, 4)", ".cx(6, 11)", ".cx(2, 6)", ".h(2)", ".cx(2, 3)", ".cx(2, 5)", ".cx(2, 4)", ".h(0)", ".cx(0, 1)", ".cx(0, 7)", ".cx(6, 9)", ".cx(0, 12)", ".cx(2, 14)", ".cx(5, 9)", ".cx(1, 6)", ".cx(6, 14)", ".cx(1, 2)", ".cx(3, 11)", ".h(1)", ".cx(1, 4)", ".cx(1, 8)", ".cx(1, 11)", ".h(0)", ".cx(0, 3)", ".cx(0, 10)"]}, {"type": "degenerate", "A": [0, 1, 0, 1, 1, 5, 5, 14, 0, 0, 0, 0, 0, 0, 0], "B": [0, 1, 63, 339, 1796, 8511, 30459, 86191, 0, 0, 0, 0, 0, 0, 0], "gates": [".cx(3, 8)", ".cx(1, 8)", ".cx(5, 6)", ".cx(4, 14)", ".cx(2, 7)", ".h(9)", ".cx(9, 11)", ".cx(9, 12)", ".cx(0, 9)", ".h(0)", ".cx(0, 1)", ".cx(0, 4)", ".cx(1, 7)", ".cx(9, 13)", ".cx(4, 6)", ".cx(9, 10)", ".cx(0, 5)", ".cx(5, 8)", ".cx(9, 14)", ".h(0)", ".cx(0, 2)", ".cx(2, 3)", ".cx(2, 5)", ".cx(3, 13)", ".h(1)", ".cx(1, 14)", ".cx(1, 3)", ".cx(3, 7)", ".cx(4, 10)", ".cx(1, 6)", ".h(0)", ".cx(0, 9)", ".h(0)", ".cx(0, 4)"]}, {"type": "degenerate", "A": [0, 1, 0, 2, 0, 2, 13, 7, 0, 0, 0, 0, 0, 0, 0], "B": [0, 1, 62, 353, 1880, 8425, 30726, 86171, 0, 0, 0, 0, 0, 0, 0], "gates": [".cx(5, 13)", ".cx(0, 14)", ".cx(2, 6)", ".h(0)", ".cx(0, 3)", ".cx(3, 13)", ".cx(0, 9)", ".cx(0, 4)", ".cx(4, 6)", ".cx(0, 1)", ".cx(1, 12)", ".cx(0, 8)", ".h(0)", ".cx(0, 2)", ".cx(0, 5)", ".cx(5, 10)", ".cx(0, 7)", ".h(0)", ".cx(0, 14)", ".cx(0, 11)", ".cx(2, 13)", ".cx(0, 6)", ".cx(2, 12)", ".cx(0, 7)", ".cx(7, 9)", ".h(0)", ".cx(0, 4)", ".cx(4, 14)", ".cx(0, 3)", ".cx(3, 8)", ".cx(0, 2)", ".cx(8, 12)", ".h(1)", ".cx(1, 3)", ".cx(7, 8)", ".h(13)", ".cx(12, 13)"]}, {"type": "degenerate", "A": [0, 1, 0, 1, 0, 7, 1, 21, 0, 0, 0, 0, 0, 0, 0], "B": [0, 1, 62, 325, 1804, 8533, 30370, 86595, 0, 0, 0, 0, 0, 0, 0], "gates": [".cx(0, 10)", ".cx(3, 11)", ".cx(4, 12)", ".cx(5, 6)", ".h(0)", ".cx(0, 3)", ".cx(0, 2)", ".cx(2, 12)", ".cx(0, 1)", ".cx(1, 8)", ".cx(0, 6)", ".cx(0, 14)", ".h(0)", ".cx(0, 4)", ".cx(4, 10)", ".cx(10, 11)", ".cx(0, 5)", ".cx(2, 13)", ".cx(0, 9)", ".h(0)", ".cx(0, 7)", ".cx(0, 3)", ".cx(5, 13)", ".cx(0, 10)", ".cx(10, 12)", ".cx(1, 5)", ".cx(0, 2)", ".h(0)", ".cx(0, 14)", ".cx(0, 3)", ".cx(3, 9)", ".cx(3, 6)", ".cx(3, 13)", ".cx(0, 4)"]}, {"type": "non-degenerate", "A": [0, 0, 0, 2, 2, 2, 5, 11, 0, 0, 0, 0, 0, 0, 0], "B": [0, 0, 50, 281, 1562, 7056, 27312, 81667, 0, 0, 0, 0, 0, 0, 0], "gates": [".cx(1, 6)", ".cx(3, 6)", ".h(6)", ".cx(6, 10)", ".cx(4, 6)", ".cx(6, 7)", ".cx(5, 6)", ".cx(2, 6)", ".cx(6, 8)", ".cx(0, 6)", ".h(0)", ".cx(0, 5)", ".cx(0, 3)", ".cx(3, 4)", ".cx(6, 11)", ".cx(0, 14)", ".cx(0, 13)", ".h(0)", ".cx(0, 1)", ".cx(1, 2)", ".cx(1, 12)", ".cx(1, 9)", ".cx(2, 13)", ".cx(0, 11)", ".cx(4, 6)", ".cx(0, 14)", ".h(0)", ".cx(0, 5)", ".cx(10, 14)", ".cx(0, 7)", ".h(1)", ".cx(1, 9)", ".cx(1, 8)", ".cx(1, 3)", ".cx(5, 12)"]}, {"type": "degenerate", "A": [0, 2, 0, 1, 2, 1, 6, 14, 0, 0, 0, 0, 0, 0, 0], "B": [0, 2, 73, 411, 2270, 9848, 33379, 90439, 0, 0, 0, 0, 0, 0, 0], "gates": [".cx(1, 7)", ".cx(5, 6)", ".cx(3, 8)", ".cx(0, 10)", ".h(1)", ".cx(1, 11)", ".cx(1, 2)", ".cx(2, 8)", ".cx(1, 4)", ".cx(4, 6)", ".cx(2, 10)", ".cx(1, 12)", ".h(1)", ".cx(1, 3)", ".cx(1, 7)", ".cx(3, 5)", ".h(0)", ".cx(0, 9)", ".cx(5, 14)", ".cx(1, 13)", ".cx(7, 8)", ".cx(0, 1)", ".cx(10, 13)", ".cx(1, 11)", ".cx(1, 12)", ".h(0)", ".cx(0, 6)", ".cx(0, 7)", ".cx(7, 10)", ".cx(4, 9)", ".h(1)", ".cx(1, 3)", ".cx(9, 13)", ".cx(1, 4)"]}, {"type": "non-degenerate", "A": [0, 0, 0, 1, 1, 2, 7, 14, 0, 0, 0, 0, 0, 0, 0], "B": [0, 0, 43, 243, 1438, 7230, 27269, 82087, 0, 0, 0, 0, 0, 0, 0], "gates": [".cx(3, 9)", ".cx(1, 10)", ".cx(4, 11)", ".h(6)", ".cx(6, 8)", ".cx(5, 6)", ".cx(6, 9)", ".cx(2, 6)", ".cx(6, 12)", ".cx(0, 6)", ".cx(6, 11)", ".h(0)", ".cx(0, 3)", ".cx(0, 1)", ".cx(1, 5)", ".cx(3, 13)", ".cx(6, 10)", ".cx(0, 14)", ".cx(6, 7)", ".h(0)", ".cx(0, 4)", ".cx(0, 2)", ".cx(4, 9)", ".cx(5, 12)", ".cx(0, 1)", ".h(6)", ".cx(6, 11)", ".cx(11, 14)", ".cx(1, 7)", ".h(0)", ".cx(0, 3)", ".cx(9, 11)", ".cx(6, 8)", ".cx(0, 2)", ".cx(6, 13)"]}, {"type": "degenerate", "A": [0, 1, 0, 0, 2, 3, 6, 16, 0, 0, 0, 0, 0, 0, 0], "B": [0, 1, 56, 313, 1804, 8353, 30572, 86603, 0, 0, 0, 0, 0, 0, 0], "gates": [".cx(1, 11)", ".cx(4, 11)", ".cx(2, 6)", ".cx(5, 7)", ".cx(0, 12)", ".h(7)", ".cx(7, 11)", ".cx(7, 13)", ".cx(3, 7)", ".h(2)", ".cx(2, 4)", ".cx(2, 5)", ".cx(7, 12)", ".h(0)", ".cx(0, 6)", ".cx(0, 1)", ".cx(5, 14)", ".cx(6, 10)", ".cx(2, 9)", ".cx(7, 8)", ".cx(2, 3)", ".cx(12, 14)", ".cx(1, 5)", ".cx(0, 7)", ".h(2)", ".cx(2, 4)", ".cx(4, 12)", ".h(0)", ".cx(0, 13)", ".cx(0, 1)", ".cx(7, 9)", ".cx(1, 8)"]}, {"type": "degenerate", "A": [0, 1, 0, 0, 4, 2, 7, 12, 0, 0, 0, 0, 0, 0, 0], "B": [0, 1, 61, 347, 1768, 8407, 30277, 86655, 0, 0, 0, 0, 0, 0, 0], "gates": [".cx(1, 6)", ".cx(3, 10)", ".h(6)", ".cx(6, 10)", ".cx(2, 6)", ".cx(6, 7)", ".cx(5, 6)", ".cx(6, 8)", ".cx(4, 6)", ".cx(6, 11)", ".cx(0, 6)", ".h(0)", ".cx(0, 2)", ".cx(0, 1)", ".cx(1, 5)", ".cx(6, 9)", ".cx(0, 4)", ".cx(0, 3)", ".cx(6, 12)", ".h(6)", ".cx(6, 14)", ".cx(6, 13)", ".cx(3, 12)", ".cx(6, 11)", ".h(0)", ".cx(0, 9)", ".cx(0, 4)", ".cx(2, 6)", ".h(2)", ".cx(2, 8)", ".h(3)", ".cx(3, 10)", ".cx(2, 12)", ".h(1)", ".cx(1, 9)"]}, {"type": "degenerate", "A": [0, 1, 2, 0, 0, 2, 5, 12, 0, 0, 0, 0, 0, 0, 0], "B": [0, 1, 64, 389, 2152, 9285, 31496, 86403, 0, 0, 0, 0, 0, 0, 0], "gates": [".cx(2, 6)", ".cx(0, 8)", ".cx(5, 14)", ".cx(1, 12)", ".h(2)", ".cx(2, 12)", ".cx(2, 4)", ".cx(4, 8)", ".cx(2, 3)", ".cx(3, 9)", ".h(0)", ".cx(0, 1)", ".cx(1, 5)", ".cx(4, 14)", ".cx(2, 11)", ".h(2)", ".cx(2, 7)", ".cx(2, 6)", ".cx(2, 13)", ".cx(2, 10)", ".cx(6, 9)", ".cx(0, 2)", ".cx(2, 3)", ".h(0)", ".cx(0, 11)", ".cx(0, 5)", ".cx(5, 6)", ".cx(6, 8)", ".cx(5, 12)", ".cx(3, 7)", ".h(1)", ".cx(1, 9)", ".cx(1, 14)"]}, {"type": "degenerate", "A": [0, 3, 0, 0, 1, 2, 8, 10, 0, 0, 0, 0, 0, 0, 0], "B": [0, 3, 79, 455, 2628, 11101, 36523, 95495, 0, 0, 0, 0, 0, 0, 0], "gates": [".cx(5, 8)", ".cx(1, 8)", ".cx(0, 9)", ".h(0)", ".cx(0, 11)", ".cx(0, 4)", ".cx(4, 7)", ".cx(0, 2)", ".cx(2, 14)", ".cx(0, 3)", ".cx(3, 6)", ".cx(0, 13)", ".cx(0, 10)", ".h(0)", ".cx(0, 1)", ".cx(1, 9)", ".cx(0, 12)", ".cx(0, 4)", ".cx(4, 8)", ".h(0)", ".cx(0, 5)", ".cx(9, 14)", ".cx(0, 2)", ".cx(5, 9)", ".cx(0, 3)", ".cx(3, 8)", ".h(0)", ".cx(0, 6)", ".cx(0, 2)", ".cx(0, 1)", ".cx(1, 7)", ".cx(2, 4)", ".h(8)", ".cx(8, 12)"]}, {"type": "non-degenerate", "A": [0, 0, 0, 4, 3, 3, 6, 4, 0, 0, 0, 0, 0, 0, 0], "B": [0, 0, 74, 349, 1590, 7308, 26828, 80939, 0, 0, 0, 0, 0, 0, 0], "gates": [".cx(1, 10)", ".cx(0, 9)", ".cx(4, 7)", ".cx(2, 6)", ".h(1)", ".cx(1, 9)", ".cx(1, 3)", ".cx(3, 7)", ".cx(1, 5)", ".cx(5, 12)", ".cx(1, 6)", ".h(1)", ".cx(1, 4)", ".cx(1, 2)", ".cx(4, 8)", ".cx(4, 13)", ".cx(1, 11)", ".h(1)", ".cx(1, 10)", ".cx(10, 14)", ".h(0)", ".cx(0, 1)", ".cx(2, 7)", ".cx(1, 5)", ".cx(10, 12)", ".cx(0, 8)", ".cx(12, 13)", ".cx(0, 6)", ".cx(6, 11)", ".cx(7, 12)", ".cx(9, 10)", ".cx(1, 4)", ".cx(4, 9)"]}, {"type": "degenerate", "A": [0, 1, 0, 1, 1, 5, 3, 10, 0, 0, 0, 0, 0, 0, 0], "B": [0, 1, 56, 345, 1868, 8353, 30476, 86411, 0, 0, 0, 0, 0, 0, 0], "gates": [".cx(2, 7)", ".cx(0, 8)", ".cx(3, 11)", ".cx(4, 12)", ".h(0)", ".cx(0, 6)", ".cx(0, 5)", ".cx(5, 7)", ".cx(0, 1)", ".cx(1, 11)", ".cx(1, 12)", ".cx(0, 13)", ".h(0)", ".cx(0, 2)", ".cx(0, 4)", ".cx(0, 3)", ".cx(2, 10)", ".h(0)", ".cx(0, 8)", ".cx(8, 14)", ".cx(8, 9)", ".cx(4, 7)", ".cx(8, 12)", ".cx(0, 4)", ".cx(4, 6)", ".cx(3, 13)", ".h(0)", ".cx(0, 2)", ".cx(0, 5)", ".cx(5, 8)", ".h(8)", ".cx(8, 10)", ".cx(10, 13)", ".cx(10, 11)"]}, {"type": "degenerate", "A": [0, 1, 0, 2, 0, 6, 0, 20, 0, 0, 0, 0, 0, 0, 0], "B": [0, 1, 62, 357, 1908, 8421, 30538, 86083, 0, 0, 0, 0, 0, 0, 0], "gates": [".cx(1, 12)", ".cx(2, 7)", ".cx(5, 7)", ".cx(0, 9)", ".h(1)", ".cx(1, 2)", ".cx(1, 3)", ".cx(3, 9)", ".cx(1, 4)", ".cx(4, 11)", ".cx(3, 7)", ".cx(1, 13)", ".h(1)", ".cx(1, 5)", ".cx(5, 12)", ".cx(12, 14)", ".cx(1, 8)", ".cx(5, 6)", ".h(0)", ".cx(0, 1)", ".cx(1, 10)", ".cx(1, 4)", ".cx(4, 7)", ".cx(10, 11)", ".h(1)", ".cx(1, 5)", ".cx(1, 2)", ".cx(2, 14)", ".cx(12, 13)", ".cx(1, 10)", ".cx(10, 12)", ".h(0)", ".cx(0, 6)", ".cx(0, 3)"]}, {"type": "degenerate", "A": [0, 1, 0, 2, 0, 10, 1, 14, 0, 0, 0, 0, 0, 0, 0], "B": [0, 1, 74, 365, 1860, 8381, 30470, 86419, 0, 0, 0, 0, 0, 0, 0], "gates": [".cx(4, 12)", ".cx(0, 11)", ".cx(5, 10)", ".cx(3, 8)", ".h(0)", ".cx(0, 4)", ".cx(0, 2)", ".cx(2, 8)", ".cx(0, 1)", ".cx(1, 14)", ".cx(2, 10)", ".cx(0, 13)", ".h(0)", ".cx(0, 3)", ".cx(0, 5)", ".cx(3, 12)", ".cx(0, 9)", ".cx(5, 7)", ".cx(0, 6)", ".h(0)", ".cx(0, 11)", ".cx(11, 14)", ".cx(1, 12)", ".cx(0, 3)", ".cx(3, 10)", ".cx(0, 4)", ".cx(9, 13)", ".cx(4, 7)", ".h(1)", ".cx(1, 5)", ".cx(5, 11)", ".cx(1, 2)", ".cx(2, 14)", ".cx(1, 12)", ".cx(1, 10)"]}, {"type": "degenerate", "A": [0, 3, 0, 0, 1, 1, 8, 17, 0, 0, 0, 0, 0, 0, 0], "B": [0, 3, 78, 457, 2604, 11107, 36786, 95035, 0, 0, 0, 0, 0, 0, 0], "gates": [".cx(1, 14)", ".cx(4, 6)", ".cx(2, 13)", ".h(6)", ".cx(6, 10)", ".cx(5, 6)", ".cx(6, 9)", ".cx(3, 6)", ".cx(6, 13)", ".cx(0, 6)", ".h(0)", ".cx(0, 1)", ".cx(0, 4)", ".cx(4, 14)", ".cx(0, 5)", ".cx(6, 11)", ".cx(1, 2)", ".cx(2, 12)", ".cx(6, 7)", ".cx(6, 8)", ".cx(0, 6)", ".h(0)", ".cx(0, 3)", ".cx(0, 5)", ".cx(5, 13)", ".cx(0, 1)", ".cx(1, 10)", ".cx(13, 14)", ".cx(4, 9)", ".h(2)", ".cx(2, 10)", ".cx(2, 6)", ".cx(10, 12)", ".cx(2, 3)", ".cx(3, 5)"]}, {"type": "degenerate", "A": [0, 2, 0, 2, 0, 2, 6, 14, 0, 0, 0, 0, 0, 0, 0], "B": [0, 2, 72, 433, 2258, 9994, 33502, 89923, 0, 0, 0, 0, 0, 0, 0], "gates": [".cx(4, 14)", ".cx(0, 14)", ".cx(2, 10)", ".cx(1, 7)", ".h(1)", ".cx(1, 3)", ".cx(3, 10)", ".cx(1, 8)", ".cx(1, 5)", ".cx(5, 13)", ".cx(3, 14)", ".cx(1, 2)", ".cx(1, 9)", ".h(1)", ".cx(1, 4)", ".cx(4, 7)", ".cx(7, 11)", ".cx(1, 6)", ".cx(1, 12)", ".h(0)", ".cx(0, 1)", ".cx(4, 13)", ".cx(1, 5)", ".cx(5, 10)", ".cx(2, 4)", ".h(1)", ".cx(1, 3)", ".cx(1, 7)", ".cx(7, 14)", ".h(0)", ".cx(0, 11)", ".cx(0, 2)", ".cx(0, 4)"]}, {"type": "degenerate", "A": [0, 1, 0, 0, 2, 3, 6, 13, 0, 0, 0, 0, 0, 0, 0], "B": [0, 1, 54, 317, 1812, 8349, 30482, 86771, 0, 0, 0, 0, 0, 0, 0], "gates": [".cx(3, 14)", ".cx(5, 6)", ".cx(1, 11)", ".cx(2, 9)", ".cx(4, 12)", ".h(6)", ".cx(6, 12)", ".cx(6, 7)", ".cx(0, 6)", ".h(0)", ".cx(0, 1)", ".cx(1, 5)", ".cx(6, 9)", ".cx(5, 14)", ".cx(0, 3)", ".cx(1, 2)", ".cx(6, 10)", ".cx(6, 13)", ".cx(6, 8)", ".cx(1, 4)", ".h(1)", ".cx(1, 11)", ".cx(3, 9)", ".cx(1, 2)", ".cx(2, 12)", ".cx(12, 14)", ".cx(0, 6)", ".h(0)", ".cx(0, 5)", ".cx(0, 13)", ".cx(0, 11)", ".cx(4, 11)", ".cx(1, 8)", ".cx(0, 6)", ".cx(0, 14)", ".cx(1, 10)", ".h(1)", ".cx(1, 3)"]}, {"type": "degenerate", "A": [0, 1, 0, 2, 2, 2, 8, 9, 0, 0, 0, 0, 0, 0, 0], "B": [0, 1, 66, 377, 1896, 8433, 30458, 85899, 0, 0, 0, 0, 0, 0, 0], "gates": [".cx(2, 7)", ".cx(1, 11)", ".cx(3, 8)", ".h(2)", ".cx(2, 4)", ".cx(4, 8)", ".cx(2, 14)", ".cx(2, 5)", ".cx(5, 12)", ".cx(2, 13)", ".cx(0, 2)", ".h(0)", ".cx(0, 3)", ".cx(3, 7)", ".cx(7, 11)", ".cx(0, 1)", ".cx(2, 9)", ".cx(3, 10)", ".h(2)", ".cx(2, 6)", ".cx(2, 4)", ".cx(5, 11)", ".cx(4, 7)", ".cx(2, 9)", ".cx(1, 2)", ".h(2)", ".cx(2, 14)", ".h(1)", ".cx(1, 8)", ".cx(1, 9)", ".cx(9, 13)", ".cx(1, 3)", ".cx(8, 10)"]}, {"type": "non-degenerate", "A": [0, 0, 0, 0, 2, 3, 5, 19, 0, 0, 0, 0, 0, 0, 0], "B": [0, 0, 41, 235, 1386, 7062, 27511, 82199, 0, 0, 0, 0, 0, 0, 0], "gates": [".cx(4, 10)", ".cx(3, 11)", ".cx(0, 7)", ".cx(2, 9)", ".cx(5, 13)", ".h(6)", ".cx(6, 7)", ".cx(6, 10)", ".cx(1, 6)", ".cx(7, 11)", ".h(8)", ".cx(8, 13)", ".cx(8, 9)", ".h(0)", ".cx(0, 2)", ".cx(0, 5)", ".cx(8, 12)", ".cx(6, 8)", ".cx(8, 14)", ".cx(2, 7)", ".cx(7, 12)", ".cx(3, 8)", ".h(3)", ".cx(3, 5)", ".cx(5, 6)", ".cx(3, 4)", ".cx(4, 8)", ".cx(6, 9)", ".cx(9, 10)", ".h(2)", ".cx(2, 3)", ".h(1)", ".cx(1, 11)", ".cx(1, 3)"]}, {"type": "non-degenerate", "A": [0, 0, 0, 2, 0, 0, 4, 20, 0, 0, 0, 0, 0, 0, 0], "B": [0, 0, 36, 261, 1522, 7268, 27482, 81211, 0, 0, 0, 0, 0, 0, 0], "gates": [".cx(0, 6)", ".cx(1, 13)", ".cx(5, 14)", ".cx(2, 11)", ".h(7)", ".cx(7, 13)", ".cx(7, 14)", ".cx(4, 7)", ".cx(7, 12)", ".cx(3, 7)", ".cx(7, 11)", ".h(0)", ".cx(0, 7)", ".cx(7, 10)", ".cx(7, 8)", ".h(3)", ".cx(3, 6)", ".cx(3, 7)", ".cx(0, 5)", ".cx(1, 7)", ".h(1)", ".cx(1, 12)", ".cx(1, 6)", ".cx(6, 11)", ".cx(2, 3)", ".cx(7, 9)", ".cx(5, 7)", ".cx(1, 10)", ".cx(3, 5)", ".cx(0, 4)", ".cx(10, 13)", ".h(4)", ".cx(4, 10)", ".h(2)", ".cx(2, 3)", ".cx(3, 7)"]}, {"type": "non-degenerate", "A": [0, 0, 0, 0, 3, 2, 5, 13, 0, 0, 0, 0, 0, 0, 0], "B": [0, 0, 40, 245, 1426, 7044, 27214, 82523, 0, 0, 0, 0, 0, 0, 0], "gates": [".cx(4, 9)", ".cx(3, 6)", ".cx(1, 12)", ".cx(0, 10)", ".cx(5, 8)", ".cx(2, 13)", ".h(7)", ".cx(7, 13)", ".cx(7, 9)", ".cx(9, 10)", ".cx(7, 8)", ".h(6)", ".cx(6, 7)", ".cx(7, 12)", ".cx(0, 7)", ".h(0)", ".cx(0, 5)", ".cx(0, 2)", ".cx(2, 9)", ".cx(7, 14)", ".cx(5, 7)", ".cx(7, 11)", ".cx(3, 7)", ".cx(1, 7)", ".h(3)", ".cx(3, 8)", ".cx(3, 4)", ".cx(3, 5)", ".cx(3, 11)", ".cx(7, 10)", ".cx(3, 14)", ".h(1)", ".cx(1, 3)", ".cx(1, 2)"]}, {"type": "non-degenerate", "A": [0, 0, 0, 1, 1, 3, 8, 11, 0, 0, 0, 0, 0, 0, 0], "B": [0, 0, 45, 247, 1454, 7098, 27399, 82255, 0, 0, 0, 0, 0, 0, 0], "gates": [".cx(1, 8)", ".cx(3, 13)", ".cx(0, 10)", ".cx(4, 6)", ".cx(5, 9)", ".h(7)", ".cx(7, 8)", ".cx(7, 9)", ".cx(2, 7)", ".cx(7, 10)", ".h(0)", ".cx(0, 5)", ".cx(0, 4)", ".h(6)", ".cx(6, 13)", ".cx(6, 7)", ".cx(8, 12)", ".h(1)", ".cx(1, 3)", ".cx(1, 10)", ".cx(7, 14)", ".cx(4, 7)", ".cx(3, 4)", ".cx(5, 12)", ".h(0)", ".cx(0, 5)", ".cx(5, 6)", ".cx(7, 11)", ".h(8)", ".cx(8, 11)", ".h(3)", ".cx(3, 5)", ".h(2)", ".cx(2, 5)", ".cx(2, 11)"]}, {"type": "non-degenerate", "A": [0, 0, 0, 1, 0, 1, 6, 17, 0, 0, 0, 0, 0, 0, 0], "B": [0, 0, 32, 245, 1426, 7268, 27430, 81883, 0, 0, 0, 0, 0, 0, 0], "gates": [".cx(5, 8)", ".cx(3, 11)", ".cx(4, 12)", ".cx(2, 7)", ".cx(0, 14)", ".h(6)", ".cx(6, 7)", ".cx(6, 12)", ".cx(1, 6)", ".cx(6, 8)", ".h(2)", ".cx(2, 14)", ".cx(2, 3)", ".h(9)", ".cx(9, 11)", ".cx(9, 13)", ".cx(7, 9)", ".cx(9, 10)", ".cx(3, 6)", ".cx(0, 6)", ".h(0)", ".cx(0, 7)", ".cx(0, 5)", ".cx(5, 9)", ".cx(4, 5)", ".h(4)", ".cx(4, 14)", ".cx(4, 5)", ".h(8)", ".cx(8, 13)", ".cx(1, 8)", ".h(1)", ".cx(1, 3)", ".cx(1, 4)"]}, {"type": "non-degenerate", "A": [0, 0, 0, 1, 0, 1, 6, 13, 0, 0, 0, 0, 0, 0, 0], "B": [0, 0, 30, 241, 1482, 7160, 27404, 82163, 0, 0, 0, 0, 0, 0, 0], "gates": [".cx(1, 8)", ".cx(4, 6)", ".cx(2, 11)", ".cx(0, 12)", ".cx(3, 7)", ".cx(5, 9)", ".h(1)", ".cx(1, 3)", ".cx(1, 4)", ".cx(3, 9)", ".cx(0, 10)", ".h(0)", ".cx(0, 8)", ".cx(8, 13)", ".cx(0, 9)", ".cx(9, 11)", ".cx(0, 6)", ".h(0)", ".cx(0, 7)", ".cx(0, 8)", ".cx(8, 12)", ".cx(0, 14)", ".h(0)", ".cx(0, 2)", ".cx(0, 1)", ".cx(2, 7)", ".cx(4, 8)", ".h(3)", ".cx(3, 9)", ".cx(9, 10)", ".cx(1, 10)", ".h(2)", ".cx(2, 6)", ".h(5)", ".cx(5, 11)", ".cx(5, 12)"]}, {"type": "non-degenerate", "A": [0, 0, 0, 0, 0, 7, 0, 33, 0, 0, 0, 0, 0, 0, 0], "B": [0, 0, 41, 219, 1338, 7142, 27687, 81399, 0, 0, 0, 0, 0, 0, 0], "gates": [".cx(2, 14)", ".cx(0, 13)", ".cx(1, 11)", ".cx(4, 8)", ".cx(3, 12)", ".h(6)", ".cx(6, 9)", ".cx(6, 12)", ".cx(5, 6)", ".cx(6, 13)", ".h(7)", ".cx(7, 8)", ".cx(7, 11)", ".cx(11, 12)", ".cx(12, 14)", ".h(1)", ".cx(1, 2)", ".cx(1, 6)", ".cx(6, 10)", ".cx(4, 6)", ".h(4)", ".cx(4, 11)", ".cx(4, 5)", ".cx(0, 7)", ".h(0)", ".cx(0, 2)", ".cx(2, 6)", ".cx(0, 7)", ".cx(11, 13)", ".h(3)", ".cx(3, 4)", ".cx(4, 14)"]}, {"type": "non-degenerate", "A": [0, 0, 1, 0, 0, 1, 7, 16, 0, 0, 0, 0, 0, 0, 0], "B": [0, 0, 39, 255, 1570, 7586, 27981, 82271, 0, 0, 0, 0, 0, 0, 0], "gates": [".cx(2, 14)", ".cx(0, 9)", ".cx(4, 7)", ".cx(1, 13)", ".cx(3, 11)", ".h(6)", ".cx(6, 8)", ".cx(6, 11)", ".cx(5, 6)", ".h(12)", ".cx(12, 14)", ".cx(12, 13)", ".h(7)", ".cx(7, 10)", ".cx(6, 7)", ".cx(7, 9)", ".h(0)", ".cx(0, 3)", ".cx(0, 4)", ".cx(9, 12)", ".cx(4, 6)", ".cx(3, 9)", ".cx(1, 4)", ".h(1)", ".cx(1, 3)", ".cx(1, 8)", ".cx(0, 2)", ".h(0)", ".cx(0, 2)", ".cx(2, 13)", ".cx(2, 7)", ".h(5)", ".cx(5, 13)", ".cx(5, 8)"]}, {"type": "non-degenerate", "A": [0, 0, 0, 0, 0, 6, 6, 15, 0, 0, 0, 0, 0, 0, 0], "B": [0, 0, 39, 227, 1342, 7070, 27633, 82503, 0, 0, 0, 0, 0, 0, 0], "gates": [".cx(0, 12)", ".cx(3, 11)", ".cx(2, 8)", ".cx(1, 13)", ".cx(5, 7)", ".cx(4, 10)", ".h(9)", ".cx(9, 13)", ".cx(9, 10)", ".cx(10, 11)", ".h(6)", ".cx(6, 7)", ".cx(7, 8)", ".h(2)", ".cx(2, 3)", ".cx(3, 9)", ".cx(9, 12)", ".cx(6, 11)", ".cx(9, 14)", ".cx(8, 9)", ".cx(2, 8)", ".cx(1, 7)", ".h(1)", ".cx(1, 4)", ".cx(1, 2)", ".cx(0, 6)", ".h(0)", ".cx(0, 4)", ".cx(0, 14)", ".cx(0, 6)", ".cx(6, 13)", ".h(5)", ".cx(5, 14)", ".cx(5, 12)"]}, {"type": "non-degenerate", "A": [0, 0, 0, 0, 1, 2, 6, 18, 0, 0, 0, 0, 0, 0, 0], "B": [0, 0, 31, 235, 1390, 7046, 27657, 82263, 0, 0, 0, 0, 0, 0, 0], "gates": [".cx(2, 11)", ".cx(4, 13)", ".cx(0, 14)", ".cx(5, 12)", ".cx(1, 10)", ".cx(3, 7)", ".h(6)", ".cx(6, 13)", ".cx(6, 10)", ".h(8)", ".cx(8, 14)", ".cx(8, 12)", ".cx(6, 11)", ".h(0)", ".cx(0, 6)", ".cx(6, 7)", ".cx(11, 12)", ".cx(6, 9)", ".cx(3, 8)", ".h(3)", ".cx(3, 4)", ".cx(4, 6)", ".cx(1, 6)", ".cx(3, 8)", ".cx(8, 10)", ".cx(5, 6)", ".h(1)", ".cx(1, 7)", ".cx(1, 3)", ".cx(3, 5)", ".h(2)", ".cx(2, 3)", ".cx(3, 13)", ".h(14)", ".cx(2, 14)"]}, {"type": "non-degenerate", "A": [0, 0, 0, 0, 3, 3, 8, 12, 0, 0, 0, 0, 0, 0, 0], "B": [0, 0, 47, 247, 1386, 7018, 27341, 82575, 0, 0, 0, 0, 0, 0, 0], "gates": [".cx(1, 11)", ".cx(2, 8)", ".cx(3, 12)", ".cx(5, 10)", ".h(6)", ".cx(6, 10)", ".cx(6, 8)", ".cx(0, 6)", ".cx(6, 14)", ".cx(4, 6)", ".cx(1, 6)", ".h(1)", ".cx(1, 3)", ".cx(1, 2)", ".cx(6, 13)", ".cx(3, 10)", ".cx(10, 11)", ".h(0)", ".cx(0, 6)", ".cx(6, 12)", ".cx(6, 9)", ".cx(2, 6)", ".h(7)", ".cx(7, 14)", ".cx(7, 9)", ".cx(0, 1)", ".cx(1, 5)", ".cx(7, 11)", ".cx(9, 13)", ".h(4)", ".cx(4, 5)", ".cx(4, 7)", ".h(3)", ".cx(3, 7)"]}, {"type": "non-degenerate", "A": [0, 0, 0, 1, 1, 2, 2, 18, 0, 0, 0, 0, 0, 0, 0], "B": [0, 0, 36, 245, 1490, 7220, 27002, 82587, 0, 0, 0, 0, 0, 0, 0], "gates": [".cx(1, 14)", ".cx(2, 11)", ".cx(0, 12)", ".cx(3, 8)", ".cx(4, 10)", ".h(6)", ".cx(6, 8)", ".cx(6, 11)", ".cx(5, 6)", ".cx(6, 10)", ".cx(8, 13)", ".h(1)", ".cx(1, 6)", ".cx(6, 7)", ".cx(6, 9)", ".cx(0, 6)", ".h(0)", ".cx(0, 4)", ".cx(0, 8)", ".cx(8, 12)", ".cx(4, 9)", ".h(1)", ".cx(1, 2)", ".cx(2, 8)", ".cx(1, 6)", ".cx(6, 14)", ".cx(6, 13)", ".cx(4, 6)", ".cx(0, 1)", ".cx(3, 6)", ".h(3)", ".cx(3, 4)", ".cx(3, 10)", ".h(5)", ".cx(5, 7)", ".cx(5, 13)"]}, {"type": "non-degenerate", "A": [0, 0, 0, 1, 2, 1, 6, 11, 0, 0, 0, 0, 0, 0, 0], "B": [0, 0, 41, 251, 1514, 7078, 27223, 82231, 0, 0, 0, 0, 0, 0, 0], "gates": [".cx(4, 14)", ".cx(1, 8)", ".cx(5, 7)", ".cx(3, 10)", ".cx(2, 13)", ".h(9)", ".cx(9, 13)", ".cx(9, 10)", ".cx(0, 9)", ".cx(9, 14)", ".h(6)", ".cx(6, 7)", ".cx(6, 8)", ".cx(7, 10)", ".cx(10, 12)", ".h(1)", ".cx(1, 9)", ".cx(9, 11)", ".h(0)", ".cx(0, 6)", ".cx(0, 2)", ".cx(2, 9)", ".cx(4, 7)", ".h(4)", ".cx(4, 8)", ".cx(8, 13)", ".cx(4, 5)", ".cx(6, 12)", ".cx(2, 4)", ".cx(1, 2)", ".h(3)", ".cx(3, 11)", ".cx(3, 6)"]}, {"type": "non-degenerate", "A": [0, 0, 1, 0, 1, 3, 5, 15, 0, 0, 0, 0, 0, 0, 0], "B": [0, 0, 47, 271, 1562, 7522, 27917, 82239, 0, 0, 0, 0, 0, 0, 0], "gates": [".cx(4, 11)", ".cx(3, 14)", ".cx(1, 12)", ".cx(0, 13)", ".cx(5, 9)", ".h(7)", ".cx(7, 11)", ".cx(7, 9)", ".cx(2, 7)", ".h(6)", ".cx(6, 13)", ".cx(6, 12)", ".cx(12, 14)", ".cx(7, 8)", ".h(1)", ".cx(1, 3)", ".cx(3, 4)", ".cx(1, 7)", ".cx(11, 13)", ".h(5)", ".cx(5, 6)", ".cx(6, 8)", ".cx(0, 7)", ".h(0)", ".cx(0, 3)", ".cx(0, 9)", ".cx(9, 12)", ".cx(8, 10)", ".h(2)", ".cx(2, 10)", ".cx(2, 4)"]}, {"type": "non-degenerate", "A": [0, 0, 1, 1, 1, 1, 7, 13, 0, 0, 0, 0, 0, 0, 0], "B": [0, 0, 49, 303, 1598, 7618, 27867, 81791, 0, 0, 0, 0, 0, 0, 0], "gates": [".cx(5, 12)", ".cx(4, 10)", ".cx(2, 9)", ".cx(1, 6)", ".cx(3, 8)", ".h(7)", ".cx(7, 9)", ".cx(7, 8)", ".cx(0, 7)", ".cx(7, 10)", ".h(0)", ".cx(0, 6)", ".cx(0, 7)", ".cx(7, 12)", ".cx(7, 14)", ".cx(1, 7)", ".h(1)", ".cx(1, 2)", ".cx(1, 4)", ".cx(4, 8)", ".cx(2, 7)", ".cx(7, 13)", ".cx(5, 7)", ".cx(3, 7)", ".h(3)", ".cx(3, 4)", ".cx(3, 12)", ".cx(3, 13)", ".cx(7, 10)", ".cx(7, 11)", ".h(0)", ".cx(0, 11)", ".cx(0, 1)", ".cx(0, 5)", ".cx(3, 5)"]}, {"type": "non-degenerate", "A": [0, 0, 0, 0, 1, 1, 7, 20, 0, 0, 0, 0, 0, 0, 0], "B": [0, 0, 32, 229, 1354, 7204, 27518, 82171, 0, 0, 0, 0, 0, 0, 0], "gates": [".cx(0, 10)", ".cx(2, 8)", ".cx(3, 13)", ".cx(4, 9)", ".cx(1, 11)", ".h(7)", ".cx(7, 10)", ".cx(7, 9)", ".cx(5, 7)", ".cx(7, 13)", ".h(6)", ".cx(6, 11)", ".cx(6, 8)", ".h(1)", ".cx(1, 7)", ".cx(7, 14)", ".cx(1, 2)", ".cx(11, 13)", ".cx(7, 12)", ".cx(6, 12)", ".cx(0, 6)", ".h(0)", ".cx(0, 3)", ".cx(3, 6)", ".cx(0, 2)", ".cx(4, 7)", ".h(5)", ".cx(5, 7)", ".cx(7, 8)", ".cx(6, 9)", ".cx(2, 3)", ".h(3)", ".cx(3, 5)", ".h(4)", ".cx(4, 8)", ".cx(4, 10)"]}, {"type": "degenerate", "A": [0, 3, 0, 0, 1, 1, 7, 10, 0, 0, 0, 0, 0, 0, 0], "B": [0, 3, 74, 453, 2664, 11079, 36498, 95507, 0, 0, 0, 0, 0, 0, 0], "gates": [".cx(0, 6)", ".cx(1, 7)", ".cx(3, 8)", ".h(8)", ".cx(8, 10)", ".cx(4, 8)", ".cx(8, 12)", ".cx(2, 8)", ".cx(8, 11)", ".cx(5, 8)", ".h(1)", ".cx(1, 3)", ".cx(1, 6)", ".h(0)", ".cx(0, 4)", ".cx(0, 7)", ".cx(3, 5)", ".cx(7, 9)", ".cx(8, 13)", ".cx(1, 2)", ".cx(8, 14)", ".cx(6, 10)", ".cx(0, 5)", ".cx(7, 12)", ".h(3)", ".cx(3, 4)", ".h(1)", ".cx(1, 11)", ".cx(1, 2)", ".cx(2, 9)", ".cx(4, 9)", ".h(7)", ".cx(7, 11)"]}, {"type": "degenerate", "A": [0, 1, 1, 0, 2, 1, 5, 13, 0, 0, 0, 0, 0, 0, 0], "B": [0, 1, 56, 377, 1972, 8817, 30964, 86411, 0, 0, 0, 0, 0, 0, 0], "gates": [".cx(0, 10)", ".cx(5, 10)", ".cx(2, 6)", ".cx(1, 7)", ".h(2)", ".cx(2, 3)", ".cx(3, 10)", ".cx(2, 14)", ".cx(2, 4)", ".cx(4, 7)", ".h(0)", ".cx(0, 1)", ".cx(1, 6)", ".cx(6, 9)", ".cx(10, 13)", ".cx(3, 12)", ".cx(0, 11)", ".cx(2, 8)", ".h(2)", ".cx(2, 5)", ".cx(5, 7)", ".cx(0, 3)", ".cx(6, 12)", ".h(0)", ".cx(0, 4)", ".cx(5, 11)", ".cx(4, 10)", ".cx(2, 13)", ".cx(2, 3)", ".cx(0, 6)", ".cx(4, 13)", ".cx(7, 10)", ".h(1)", ".cx(1, 2)"]}, {"type": "degenerate", "A": [0, 1, 0, 0, 2, 2, 8, 12, 0, 0, 0, 0, 0, 0, 0], "B": [0, 1, 52, 329, 1748, 8497, 30368, 86763, 0, 0, 0, 0, 0, 0, 0], "gates": [".cx(2, 6)", ".cx(1, 8)", ".cx(5, 12)", ".cx(0, 10)", ".h(0)", ".cx(0, 5)", ".cx(0, 4)", ".cx(4, 6)", ".cx(0, 3)", ".cx(3, 14)", ".cx(0, 1)", ".cx(4, 12)", ".h(0)", ".cx(0, 2)", ".cx(2, 8)", ".cx(8, 10)", ".cx(10, 11)", ".cx(0, 9)", ".cx(0, 13)", ".h(0)", ".cx(0, 7)", ".cx(8, 14)", ".cx(0, 5)", ".cx(5, 8)", ".cx(0, 3)", ".cx(3, 10)", ".cx(10, 12)", ".h(0)", ".cx(0, 2)", ".cx(0, 3)", ".cx(0, 6)", ".cx(3, 4)", ".cx(1, 11)", ".cx(4, 14)", ".cx(4, 10)"]}, {"type": "degenerate", "A": [0, 1, 1, 0, 1, 3, 5, 10, 0, 0, 0, 0, 0, 0, 0], "B": [0, 1, 56, 369, 1972, 8777, 31012, 86651, 0, 0, 0, 0, 0, 0, 0], "gates": [".cx(2, 6)", ".cx(5, 6)", ".cx(4, 13)", ".cx(1, 11)", ".h(6)", ".cx(6, 9)", ".cx(6, 7)", ".cx(3, 6)", ".cx(6, 14)", ".cx(0, 6)", ".h(0)", ".cx(0, 4)", ".cx(0, 5)", ".cx(5, 10)", ".cx(6, 11)", ".cx(0, 2)", ".cx(0, 1)", ".cx(6, 13)", ".cx(2, 6)", ".cx(6, 12)", ".cx(6, 8)", ".h(0)", ".cx(0, 3)", ".cx(0, 10)", ".cx(3, 11)", ".cx(0, 6)", ".h(0)", ".cx(0, 13)", ".cx(0, 2)", ".cx(2, 14)", ".cx(3, 5)", ".cx(0, 10)", ".cx(1, 6)", ".cx(4, 6)", ".h(4)", ".cx(4, 8)"]}, {"type": "degenerate", "A": [0, 1, 2, 1, 0, 2, 7, 10, 0, 0, 0, 0, 0, 0, 0], "B": [0, 1, 73, 427, 2128, 9447, 31401, 85919, 0, 0, 0, 0, 0, 0, 0], "gates": [".cx(2, 6)", ".cx(0, 8)", ".cx(5, 11)", ".cx(1, 9)", ".h(0)", ".cx(0, 12)", ".cx(0, 4)", ".cx(4, 11)", ".cx(0, 3)", ".cx(3, 9)", ".cx(4, 6)", ".cx(0, 7)", ".cx(0, 14)", ".h(0)", ".cx(0, 1)", ".cx(1, 8)", ".cx(8, 13)", ".cx(0, 5)", ".cx(0, 10)", ".h(0)", ".cx(0, 2)", ".cx(1, 11)", ".cx(0, 3)", ".cx(0, 5)", ".cx(5, 9)", ".cx(0, 13)", ".h(0)", ".cx(0, 4)", ".cx(0, 1)", ".cx(0, 3)", ".cx(3, 6)", ".cx(2, 14)", ".cx(4, 10)", ".cx(4, 13)"]}, {"type": "degenerate", "A": [0, 3, 0, 0, 0, 4, 0, 33, 0, 0, 0, 0, 0, 0, 0], "B": [0, 3, 74, 457, 2612, 11107, 36486, 96315, 0, 0, 0, 0, 0, 0, 0], "gates": [".cx(3, 8)", ".cx(1, 13)", ".cx(2, 14)", ".cx(0, 10)", ".h(0)", ".cx(0, 11)", ".cx(0, 4)", ".cx(4, 8)", ".cx(0, 5)", ".cx(5, 13)", ".cx(5, 9)", ".cx(0, 6)", ".cx(0, 7)", ".h(0)", ".cx(0, 3)", ".cx(3, 14)", ".cx(0, 1)", ".cx(0, 12)", ".h(0)", ".cx(0, 10)", ".cx(0, 2)", ".cx(10, 13)", ".cx(1, 8)", ".cx(2, 9)", ".cx(10, 14)", ".cx(0, 5)", ".h(0)", ".cx(0, 4)", ".cx(0, 1)", ".cx(1, 9)", ".cx(4, 10)", ".cx(4, 5)", ".cx(5, 12)"]}, {"type": "degenerate", "A": [0, 3, 0, 1, 0, 6, 2, 13, 0, 0, 0, 0, 0, 0, 0], "B": [0, 3, 85, 491, 2636, 11193, 36313, 95471, 0, 0, 0, 0, 0, 0, 0], "gates": [".cx(5, 6)", ".cx(1, 6)", ".cx(3, 12)", ".cx(2, 13)", ".h(6)", ".cx(6, 12)", ".cx(6, 8)", ".cx(4, 6)", ".cx(6, 13)", ".cx(0, 6)", ".h(0)", ".cx(0, 1)", ".cx(0, 2)", ".cx(1, 4)", ".cx(2, 3)", ".cx(0, 5)", ".cx(6, 14)", ".cx(4, 9)", ".cx(5, 6)", ".cx(6, 10)", ".cx(6, 11)", ".cx(6, 7)", ".h(8)", ".cx(8, 9)", ".cx(8, 13)", ".cx(0, 6)", ".h(0)", ".cx(0, 2)", ".cx(0, 1)", ".cx(0, 6)", ".cx(6, 14)", ".h(0)", ".cx(0, 3)", ".cx(3, 9)", ".h(1)", ".cx(1, 5)", ".cx(3, 5)"]}, {"type": "non-degenerate", "A": [0, 0, 1, 1, 0, 2, 9, 11, 0, 0, 0, 0, 0, 0, 0], "B": [0, 0, 48, 297, 1590, 7552, 28066, 81955, 0, 0, 0, 0, 0, 0, 0], "gates": [".cx(3, 10)", ".cx(1, 7)", ".cx(5, 13)", ".cx(2, 8)", ".h(3)", ".cx(3, 13)", ".cx(3, 4)", ".cx(4, 8)", ".cx(3, 6)", ".cx(0, 3)", ".h(0)", ".cx(0, 2)", ".cx(0, 10)", ".cx(0, 1)", ".cx(3, 7)", ".cx(2, 11)", ".cx(3, 12)", ".h(3)", ".cx(3, 5)", ".cx(3, 14)", ".cx(3, 9)", ".cx(10, 13)", ".cx(5, 12)", ".h(3)", ".cx(3, 4)", ".cx(4, 5)", ".cx(5, 10)", ".h(0)", ".cx(0, 6)", ".cx(0, 2)", ".cx(3, 11)", ".cx(1, 14)", ".cx(2, 7)"]}, {"type": "degenerate", "A": [0, 1, 0, 2, 1, 1, 2, 16, 0, 0, 0, 0, 0, 0, 0], "B": [0, 1, 54, 365, 1884, 8701, 30202, 85523, 0, 0, 0, 0, 0, 0, 0], "gates": [".cx(4, 11)", ".cx(1, 12)", ".cx(0, 7)", ".cx(2, 14)", ".h(0)", ".cx(0, 1)", ".cx(0, 5)", ".cx(5, 11)", ".cx(0, 3)", ".cx(3, 13)", ".cx(0, 2)", ".cx(0, 6)", ".h(0)", ".cx(0, 4)", ".cx(4, 14)", ".cx(0, 9)", ".cx(0, 8)", ".cx(0, 10)", ".h(0)", ".cx(0, 7)", ".cx(7, 12)", ".cx(0, 3)", ".cx(9, 11)", ".cx(3, 4)", ".cx(12, 14)", ".cx(0, 5)", ".h(0)", ".cx(0, 1)", ".cx(0, 5)", ".cx(5, 6)", ".cx(0, 2)", ".cx(2, 10)", ".h(2)", ".cx(2, 7)"]}, {"type": "non-degenerate", "A": [0, 0, 1, 2, 1, 1, 6, 10, 0, 0, 0, 0, 0, 0, 0], "B": [0, 0, 54, 329, 1674, 7632, 27764, 81443, 0, 0, 0, 0, 0, 0, 0], "gates": [".cx(2, 7)", ".cx(4, 7)", ".cx(1, 6)", ".cx(5, 12)", ".h(8)", ".cx(8, 12)", ".cx(8, 11)", ".cx(3, 8)", ".cx(8, 10)", ".cx(0, 8)", ".h(0)", ".cx(0, 7)", ".cx(0, 1)", ".cx(1, 5)", ".cx(8, 13)", ".cx(1, 4)", ".cx(4, 6)", ".cx(8, 14)", ".cx(8, 9)", ".h(1)", ".cx(1, 2)", ".cx(1, 3)", ".cx(2, 11)", ".cx(0, 8)", ".h(0)", ".cx(0, 12)", ".cx(0, 7)", ".cx(0, 3)", ".cx(2, 5)", ".cx(5, 13)", ".cx(5, 9)", ".cx(3, 6)", ".cx(7, 14)", ".h(2)", ".cx(2, 9)"]}, {"type": "non-degenerate", "A": [0, 0, 0, 0, 1, 7, 0, 17, 0, 0, 0, 0, 0, 0, 0], "B": [0, 0, 40, 229, 1426, 6996, 27214, 83131, 0, 0, 0, 0, 0, 0, 0], "gates": [".cx(3, 6)", ".cx(2, 6)", ".cx(5, 14)", ".h(6)", ".cx(6, 12)", ".cx(4, 6)", ".cx(6, 13)", ".cx(1, 6)", ".cx(6, 9)", ".cx(0, 6)", ".h(1)", ".cx(1, 3)", ".cx(1, 5)", ".h(0)", ".cx(0, 14)", ".cx(0, 2)", ".cx(2, 4)", ".cx(3, 10)", ".cx(6, 7)", ".h(8)", ".cx(8, 11)", ".cx(8, 9)", ".cx(8, 14)", ".cx(4, 10)", ".cx(6, 10)", ".cx(0, 6)", ".h(0)", ".cx(0, 7)", ".cx(0, 2)", ".cx(0, 5)", ".cx(5, 11)", ".cx(4, 11)", ".cx(11, 12)", ".cx(3, 8)", ".cx(2, 3)"]}, {"type": "degenerate", "A": [0, 1, 0, 1, 1, 3, 6, 15, 0, 0, 0, 0, 0, 0, 0], "B": [0, 1, 58, 333, 1836, 8461, 30558, 86163, 0, 0, 0, 0, 0, 0, 0], "gates": [".cx(5, 8)", ".cx(0, 12)", ".cx(2, 9)", ".h(0)", ".cx(0, 1)", ".cx(1, 9)", ".cx(0, 10)", ".cx(0, 3)", ".cx(3, 8)", ".cx(0, 4)", ".cx(4, 11)", ".cx(0, 7)", ".h(0)", ".cx(0, 2)", ".cx(0, 5)", ".cx(2, 14)", ".cx(0, 13)", ".h(0)", ".cx(0, 12)", ".cx(0, 6)", ".cx(12, 13)", ".cx(5, 11)", ".cx(0, 3)", ".cx(0, 1)", ".cx(2, 8)", ".cx(3, 14)", ".h(0)", ".cx(0, 4)", ".cx(4, 6)", ".cx(6, 9)", ".cx(0, 2)", ".cx(0, 1)", ".cx(1, 11)", ".h(6)", ".cx(6, 9)"]}, {"type": "degenerate", "A": [0, 1, 1, 0, 1, 4, 2, 11, 0, 0, 0, 0, 0, 0, 0], "B": [0, 1, 56, 369, 1980, 8793, 30924, 86587, 0, 0, 0, 0, 0, 0, 0], "gates": [".cx(1, 8)", ".cx(5, 6)", ".cx(0, 12)", ".cx(3, 14)", ".h(1)", ".cx(1, 7)", ".cx(1, 4)", ".cx(4, 14)", ".cx(1, 2)", ".cx(2, 11)", ".cx(4, 12)", ".cx(1, 6)", ".h(1)", ".cx(1, 5)", ".cx(5, 8)", ".cx(8, 13)", ".cx(1, 9)", ".h(0)", ".cx(0, 1)", ".cx(1, 3)", ".cx(3, 10)", ".cx(5, 14)", ".cx(3, 7)", ".h(11)", ".cx(11, 12)", ".cx(11, 13)", ".cx(0, 4)", ".h(0)", ".cx(0, 2)", ".cx(2, 5)", ".cx(0, 10)", ".cx(0, 3)", ".cx(13, 14)", ".cx(5, 14)", ".cx(6, 9)"]}, {"type": "degenerate", "A": [0, 2, 0, 1, 0, 4, 3, 19, 0, 0, 0, 0, 0, 0, 0], "B": [0, 2, 66, 409, 2262, 9746, 33620, 90899, 0, 0, 0, 0, 0, 0, 0], "gates": [".cx(4, 10)", ".cx(0, 6)", ".cx(5, 7)", ".cx(2, 9)", ".h(0)", ".cx(0, 7)", ".cx(0, 1)", ".cx(1, 12)", ".cx(0, 3)", ".cx(3, 13)", ".cx(0, 9)", ".cx(0, 10)", ".h(0)", ".cx(0, 5)", ".cx(5, 6)", ".cx(6, 14)", ".cx(0, 2)", ".cx(0, 11)", ".cx(0, 8)", ".h(0)", ".cx(0, 4)", ".cx(2, 12)", ".cx(4, 7)", ".cx(3, 14)", ".cx(0, 6)", ".cx(0, 1)", ".cx(1, 5)", ".h(0)", ".cx(0, 9)", ".cx(0, 2)", ".h(10)", ".cx(10, 12)", ".h(1)", ".cx(1, 2)"]}, {"type": "degenerate", "A": [0, 1, 0, 1, 2, 3, 9, 7, 0, 0, 0, 0, 0, 0, 0], "B": [0, 1, 65, 343, 1812, 8539, 30173, 86615, 0, 0, 0, 0, 0, 0, 0], "gates": [".cx(4, 6)", ".cx(2, 6)", ".cx(3, 10)", ".h(6)", ".cx(6, 7)", ".cx(1, 6)", ".cx(6, 14)", ".cx(5, 6)", ".cx(6, 9)", ".cx(0, 6)", ".h(0)", ".cx(0, 1)", ".cx(0, 2)", ".cx(2, 13)", ".cx(6, 10)", ".cx(1, 4)", ".cx(0, 3)", ".cx(3, 5)", ".cx(4, 6)", ".cx(6, 8)", ".cx(6, 11)", ".cx(6, 12)", ".h(4)", ".cx(4, 6)", ".cx(0, 6)", ".h(0)", ".cx(0, 7)", ".cx(0, 5)", ".cx(0, 3)", ".h(8)", ".cx(8, 10)", ".cx(8, 13)", ".cx(13, 14)", ".h(2)", ".cx(2, 3)"]}, {"type": "degenerate", "A": [0, 1, 2, 0, 3, 2, 4, 10, 0, 0, 0, 0, 0, 0, 0], "B": [0, 1, 74, 437, 2140, 9173, 31374, 86243, 0, 0, 0, 0, 0, 0, 0], "gates": [".cx(2, 10)", ".cx(1, 2)", ".cx(0, 6)", ".cx(4, 8)", ".h(2)", ".cx(2, 6)", ".cx(2, 5)", ".cx(5, 8)", ".cx(2, 3)", ".cx(3, 13)", ".h(0)", ".cx(0, 4)", ".cx(0, 1)", ".cx(1, 9)", ".cx(2, 7)", ".cx(0, 12)", ".cx(2, 14)", ".h(2)", ".cx(2, 11)", ".cx(2, 10)", ".cx(10, 12)", ".cx(2, 6)", ".cx(0, 13)", ".h(0)", ".cx(0, 4)", ".cx(4, 14)", ".cx(0, 10)", ".cx(0, 5)", ".cx(6, 7)", ".cx(4, 7)", ".cx(5, 11)", ".cx(7, 8)", ".h(13)", ".cx(5, 13)"]}, {"type": "degenerate", "A": [0, 1, 0, 0, 0, 4, 8, 13, 0, 0, 0, 0, 0, 0, 0], "B": [0, 1, 51, 291, 1796, 8383, 30655, 86927, 0, 0, 0, 0, 0, 0, 0], "gates": [".cx(4, 14)", ".cx(0, 7)", ".cx(5, 8)", ".h(0)", ".cx(0, 4)", ".cx(0, 2)", ".cx(2, 11)", ".cx(0, 3)", ".cx(3, 13)", ".cx(0, 1)", ".cx(1, 12)", ".cx(0, 6)", ".h(0)", ".cx(0, 5)", ".cx(5, 7)", ".cx(7, 8)", ".cx(0, 10)", ".cx(0, 9)", ".cx(0, 14)", ".cx(7, 13)", ".h(0)", ".cx(0, 1)", ".cx(1, 14)", ".cx(0, 2)", ".cx(2, 4)", ".cx(4, 7)", ".cx(0, 3)", ".cx(3, 8)", ".h(0)", ".cx(0, 1)", ".cx(1, 6)", ".cx(0, 5)", ".cx(5, 12)", ".cx(0, 8)", ".h(3)", ".cx(3, 12)"]}, {"type": "degenerate", "A": [0, 2, 0, 2, 0, 3, 6, 18, 0, 0, 0, 0, 0, 0, 0], "B": [0, 2, 74, 437, 2282, 9814, 33672, 90411, 0, 0, 0, 0, 0, 0, 0], "gates": [".cx(0, 9)", ".cx(2, 8)", ".cx(5, 12)", ".h(0)", ".cx(0, 2)", ".cx(0, 1)", ".cx(1, 13)", ".cx(0, 4)", ".cx(4, 11)", ".cx(0, 3)", ".cx(3, 10)", ".cx(0, 7)", ".h(0)", ".cx(0, 5)", ".cx(0, 8)", ".cx(8, 12)", ".cx(5, 6)", ".h(0)", ".cx(0, 9)", ".cx(9, 14)", ".cx(0, 3)", ".cx(8, 13)", ".cx(0, 1)", ".cx(1, 5)", ".cx(5, 10)", ".h(0)", ".cx(0, 7)", ".cx(0, 3)", ".cx(3, 11)", ".cx(11, 12)", ".cx(7, 8)", ".cx(3, 6)", ".cx(3, 4)"]}, {"type": "degenerate", "A": [0, 1, 4, 1, 0, 1, 1, 10, 0, 0, 0, 0, 0, 0, 0], "B": [0, 1, 86, 517, 2548, 10213, 32322, 85379, 0, 0, 0, 0, 0, 0, 0], "gates": [".cx(0, 6)", ".cx(2, 6)", ".cx(1, 8)", ".cx(4, 7)", ".cx(3, 13)", ".cx(5, 12)", ".h(7)", ".cx(7, 8)", ".h(2)", ".cx(2, 4)", ".cx(2, 3)", ".cx(7, 9)", ".cx(4, 5)", ".cx(7, 11)", ".cx(7, 10)", ".cx(7, 14)", ".cx(0, 7)", ".h(0)", ".cx(0, 1)", ".cx(0, 6)", ".cx(6, 12)", ".cx(5, 13)", ".cx(3, 8)", ".cx(1, 2)", ".cx(11, 12)", ".cx(7, 13)", ".cx(4, 7)", ".cx(0, 4)", ".h(0)", ".cx(0, 13)", ".h(3)", ".cx(3, 8)", ".cx(0, 4)", ".cx(0, 10)", ".h(6)", ".cx(6, 11)"]}, {"type": "degenerate", "A": [0, 1, 0, 1, 0, 2, 6, 16, 0, 0, 0, 0, 0, 0, 0], "B": [0, 1, 52, 313, 1844, 8577, 30464, 86219, 0, 0, 0, 0, 0, 0, 0], "gates": [".cx(5, 10)", ".cx(4, 10)", ".cx(1, 8)", ".cx(0, 6)", ".h(0)", ".cx(0, 4)", ".cx(0, 3)", ".cx(3, 8)", ".cx(0, 2)", ".cx(2, 9)", ".cx(3, 10)", ".cx(0, 7)", ".cx(0, 12)", ".h(0)", ".cx(0, 1)", ".cx(1, 6)", ".cx(6, 13)", ".cx(0, 5)", ".cx(0, 11)", ".cx(0, 14)", ".cx(6, 12)", ".cx(5, 7)", ".h(0)", ".cx(0, 2)", ".cx(2, 5)", ".cx(5, 8)", ".cx(0, 4)", ".h(1)", ".cx(1, 2)", ".cx(2, 3)", ".cx(3, 6)", ".cx(4, 9)", ".h(9)", ".cx(9, 13)", ".cx(9, 12)"]}, {"type": "non-degenerate", "A": [0, 0, 0, 1, 2, 2, 6, 14, 0, 0, 0, 0, 0, 0, 0], "B": [0, 0, 45, 259, 1458, 7118, 27331, 81991, 0, 0, 0, 0, 0, 0, 0], "gates": [".cx(1, 7)", ".cx(5, 9)", ".cx(3, 14)", ".cx(0, 6)", ".cx(4, 13)", ".h(1)", ".cx(1, 6)", ".cx(1, 2)", ".cx(2, 10)", ".cx(1, 13)", ".h(8)", ".cx(8, 14)", ".cx(8, 9)", ".h(0)", ".cx(0, 5)", ".cx(0, 7)", ".cx(7, 12)", ".cx(9, 11)", ".cx(2, 4)", ".cx(1, 3)", ".cx(6, 11)", ".cx(12, 13)", ".h(1)", ".cx(1, 4)", ".cx(4, 7)", ".cx(4, 9)", ".cx(9, 10)", ".cx(8, 12)", ".cx(0, 2)", ".h(0)", ".cx(0, 3)", ".cx(3, 13)", ".cx(0, 8)"]}, {"type": "degenerate", "A": [0, 2, 0, 3, 0, 2, 6, 7, 0, 0, 0, 0, 0, 0, 0], "B": [0, 2, 81, 435, 2382, 10032, 33131, 89975, 0, 0, 0, 0, 0, 0, 0], "gates": [".cx(4, 11)", ".cx(1, 6)", ".cx(0, 6)", ".cx(0, 7)", ".h(0)", ".cx(0, 4)", ".cx(0, 3)", ".cx(3, 6)", ".cx(0, 5)", ".cx(5, 11)", ".cx(0, 2)", ".cx(2, 10)", ".cx(5, 7)", ".cx(3, 8)", ".cx(0, 13)", ".h(0)", ".cx(0, 1)", ".cx(0, 9)", ".cx(0, 12)", ".cx(0, 14)", ".cx(1, 4)", ".cx(0, 6)", ".h(0)", ".cx(0, 5)", ".cx(0, 2)", ".cx(2, 7)", ".cx(0, 1)", ".cx(1, 10)", ".h(0)", ".cx(0, 13)", ".cx(1, 11)", ".h(11)", ".cx(10, 11)", ".cx(11, 14)", ".cx(0, 11)", ".cx(0, 2)", ".cx(2, 4)"]}, {"type": "non-degenerate", "A": [0, 0, 1, 2, 4, 2, 2, 9, 0, 0, 0, 0, 0, 0, 0], "B": [0, 0, 68, 353, 1718, 7528, 27446, 81363, 0, 0, 0, 0, 0, 0, 0], "gates": [".cx(4, 8)", ".cx(0, 14)", ".cx(1, 6)", ".cx(5, 9)", ".h(0)", ".cx(0, 1)", ".cx(0, 3)", ".cx(3, 9)", ".cx(0, 2)", ".cx(2, 7)", ".cx(3, 8)", ".cx(0, 10)", ".h(0)", ".cx(0, 4)", ".cx(4, 14)", ".cx(0, 5)", ".cx(5, 6)", ".cx(0, 12)", ".h(0)", ".cx(0, 11)", ".cx(0, 13)", ".cx(6, 7)", ".cx(0, 8)", ".cx(0, 2)", ".cx(2, 5)", ".cx(5, 10)", ".h(0)", ".cx(0, 4)", ".cx(0, 1)", ".cx(1, 14)", ".cx(0, 8)", ".cx(1, 3)", ".cx(2, 4)", ".cx(4, 9)", ".cx(9, 12)", ".h(3)", ".cx(3, 13)"]}, {"type": "degenerate", "A": [0, 3, 0, 0, 0, 3, 11, 11, 0, 0, 0, 0, 0, 0, 0], "B": [0, 3, 82, 449, 2556, 11179, 36678, 95467, 0, 0, 0, 0, 0, 0, 0], "gates": [".cx(2, 8)", ".cx(0, 9)", ".cx(5, 11)", ".h(0)", ".cx(0, 8)", ".cx(0, 4)", ".cx(4, 11)", ".cx(0, 3)", ".cx(3, 12)", ".cx(0, 1)", ".cx(1, 14)", ".cx(0, 6)", ".h(0)", ".cx(0, 5)", ".cx(0, 7)", ".cx(0, 13)", ".cx(0, 10)", ".cx(0, 2)", ".h(0)", ".cx(0, 9)", ".cx(9, 11)", ".cx(5, 12)", ".cx(0, 1)", ".cx(1, 2)", ".cx(2, 3)", ".cx(11, 14)", ".cx(0, 5)", ".h(0)", ".cx(0, 4)", ".cx(3, 6)", ".cx(0, 6)", ".cx(0, 5)", ".cx(6, 9)", ".cx(6, 11)"]}, {"type": "degenerate", "A": [0, 2, 1, 1, 2, 1, 6, 11, 0, 0, 0, 0, 0, 0, 0], "B": [0, 2, 80, 481, 2410, 10218, 33982, 90211, 0, 0, 0, 0, 0, 0, 0], "gates": [".cx(1, 6)", ".cx(0, 10)", ".cx(5, 11)", ".cx(3, 14)", ".h(1)", ".cx(1, 8)", ".cx(1, 2)", ".cx(2, 11)", ".cx(1, 4)", ".cx(4, 14)", ".cx(1, 13)", ".h(1)", ".cx(1, 3)", ".cx(3, 6)", ".cx(6, 10)", ".cx(1, 5)", ".cx(5, 9)", ".h(0)", ".cx(0, 1)", ".cx(1, 12)", ".cx(1, 7)", ".cx(10, 14)", ".cx(6, 11)", ".h(1)", ".cx(1, 2)", ".cx(2, 3)", ".cx(2, 4)", ".cx(4, 9)", ".cx(4, 5)", ".cx(12, 14)", ".cx(0, 1)", ".h(9)", ".cx(9, 10)"]}, {"type": "degenerate", "A": [0, 1, 0, 1, 0, 7, 7, 9, 0, 0, 0, 0, 0, 0, 0], "B": [0, 1, 64, 333, 1800, 8397, 30616, 86547, 0, 0, 0, 0, 0, 0, 0], "gates": [".cx(0, 6)", ".cx(2, 12)", ".cx(5, 14)", ".cx(1, 7)", ".cx(3, 10)", ".h(1)", ".cx(1, 10)", ".cx(1, 4)", ".cx(4, 6)", ".cx(6, 12)", ".cx(1, 8)", ".cx(4, 13)", ".cx(1, 11)", ".h(1)", ".cx(1, 2)", ".cx(1, 7)", ".cx(7, 14)", ".cx(1, 5)", ".cx(5, 9)", ".h(0)", ".cx(0, 1)", ".cx(1, 3)", ".cx(3, 6)", ".cx(2, 13)", ".cx(0, 4)", ".cx(3, 7)", ".h(0)", ".cx(0, 5)", ".cx(5, 10)", ".cx(10, 14)", ".cx(7, 12)", ".cx(0, 1)", ".cx(0, 4)", ".cx(4, 9)"]}, {"type": "degenerate", "A": [0, 1, 0, 0, 1, 3, 6, 14, 0, 0, 0, 0, 0, 0, 0], "B": [0, 1, 49, 307, 1816, 8351, 30601, 86767, 0, 0, 0, 0, 0, 0, 0], "gates": [".cx(1, 6)", ".cx(5, 6)", ".cx(4, 9)", ".cx(0, 12)", ".cx(1, 11)", ".h(1)", ".cx(1, 3)", ".cx(3, 12)", ".cx(1, 6)", ".cx(1, 2)", ".cx(2, 10)", ".cx(3, 9)", ".cx(1, 7)", ".cx(1, 8)", ".h(1)", ".cx(1, 4)", ".cx(1, 11)", ".cx(1, 13)", ".cx(1, 14)", ".cx(1, 5)", ".h(0)", ".cx(0, 1)", ".cx(1, 6)", ".cx(5, 10)", ".cx(4, 7)", ".h(0)", ".cx(0, 4)", ".cx(0, 2)", ".cx(2, 13)", ".cx(2, 3)", ".cx(2, 14)", ".h(0)", ".cx(0, 8)", ".cx(0, 10)", ".cx(0, 11)", ".h(0)", ".cx(0, 9)"]}, {"type": "degenerate", "A": [0, 1, 2, 2, 1, 1, 4, 10, 0, 0, 0, 0, 0, 0, 0], "B": [0, 1, 77, 463, 2252, 9331, 31425, 85319, 0, 0, 0, 0, 0, 0, 0], "gates": [".cx(3, 6)", ".cx(2, 6)", ".cx(1, 7)", ".cx(4, 11)", ".cx(5, 8)", ".h(8)", ".cx(8, 11)", ".cx(8, 14)", ".cx(0, 8)", ".h(0)", ".cx(0, 5)", ".cx(5, 6)", ".cx(0, 1)", ".cx(1, 2)", ".cx(8, 13)", ".cx(2, 7)", ".cx(1, 4)", ".cx(8, 12)", ".cx(8, 10)", ".cx(8, 9)", ".h(1)", ".cx(1, 3)", ".cx(1, 5)", ".cx(5, 14)", ".cx(0, 8)", ".h(0)", ".cx(0, 11)", ".cx(0, 6)", ".cx(0, 1)", ".cx(1, 4)", ".cx(4, 13)", ".cx(3, 12)", ".h(2)", ".cx(2, 13)"]}, {"type": "degenerate", "A": [0, 1, 0, 1, 2, 1, 5, 15, 0, 0, 0, 0, 0, 0, 0], "B": [0, 1, 57, 335, 1852, 8579, 30221, 86151, 0, 0, 0, 0, 0, 0, 0], "gates": [".cx(1, 6)", ".cx(4, 8)", ".cx(0, 12)", ".cx(5, 10)", ".cx(2, 13)", ".h(10)", ".cx(10, 12)", ".cx(10, 14)", ".cx(3, 10)", ".cx(10, 13)", ".h(1)", ".cx(1, 5)", ".cx(1, 8)", ".cx(1, 9)", ".cx(1, 7)", ".h(1)", ".cx(1, 2)", ".cx(2, 6)", ".cx(6, 11)", ".cx(1, 3)", ".h(0)", ".cx(0, 1)", ".cx(1, 4)", ".cx(5, 10)", ".cx(1, 5)", ".cx(4, 13)", ".cx(6, 8)", ".cx(5, 11)", ".h(0)", ".cx(0, 6)", ".cx(6, 14)", ".cx(0, 1)", ".h(2)", ".cx(2, 10)"]}, {"type": "degenerate", "A": [0, 1, 0, 1, 2, 1, 10, 14, 0, 0, 0, 0, 0, 0, 0], "B": [0, 1, 65, 327, 1820, 8571, 30341, 86263, 0, 0, 0, 0, 0, 0, 0], "gates": [".cx(4, 6)", ".cx(2, 6)", ".cx(5, 8)", ".cx(1, 14)", ".cx(3, 11)", ".h(8)", ".cx(8, 11)", ".cx(8, 10)", ".cx(0, 8)", ".h(0)", ".cx(0, 2)", ".cx(0, 5)", ".cx(5, 14)", ".cx(2, 3)", ".cx(8, 13)", ".cx(0, 1)", ".cx(1, 6)", ".cx(8, 12)", ".cx(8, 9)", ".cx(3, 7)", ".cx(0, 8)", ".h(0)", ".cx(0, 4)", ".cx(0, 5)", ".cx(0, 2)", ".h(6)", ".cx(6, 11)", ".cx(6, 14)", ".cx(4, 13)", ".h(1)", ".cx(1, 9)", ".cx(5, 12)", ".cx(1, 4)", ".h(2)", ".cx(2, 9)"]}, {"type": "degenerate", "A": [0, 1, 0, 1, 0, 4, 7, 11, 0, 0, 0, 0, 0, 0, 0], "B": [0, 1, 57, 319, 1836, 8499, 30461, 86503, 0, 0, 0, 0, 0, 0, 0], "gates": [".cx(0, 7)", ".cx(5, 8)", ".cx(1, 13)", ".cx(4, 10)", ".h(0)", ".cx(0, 3)", ".cx(3, 8)", ".cx(0, 9)", ".cx(0, 2)", ".cx(2, 11)", ".cx(3, 13)", ".cx(0, 10)", ".h(0)", ".cx(0, 5)", ".cx(5, 7)", ".cx(7, 14)", ".cx(0, 1)", ".cx(1, 4)", ".cx(0, 6)", ".h(0)", ".cx(0, 12)", ".cx(0, 2)", ".cx(2, 5)", ".cx(5, 10)", ".cx(7, 13)", ".h(6)", ".cx(6, 8)", ".cx(8, 14)", ".cx(10, 11)", ".cx(6, 7)", ".cx(6, 11)", ".h(2)", ".cx(2, 4)", ".cx(0, 9)"]}, {"type": "degenerate", "A": [0, 2, 0, 1, 0, 5, 5, 12, 0, 0, 0, 0, 0, 0, 0], "B": [0, 2, 69, 415, 2250, 9668, 33827, 90543, 0, 0, 0, 0, 0, 0, 0], "gates": [".cx(5, 12)", ".cx(1, 6)", ".cx(0, 10)", ".cx(4, 9)", ".cx(3, 7)", ".h(1)", ".cx(1, 10)", ".cx(1, 2)", ".cx(2, 12)", ".cx(2, 9)", ".cx(1, 11)", ".cx(1, 8)", ".h(1)", ".cx(1, 5)", ".cx(5, 7)", ".cx(1, 4)", ".cx(1, 13)", ".h(1)", ".cx(1, 6)", ".cx(6, 14)", ".cx(1, 3)", ".h(0)", ".cx(0, 1)", ".cx(4, 10)", ".cx(1, 12)", ".cx(6, 7)", ".cx(7, 9)", ".cx(2, 3)", ".cx(1, 4)", ".cx(0, 5)", ".cx(4, 8)", ".cx(4, 11)", ".h(0)", ".cx(0, 13)"]}]