[{"type": "degenerate", "A": [0, 1, 0, 0, 0, 0, 1, 5, 0, 0, 0, 0, 0, 0, 0], "B": [0, 1, 76, 601, 3644, 17009, 60928, 173387, 0, 0, 0, 0, 0, 0, 0], "gates": [".cx(0, 13)", ".cx(1, 11)", ".cx(5, 12)", ".cx(4, 9)", ".cx(6, 7)", ".h(0)", ".cx(0, 1)", ".cx(0, 3)", ".cx(3, 9)", ".cx(0, 2)", ".cx(2, 14)", ".cx(0, 12)", ".cx(0, 7)", ".h(0)", ".cx(0, 4)", ".cx(0, 5)", ".cx(4, 11)", ".cx(0, 6)", ".h(0)", ".cx(0, 13)", ".cx(0, 8)", ".cx(0, 10)", ".cx(13, 14)", ".cx(6, 9)", ".cx(11, 13)", ".cx(0, 2)", ".h(0)", ".cx(0, 2)", ".cx(2, 12)", ".cx(2, 4)", ".cx(4, 11)", ".cx(0, 3)", ".cx(3, 5)", ".h(7)", ".cx(7, 11)", ".cx(5, 7)"]}, {"type": "non-degenerate", "A": [0, 0, 1, 0, 0, 0, 3, 6, 0, 0, 0, 0, 0, 0, 0], "B": [0, 0, 77, 519, 3150, 15178, 55911, 164463, 0, 0, 0, 0, 0, 0, 0], "gates": [".cx(1, 7)", ".cx(3, 10)", ".cx(5, 13)", ".cx(4, 14)", ".cx(0, 9)", ".h(1)", ".cx(1, 11)", ".cx(1, 2)", ".cx(2, 13)", ".cx(1, 6)", ".cx(6, 9)", ".h(0)", ".cx(0, 4)", ".cx(0, 7)", ".cx(7, 10)", ".cx(6, 14)", ".cx(1, 8)", ".cx(1, 12)", ".h(1)", ".cx(1, 5)", ".cx(1, 3)", ".cx(4, 13)", ".cx(5, 7)", ".cx(7, 14)", ".cx(1, 12)", ".h(1)", ".cx(1, 2)", ".cx(2, 9)", ".cx(9, 10)", ".cx(10, 11)", ".h(0)", ".cx(0, 1)", ".cx(1, 3)", ".cx(3, 6)"]}, {"type": "non-degenerate", "A": [0, 0, 0, 1, 0, 2, 2, 4, 0, 0, 0, 0, 0, 0, 0], "B": [0, 0, 73, 491, 2938, 14262, 54695, 164887, 0, 0, 0, 0, 0, 0, 0], "gates": [".cx(5, 10)", ".cx(4, 12)", ".cx(6, 11)", ".cx(1, 7)", ".cx(3, 13)", ".cx(0, 7)", ".h(8)", ".cx(8, 13)", ".h(1)", ".cx(1, 3)", ".cx(1, 2)", ".cx(2, 4)", ".cx(8, 12)", ".cx(8, 11)", ".cx(1, 10)", ".h(1)", ".cx(1, 6)", ".cx(6, 7)", ".cx(7, 9)", ".cx(2, 5)", ".cx(8, 14)", ".cx(0, 8)", ".h(0)", ".cx(0, 1)", ".cx(10, 14)", ".cx(6, 10)", ".cx(1, 13)", ".cx(1, 4)", ".cx(4, 8)", ".cx(8, 9)", ".cx(0, 5)", ".cx(3, 11)", ".h(3)", ".cx(3, 11)", ".cx(3, 7)"]}, {"type": "non-degenerate", "A": [0, 0, 0, 0, 0, 0, 3, 8, 0, 0, 0, 0, 0, 0, 0], "B": [0, 0, 57, 411, 2810, 14470, 54743, 164855, 0, 0, 0, 0, 0, 0, 0], "gates": [".cx(5, 9)", ".cx(6, 12)", ".cx(3, 11)", ".cx(1, 10)", ".cx(0, 13)", ".cx(2, 8)", ".cx(4, 8)", ".h(7)", ".cx(7, 8)", ".cx(7, 9)", ".cx(9, 13)", ".h(0)", ".cx(0, 1)", ".cx(1, 2)", ".cx(0, 6)", ".cx(7, 12)", ".cx(7, 11)", ".cx(0, 4)", ".cx(0, 14)", ".cx(7, 10)", ".h(0)", ".cx(0, 3)", ".cx(0, 5)", ".cx(4, 11)", ".cx(13, 14)", ".cx(3, 7)", ".cx(0, 6)", ".cx(6, 10)", ".h(0)", ".cx(0, 13)", ".cx(0, 2)", ".cx(2, 9)", ".h(1)", ".cx(1, 8)", ".cx(1, 3)", ".cx(1, 14)"]}, {"type": "non-degenerate", "A": [0, 0, 1, 1, 0, 0, 2, 3, 0, 0, 0, 0, 0, 0, 0], "B": [0, 0, 85, 579, 3306, 15134, 55843, 163719, 0, 0, 0, 0, 0, 0, 0], "gates": [".cx(1, 13)", ".cx(5, 13)", ".cx(2, 7)", ".cx(3, 8)", ".cx(6, 7)", ".h(8)", ".cx(8, 14)", ".cx(8, 12)", ".cx(0, 8)", ".h(0)", ".cx(0, 1)", ".cx(0, 4)", ".cx(4, 7)", ".cx(0, 3)", ".cx(1, 2)", ".cx(8, 10)", ".cx(3, 13)", ".cx(8, 11)", ".cx(8, 9)", ".cx(0, 8)", ".h(0)", ".cx(0, 5)", ".cx(5, 6)", ".cx(0, 2)", ".cx(2, 12)", ".cx(7, 9)", ".cx(5, 7)", ".h(1)", ".cx(1, 11)", ".cx(1, 6)", ".cx(6, 14)", ".cx(11, 13)", ".cx(6, 9)", ".h(3)", ".cx(3, 5)", ".cx(1, 5)", ".h(2)", ".cx(2, 6)"]}, {"type": "non-degenerate", "A": [0, 0, 0, 0, 0, 2, 2, 5, 0, 0, 0, 0, 0, 0, 0], "B": [0, 0, 59, 435, 2854, 14094, 55101, 165095, 0, 0, 0, 0, 0, 0, 0], "gates": [".cx(6, 10)", ".cx(0, 14)", ".cx(1, 11)", ".cx(3, 9)", ".cx(2, 13)", ".cx(5, 13)", ".h(7)", ".cx(7, 10)", ".cx(7, 9)", ".cx(4, 7)", ".cx(7, 13)", ".h(1)", ".cx(1, 2)", ".cx(1, 3)", ".cx(7, 11)", ".cx(2, 4)", ".cx(7, 14)", ".cx(7, 8)", ".cx(7, 12)", ".cx(0, 7)", ".h(0)", ".cx(0, 6)", ".cx(0, 5)", ".cx(6, 12)", ".cx(3, 7)", ".cx(0, 14)", ".cx(0, 4)", ".h(3)", ".cx(3, 10)", ".cx(5, 7)", ".cx(2, 8)", ".cx(3, 7)", ".cx(3, 5)", ".cx(0, 11)", ".h(12)", ".cx(1, 12)", ".cx(12, 13)", ".h(1)", ".cx(1, 2)", ".cx(2, 6)", ".cx(12, 14)"]}, {"type": "non-degenerate", "A": [0, 0, 0, 0, 2, 1, 1, 7, 0, 0, 0, 0, 0, 0, 0], "B": [0, 0, 69, 499, 2778, 14190, 54819, 164455, 0, 0, 0, 0, 0, 0, 0], "gates": [".cx(1, 11)", ".cx(0, 10)", ".cx(6, 13)", ".cx(3, 7)", ".cx(5, 7)", ".h(1)", ".cx(1, 8)", ".cx(1, 4)", ".cx(4, 5)", ".cx(1, 2)", ".cx(2, 9)", ".cx(4, 10)", ".cx(1, 12)", ".cx(1, 14)", ".h(1)", ".cx(1, 3)", ".cx(3, 11)", ".cx(11, 13)", ".cx(1, 6)", ".cx(6, 7)", ".h(0)", ".cx(0, 1)", ".cx(1, 9)", ".cx(1, 12)", ".h(1)", ".cx(1, 2)", ".cx(2, 10)", ".cx(10, 11)", ".cx(3, 8)", ".cx(2, 6)", ".cx(0, 1)", ".cx(1, 7)", ".cx(7, 14)", ".cx(5, 9)", ".h(3)", ".cx(3, 4)"]}, {"type": "non-degenerate", "A": [0, 0, 0, 0, 1, 1, 3, 5, 0, 0, 0, 0, 0, 0, 0], "B": [0, 0, 67, 447, 2850, 14130, 54905, 165023, 0, 0, 0, 0, 0, 0, 0], "gates": [".cx(5, 14)", ".cx(1, 8)", ".cx(0, 10)", ".cx(4, 7)", ".h(1)", ".cx(1, 10)", ".cx(1, 2)", ".cx(2, 14)", ".cx(1, 6)", ".cx(6, 7)", ".cx(1, 3)", ".cx(3, 9)", ".cx(1, 13)", ".cx(1, 12)", ".h(1)", ".cx(1, 4)", ".cx(4, 8)", ".cx(8, 11)", ".cx(1, 5)", ".h(0)", ".cx(0, 1)", ".cx(5, 7)", ".cx(1, 3)", ".cx(4, 12)", ".cx(1, 13)", ".h(1)", ".cx(1, 2)", ".cx(2, 4)", ".cx(4, 10)", ".cx(1, 3)", ".cx(3, 14)", ".cx(10, 11)", ".cx(3, 8)", ".h(7)", ".cx(7, 11)", ".cx(6, 7)", ".cx(0, 6)"]}, {"type": "non-degenerate", "A": [0, 0, 0, 0, 1, 1, 2, 5, 0, 0, 0, 0, 0, 0, 0], "B": [0, 0, 63, 455, 2850, 14154, 54837, 164975, 0, 0, 0, 0, 0, 0, 0], "gates": [".cx(0, 12)", ".cx(5, 13)", ".cx(1, 8)", ".cx(3, 9)", ".cx(6, 10)", ".cx(4, 10)", ".h(7)", ".cx(7, 10)", ".h(0)", ".cx(0, 1)", ".cx(1, 2)", ".cx(2, 6)", ".cx(7, 12)", ".cx(10, 13)", ".cx(2, 8)", ".cx(12, 14)", ".cx(0, 3)", ".h(4)", ".cx(4, 5)", ".cx(7, 11)", ".cx(4, 7)", ".cx(7, 9)", ".cx(7, 8)", ".cx(3, 11)", ".h(0)", ".cx(0, 1)", ".cx(1, 10)", ".h(4)", ".cx(4, 12)", ".cx(4, 5)", ".cx(5, 14)", ".cx(4, 6)", ".h(3)", ".cx(3, 7)", ".cx(2, 12)"]}, {"type": "non-degenerate", "A": [0, 0, 0, 0, 1, 1, 0, 8, 0, 0, 0, 0, 0, 0, 0], "B": [0, 0, 59, 451, 2902, 14110, 54701, 165383, 0, 0, 0, 0, 0, 0, 0], "gates": [".cx(1, 12)", ".cx(0, 8)", ".cx(4, 7)", ".cx(6, 9)", ".cx(3, 11)", ".h(1)", ".cx(1, 8)", ".cx(1, 2)", ".cx(2, 9)", ".cx(1, 5)", ".cx(5, 11)", ".h(0)", ".cx(0, 6)", ".cx(6, 12)", ".cx(0, 3)", ".cx(1, 10)", ".cx(0, 7)", ".cx(1, 13)", ".h(1)", ".cx(1, 4)", ".cx(1, 14)", ".cx(12, 13)", ".cx(1, 5)", ".cx(5, 7)", ".cx(1, 2)", ".h(1)", ".cx(1, 8)", ".cx(8, 11)", ".cx(11, 12)", ".cx(1, 2)", ".cx(2, 3)", ".cx(4, 9)", ".cx(12, 14)", ".h(0)", ".cx(0, 1)", ".h(9)", ".cx(9, 12)"]}, {"type": "non-degenerate", "A": [0, 0, 0, 0, 2, 1, 1, 6, 0, 0, 0, 0, 0, 0, 0], "B": [0, 0, 75, 463, 2834, 14274, 54449, 164799, 0, 0, 0, 0, 0, 0, 0], "gates": [".cx(2, 14)", ".cx(0, 11)", ".cx(5, 8)", ".cx(6, 10)", ".cx(3, 10)", ".h(0)", ".cx(0, 6)", ".cx(0, 4)", ".cx(4, 5)", ".cx(0, 1)", ".cx(1, 12)", ".cx(4, 14)", ".cx(0, 9)", ".h(0)", ".cx(0, 2)", ".cx(2, 10)", ".cx(10, 11)", ".cx(0, 8)", ".cx(0, 7)", ".cx(0, 13)", ".h(0)", ".cx(0, 3)", ".cx(11, 12)", ".cx(0, 4)", ".cx(4, 10)", ".cx(0, 6)", ".cx(6, 8)", ".cx(8, 14)", ".h(7)", ".cx(7, 11)", ".cx(7, 9)", ".h(0)", ".cx(0, 1)", ".cx(1, 13)", ".cx(1, 6)", ".h(10)", ".cx(10, 13)"]}, {"type": "non-degenerate", "A": [0, 0, 0, 1, 0, 0, 2, 3, 0, 0, 0, 0, 0, 0, 0], "B": [0, 0, 57, 499, 2978, 14254, 54895, 164199, 0, 0, 0, 0, 0, 0, 0], "gates": [".cx(4, 12)", ".cx(3, 13)", ".cx(1, 7)", ".cx(5, 9)", ".cx(6, 11)", ".cx(2, 13)", ".h(7)", ".cx(7, 13)", ".cx(7, 9)", ".cx(7, 8)", ".cx(0, 7)", ".h(0)", ".cx(0, 3)", ".cx(0, 1)", ".cx(1, 4)", ".cx(7, 14)", ".cx(4, 6)", ".cx(3, 5)", ".cx(7, 10)", ".cx(0, 7)", ".cx(7, 11)", ".cx(7, 12)", ".h(0)", ".cx(0, 2)", ".cx(2, 4)", ".cx(2, 8)", ".cx(0, 3)", ".cx(0, 7)", ".h(1)", ".cx(1, 2)", ".cx(2, 14)", ".h(7)", ".cx(7, 9)", ".cx(6, 7)", ".cx(9, 10)", ".cx(10, 12)", ".cx(1, 3)", ".cx(1, 5)", ".cx(4, 7)"]}, {"type": "degenerate", "A": [0, 1, 0, 0, 0, 1, 1, 6, 0, 0, 0, 0, 0, 0, 0], "B": [0, 1, 86, 597, 3580, 17125, 60842, 173283, 0, 0, 0, 0, 0, 0, 0], "gates": [".cx(5, 9)", ".cx(0, 12)", ".cx(6, 13)", ".cx(2, 7)", ".cx(1, 11)", ".cx(4, 7)", ".h(8)", ".cx(8, 9)", ".h(0)", ".cx(0, 1)", ".cx(0, 3)", ".cx(3, 7)", ".cx(8, 12)", ".cx(12, 13)", ".cx(1, 4)", ".cx(4, 5)", ".cx(8, 11)", ".cx(0, 14)", ".h(0)", ".cx(0, 6)", ".cx(0, 2)", ".cx(2, 10)", ".cx(9, 14)", ".cx(6, 8)", ".cx(0, 5)", ".h(0)", ".cx(0, 3)", ".cx(3, 9)", ".cx(0, 12)", ".h(6)", ".cx(6, 7)", ".h(1)", ".cx(1, 11)"]}, {"type": "non-degenerate", "A": [0, 0, 0, 1, 0, 1, 0, 13, 0, 0, 0, 0, 0, 0, 0], "B": [0, 0, 69, 483, 2906, 14462, 54883, 163015, 0, 0, 0, 0, 0, 0, 0], "gates": [".cx(3, 7)", ".cx(5, 8)", ".cx(4, 12)", ".cx(0, 10)", ".cx(6, 11)", ".cx(2, 7)", ".h(8)", ".cx(8, 11)", ".cx(8, 13)", ".cx(1, 8)", ".h(0)", ".cx(0, 5)", ".cx(5, 7)", ".h(1)", ".cx(1, 10)", ".cx(1, 3)", ".cx(0, 4)", ".cx(8, 12)", ".cx(10, 14)", ".cx(0, 2)", ".cx(1, 6)", ".cx(8, 9)", ".cx(2, 13)", ".h(0)", ".cx(0, 6)", ".cx(0, 2)", ".cx(6, 9)", ".cx(1, 8)", ".h(1)", ".cx(1, 4)", ".cx(4, 10)", ".cx(2, 14)", ".cx(3, 11)", ".cx(5, 8)", ".cx(3, 5)"]}, {"type": "non-degenerate", "A": [0, 0, 0, 1, 0, 0, 3, 8, 0, 0, 0, 0, 0, 0, 0], "B": [0, 0, 65, 495, 2894, 14402, 54875, 164351, 0, 0, 0, 0, 0, 0, 0], "gates": [".cx(5, 8)", ".cx(1, 13)", ".cx(0, 7)", ".cx(6, 11)", ".cx(3, 9)", ".cx(4, 13)", ".h(9)", ".cx(9, 11)", ".h(0)", ".cx(0, 4)", ".cx(0, 2)", ".cx(2, 8)", ".cx(9, 13)", ".cx(0, 6)", ".cx(9, 14)", ".cx(9, 12)", ".cx(9, 10)", ".h(0)", ".cx(0, 3)", ".cx(0, 1)", ".cx(1, 7)", ".h(0)", ".cx(0, 5)", ".cx(7, 14)", ".cx(2, 9)", ".cx(3, 9)", ".cx(4, 10)", ".cx(6, 12)", ".h(3)", ".cx(3, 4)", ".cx(4, 8)", ".cx(8, 12)", ".cx(1, 6)", ".cx(3, 7)", ".cx(3, 5)", ".h(8)", ".cx(8, 11)"]}, {"type": "non-degenerate", "A": [0, 0, 0, 0, 2, 0, 2, 4, 0, 0, 0, 0, 0, 0, 0], "B": [0, 0, 67, 463, 2914, 14082, 54617, 165055, 0, 0, 0, 0, 0, 0, 0], "gates": [".cx(6, 8)", ".cx(5, 8)", ".cx(0, 12)", ".cx(1, 7)", ".cx(3, 7)", ".h(0)", ".cx(0, 4)", ".cx(4, 8)", ".cx(0, 9)", ".cx(0, 2)", ".cx(2, 7)", ".cx(0, 6)", ".cx(4, 11)", ".h(0)", ".cx(0, 1)", ".cx(0, 5)", ".cx(1, 10)", ".cx(5, 14)", ".cx(0, 13)", ".h(0)", ".cx(0, 3)", ".cx(0, 12)", ".cx(12, 14)", ".cx(3, 8)", ".cx(0, 2)", ".h(7)", ".cx(7, 10)", ".cx(10, 12)", ".cx(7, 11)", ".cx(0, 1)", ".cx(3, 7)", ".h(0)", ".cx(0, 9)", ".cx(6, 7)", ".cx(5, 7)", ".cx(9, 14)", ".cx(1, 6)", ".cx(0, 2)", ".cx(0, 13)"]}, {"type": "non-degenerate", "A": [0, 0, 0, 0, 0, 0, 6, 5, 0, 0, 0, 0, 0, 0, 0], "B": [0, 0, 55, 443, 2790, 14182, 55289, 165047, 0, 0, 0, 0, 0, 0, 0], "gates": [".cx(2, 10)", ".cx(1, 9)", ".cx(0, 7)", ".cx(4, 14)", ".cx(6, 8)", ".h(0)", ".cx(0, 12)", ".cx(0, 5)", ".cx(5, 14)", ".cx(0, 3)", ".cx(3, 11)", ".h(9)", ".cx(9, 13)", ".cx(9, 10)", ".cx(0, 2)", ".h(0)", ".cx(0, 1)", ".cx(0, 4)", ".cx(4, 7)", ".cx(1, 6)", ".cx(7, 8)", ".cx(10, 14)", ".cx(0, 3)", ".h(0)", ".cx(0, 5)", ".cx(6, 9)", ".cx(5, 6)", ".cx(0, 1)", ".cx(9, 11)", ".cx(0, 13)", ".h(0)", ".cx(0, 2)", ".cx(2, 8)", ".cx(1, 4)", ".cx(3, 13)"]}, {"type": "non-degenerate", "A": [0, 0, 0, 0, 0, 3, 1, 5, 0, 0, 0, 0, 0, 0, 0], "B": [0, 0, 61, 451, 2810, 14110, 55099, 164999, 0, 0, 0, 0, 0, 0, 0], "gates": [".cx(6, 14)", ".cx(3, 13)", ".cx(1, 9)", ".cx(2, 10)", ".cx(4, 10)", ".cx(5, 9)", ".h(7)", ".cx(7, 9)", ".cx(7, 14)", ".cx(7, 13)", ".cx(0, 7)", ".h(0)", ".cx(0, 1)", ".cx(0, 2)", ".cx(2, 5)", ".cx(7, 8)", ".cx(1, 6)", ".cx(7, 11)", ".cx(7, 12)", ".cx(0, 7)", ".cx(7, 10)", ".h(0)", ".cx(0, 4)", ".cx(0, 3)", ".cx(4, 13)", ".cx(4, 5)", ".cx(5, 12)", ".cx(6, 11)", ".cx(3, 7)", ".h(6)", ".cx(6, 8)", ".h(10)", ".cx(10, 14)", ".cx(6, 7)", ".h(2)", ".cx(2, 3)", ".cx(2, 8)", ".h(13)", ".cx(5, 13)", ".h(4)", ".cx(4, 6)"]}, {"type": "non-degenerate", "A": [0, 0, 0, 0, 1, 1, 3, 7, 0, 0, 0, 0, 0, 0, 0], "B": [0, 0, 69, 447, 2822, 14162, 55015, 164767, 0, 0, 0, 0, 0, 0, 0], "gates": [".cx(0, 12)", ".cx(6, 7)", ".cx(2, 13)", ".cx(5, 9)", ".cx(4, 10)", ".h(0)", ".cx(0, 2)", ".cx(0, 1)", ".cx(1, 8)", ".cx(0, 3)", ".cx(3, 10)", ".cx(3, 7)", ".cx(0, 9)", ".cx(0, 11)", ".h(0)", ".cx(0, 6)", ".cx(6, 13)", ".cx(0, 5)", ".cx(0, 4)", ".cx(0, 14)", ".h(0)", ".cx(0, 12)", ".cx(12, 14)", ".cx(5, 7)", ".cx(0, 1)", ".cx(4, 11)", ".cx(0, 3)", ".h(0)", ".cx(0, 9)", ".cx(9, 13)", ".cx(0, 1)", ".cx(1, 10)", ".cx(0, 5)", ".cx(2, 14)", ".h(7)", ".cx(4, 7)", ".cx(7, 8)", ".cx(1, 4)"]}, {"type": "non-degenerate", "A": [0, 0, 0, 0, 0, 1, 5, 5, 0, 0, 0, 0, 0, 0, 0], "B": [0, 0, 57, 463, 2718, 14274, 55203, 164927, 0, 0, 0, 0, 0, 0, 0], "gates": [".cx(4, 13)", ".cx(3, 12)", ".cx(2, 10)", ".cx(6, 14)", ".cx(1, 7)", ".cx(0, 11)", ".cx(5, 13)", ".h(8)", ".cx(8, 13)", ".cx(8, 11)", ".h(1)", ".cx(1, 5)", ".cx(1, 2)", ".cx(8, 12)", ".cx(8, 10)", ".cx(1, 6)", ".cx(8, 9)", ".h(1)", ".cx(1, 4)", ".cx(1, 3)", ".cx(4, 7)", ".cx(4, 14)", ".h(0)", ".cx(0, 8)", ".cx(7, 9)", ".cx(2, 12)", ".cx(8, 14)", ".h(0)", ".cx(0, 6)", ".cx(6, 7)", ".cx(7, 11)", ".cx(0, 1)", ".cx(5, 8)", ".cx(3, 5)", ".cx(6, 13)", ".h(3)", ".cx(3, 12)"]}, {"type": "non-degenerate", "A": [0, 0, 0, 0, 0, 1, 2, 7, 0, 0, 0, 0, 0, 0, 0], "B": [0, 0, 59, 411, 2862, 14278, 54869, 164983, 0, 0, 0, 0, 0, 0, 0], "gates": [".cx(4, 7)", ".cx(3, 9)", ".cx(2, 12)", ".cx(6, 11)", ".cx(5, 13)", ".h(7)", ".cx(7, 9)", ".cx(7, 8)", ".cx(0, 7)", ".cx(7, 11)", ".cx(7, 13)", ".cx(1, 7)", ".h(1)", ".cx(1, 2)", ".cx(2, 3)", ".cx(3, 4)", ".cx(4, 6)", ".cx(7, 12)", ".cx(3, 5)", ".cx(7, 14)", ".cx(4, 10)", ".h(0)", ".cx(0, 1)", ".cx(6, 12)", ".cx(1, 8)", ".cx(0, 4)", ".cx(0, 9)", ".h(10)", ".cx(10, 14)", ".cx(5, 7)", ".cx(1, 5)", ".h(0)", ".cx(0, 2)", ".cx(0, 11)", ".cx(0, 7)", ".cx(0, 6)", ".h(4)", ".cx(4, 6)"]}, {"type": "degenerate", "A": [0, 1, 0, 0, 0, 0, 3, 6, 0, 0, 0, 0, 0, 0, 0], "B": [0, 1, 86, 585, 3600, 17089, 60966, 173355, 0, 0, 0, 0, 0, 0, 0], "gates": [".cx(0, 7)", ".cx(2, 10)", ".cx(5, 9)", ".cx(1, 13)", ".cx(4, 13)", ".h(0)", ".cx(0, 1)", ".cx(0, 3)", ".cx(3, 12)", ".cx(0, 6)", ".cx(6, 8)", ".cx(0, 9)", ".cx(0, 14)", ".h(0)", ".cx(0, 2)", ".cx(2, 13)", ".cx(0, 4)", ".cx(0, 5)", ".h(0)", ".cx(0, 7)", ".cx(7, 10)", ".cx(3, 11)", ".cx(4, 8)", ".cx(0, 3)", ".h(0)", ".cx(0, 6)", ".cx(6, 9)", ".cx(0, 3)", ".cx(3, 4)", ".h(0)", ".cx(0, 1)", ".cx(1, 5)", ".cx(5, 7)", ".cx(5, 14)", ".cx(6, 13)"]}, {"type": "degenerate", "A": [0, 1, 0, 0, 0, 1, 1, 10, 0, 0, 0, 0, 0, 0, 0], "B": [0, 1, 82, 621, 3580, 16877, 61350, 173395, 0, 0, 0, 0, 0, 0, 0], "gates": [".cx(2, 9)", ".cx(0, 8)", ".cx(3, 12)", ".cx(4, 14)", ".cx(5, 10)", ".h(2)", ".cx(2, 7)", ".cx(2, 6)", ".cx(6, 10)", ".h(0)", ".cx(0, 12)", ".cx(0, 1)", ".cx(1, 13)", ".cx(0, 14)", ".cx(2, 5)", ".cx(5, 8)", ".cx(2, 11)", ".h(2)", ".cx(2, 4)", ".cx(4, 9)", ".cx(2, 3)", ".cx(9, 12)", ".cx(3, 8)", ".cx(8, 14)", ".cx(1, 2)", ".cx(2, 6)", ".h(8)", ".cx(8, 10)", ".cx(0, 5)", ".cx(6, 13)", ".cx(8, 9)", ".h(1)", ".cx(1, 2)", ".cx(2, 3)", ".cx(2, 14)"]}, {"type": "non-degenerate", "A": [0, 0, 0, 0, 0, 2, 4, 3, 0, 0, 0, 0, 0, 0, 0], "B": [0, 0, 63, 439, 2802, 14170, 55013, 165327, 0, 0, 0, 0, 0, 0, 0], "gates": [".cx(1, 7)", ".cx(0, 8)", ".cx(6, 12)", ".cx(2, 11)", ".cx(4, 9)", ".h(1)", ".cx(1, 12)", ".cx(1, 3)", ".cx(3, 9)", ".cx(1, 5)", ".cx(5, 13)", ".h(0)", ".cx(0, 7)", ".cx(7, 11)", ".cx(0, 14)", ".cx(3, 8)", ".cx(1, 10)", ".h(1)", ".cx(1, 4)", ".cx(1, 2)", ".cx(4, 6)", ".cx(6, 11)", ".cx(7, 13)", ".h(1)", ".cx(1, 5)", ".cx(5, 9)", ".cx(1, 2)", ".cx(2, 8)", ".cx(8, 14)", ".h(0)", ".cx(0, 1)", ".cx(1, 3)", ".cx(12, 14)", ".cx(3, 6)", ".h(0)", ".cx(0, 10)"]}, {"type": "non-degenerate", "A": [0, 0, 0, 0, 0, 1, 2, 9, 0, 0, 0, 0, 0, 0, 0], "B": [0, 0, 57, 431, 2798, 14370, 54739, 165375, 0, 0, 0, 0, 0, 0, 0], "gates": [".cx(0, 13)", ".cx(4, 10)", ".cx(3, 7)", ".cx(5, 9)", ".cx(6, 8)", ".h(0)", ".cx(0, 8)", ".cx(0, 1)", ".cx(1, 9)", ".cx(0, 2)", ".cx(2, 11)", ".cx(0, 3)", ".cx(1, 10)", ".cx(0, 12)", ".h(0)", ".cx(0, 4)", ".cx(0, 6)", ".cx(4, 7)", ".cx(0, 5)", ".cx(0, 14)", ".h(0)", ".cx(0, 13)", ".cx(13, 14)", ".cx(0, 1)", ".cx(5, 11)", ".cx(6, 10)", ".cx(0, 2)", ".cx(2, 4)", ".h(0)", ".cx(0, 3)", ".cx(3, 5)", ".cx(5, 12)", ".cx(0, 1)", ".cx(1, 6)", ".h(10)", ".cx(10, 14)", ".cx(4, 8)"]}, {"type": "non-degenerate", "A": [0, 0, 0, 0, 0, 2, 2, 9, 0, 0, 0, 0, 0, 0, 0], "B": [0, 0, 65, 423, 2806, 14282, 54835, 165423, 0, 0, 0, 0, 0, 0, 0], "gates": [".cx(0, 8)", ".cx(3, 7)", ".cx(2, 14)", ".cx(4, 10)", ".cx(5, 13)", ".h(0)", ".cx(0, 14)", ".cx(0, 1)", ".cx(1, 10)", ".cx(0, 6)", ".cx(6, 9)", ".cx(1, 7)", ".cx(0, 13)", ".cx(0, 12)", ".h(0)", ".cx(0, 5)", ".cx(0, 3)", ".cx(0, 4)", ".cx(0, 11)", ".h(0)", ".cx(0, 8)", ".cx(0, 2)", ".cx(8, 14)", ".cx(5, 7)", ".cx(2, 3)", ".cx(3, 12)", ".cx(0, 1)", ".cx(0, 6)", ".h(0)", ".cx(0, 14)", ".cx(0, 4)", ".cx(4, 9)", ".cx(0, 10)", ".cx(4, 6)", ".cx(4, 8)", ".cx(8, 11)", ".h(6)", ".cx(3, 6)"]}, {"type": "non-degenerate", "A": [0, 0, 0, 0, 1, 2, 3, 6, 0, 0, 0, 0, 0, 0, 0], "B": [0, 0, 75, 451, 2790, 14174, 54957, 164871, 0, 0, 0, 0, 0, 0, 0], "gates": [".cx(0, 9)", ".cx(4, 11)", ".cx(1, 12)", ".cx(6, 8)", ".cx(2, 13)", ".h(0)", ".cx(0, 13)", ".cx(0, 5)", ".cx(5, 8)", ".cx(0, 3)", ".cx(3, 11)", ".cx(0, 12)", ".cx(3, 10)", ".cx(0, 14)", ".h(0)", ".cx(0, 4)", ".cx(0, 6)", ".cx(6, 7)", ".cx(0, 1)", ".h(0)", ".cx(0, 9)", ".cx(0, 2)", ".cx(4, 8)", ".cx(0, 5)", ".cx(2, 6)", ".cx(6, 14)", ".cx(0, 13)", ".cx(0, 3)", ".h(0)", ".cx(0, 13)", ".cx(9, 13)", ".cx(0, 1)", ".cx(1, 11)", ".cx(0, 5)", ".cx(5, 7)", ".cx(5, 10)", ".cx(1, 2)"]}, {"type": "non-degenerate", "A": [0, 0, 0, 1, 0, 0, 3, 5, 0, 0, 0, 0, 0, 0, 0], "B": [0, 0, 61, 507, 2898, 14342, 55043, 163895, 0, 0, 0, 0, 0, 0, 0], "gates": [".cx(2, 11)", ".cx(5, 9)", ".cx(0, 12)", ".cx(3, 7)", ".cx(6, 8)", ".h(0)", ".cx(0, 9)", ".cx(0, 1)", ".cx(1, 8)", ".cx(0, 4)", ".cx(4, 11)", ".cx(4, 7)", ".cx(0, 14)", ".cx(0, 13)", ".h(0)", ".cx(0, 6)", ".cx(0, 2)", ".cx(2, 10)", ".cx(0, 5)", ".h(0)", ".cx(0, 12)", ".cx(0, 3)", ".cx(12, 14)", ".cx(6, 9)", ".cx(0, 1)", ".cx(5, 7)", ".cx(1, 5)", ".h(0)", ".cx(0, 4)", ".cx(7, 14)", ".cx(4, 12)", ".cx(0, 2)", ".h(11)", ".cx(11, 13)", ".cx(3, 11)", ".h(8)", ".cx(8, 10)", ".cx(8, 9)"]}, {"type": "degenerate", "A": [0, 1, 0, 0, 0, 1, 2, 7, 0, 0, 0, 0, 0, 0, 0], "B": [0, 1, 88, 601, 3572, 17009, 61172, 173131, 0, 0, 0, 0, 0, 0, 0], "gates": [".cx(5, 9)", ".cx(3, 8)", ".cx(0, 13)", ".cx(1, 10)", ".cx(2, 7)", ".h(0)", ".cx(0, 12)", ".cx(0, 6)", ".cx(6, 14)", ".cx(0, 4)", ".cx(4, 8)", ".cx(0, 10)", ".cx(0, 7)", ".h(0)", ".cx(0, 5)", ".cx(5, 11)", ".cx(0, 3)", ".cx(0, 2)", ".h(0)", ".cx(0, 13)", ".cx(0, 1)", ".cx(0, 9)", ".cx(2, 4)", ".cx(1, 3)", ".cx(3, 14)", ".cx(0, 6)", ".cx(0, 10)", ".h(0)", ".cx(0, 7)", ".cx(0, 6)", ".cx(6, 12)", ".cx(0, 2)", ".cx(2, 13)", ".h(9)", ".cx(9, 12)", ".cx(4, 12)", ".cx(6, 8)"]}, {"type": "non-degenerate", "A": [0, 0, 0, 0, 1, 0, 3, 5, 0, 0, 0, 0, 0, 0, 0], "B": [0, 0, 55, 475, 2822, 14150, 55001, 164855, 0, 0, 0, 0, 0, 0, 0], "gates": [".cx(0, 9)", ".cx(2, 13)", ".cx(5, 14)", ".cx(4, 8)", ".cx(6, 7)", ".h(0)", ".cx(0, 8)", ".cx(0, 1)", ".cx(1, 13)", ".cx(0, 3)", ".cx(3, 11)", ".cx(0, 7)", ".cx(0, 14)", ".h(0)", ".cx(0, 5)", ".cx(0, 6)", ".cx(0, 10)", ".cx(0, 12)", ".cx(0, 4)", ".h(0)", ".cx(0, 2)", ".cx(0, 9)", ".cx(9, 13)", ".cx(5, 11)", ".cx(2, 5)", ".cx(0, 3)", ".h(0)", ".cx(0, 1)", ".cx(0, 6)", ".cx(6, 9)", ".cx(1, 14)", ".cx(0, 3)", ".cx(3, 8)", ".cx(8, 10)", ".h(9)", ".cx(9, 12)", ".h(8)", ".cx(8, 14)"]}, {"type": "degenerate", "A": [0, 1, 0, 0, 0, 0, 4, 5, 0, 0, 0, 0, 0, 0, 0], "B": [0, 1, 82, 613, 3572, 16949, 61294, 173315, 0, 0, 0, 0, 0, 0, 0], "gates": [".cx(3, 8)", ".cx(0, 13)", ".cx(4, 12)", ".cx(5, 11)", ".cx(6, 7)", ".cx(2, 12)", ".h(7)", ".cx(7, 9)", ".cx(7, 10)", ".cx(1, 7)", ".h(1)", ".cx(1, 2)", ".cx(2, 6)", ".cx(1, 3)", ".cx(7, 11)", ".cx(3, 4)", ".cx(1, 5)", ".cx(7, 8)", ".cx(7, 14)", ".cx(6, 7)", ".cx(7, 13)", ".cx(7, 12)", ".h(0)", ".cx(0, 1)", ".cx(1, 2)", ".h(0)", ".cx(0, 4)", ".cx(4, 11)", ".cx(1, 7)", ".cx(5, 14)", ".cx(4, 13)", ".h(1)", ".cx(1, 2)", ".cx(1, 3)", ".cx(2, 8)", ".cx(1, 12)", ".cx(1, 6)", ".cx(0, 6)"]}, {"type": "non-degenerate", "A": [0, 0, 0, 0, 0, 1, 3, 11, 0, 0, 0, 0, 0, 0, 0], "B": [0, 0, 63, 423, 2786, 14250, 55349, 164399, 0, 0, 0, 0, 0, 0, 0], "gates": [".cx(2, 8)", ".cx(4, 12)", ".cx(1, 10)", ".cx(6, 7)", ".cx(3, 14)", ".cx(5, 13)", ".h(7)", ".cx(7, 10)", ".cx(7, 14)", ".cx(0, 7)", ".h(0)", ".cx(0, 4)", ".cx(0, 6)", ".cx(7, 8)", ".cx(4, 5)", ".cx(7, 13)", ".cx(0, 1)", ".cx(1, 2)", ".cx(7, 9)", ".cx(6, 7)", ".cx(7, 12)", ".cx(7, 11)", ".h(0)", ".cx(0, 3)", ".cx(3, 9)", ".cx(0, 6)", ".h(0)", ".cx(0, 1)", ".cx(0, 13)", ".cx(3, 4)", ".cx(4, 14)", ".cx(5, 7)", ".h(7)", ".cx(7, 12)", ".cx(7, 8)", ".cx(1, 4)", ".cx(8, 14)", ".h(5)", ".cx(5, 6)"]}, {"type": "non-degenerate", "A": [0, 0, 0, 0, 1, 1, 3, 4, 0, 0, 0, 0, 0, 0, 0], "B": [0, 0, 61, 479, 2790, 14162, 54943, 164959, 0, 0, 0, 0, 0, 0, 0], "gates": [".cx(1, 11)", ".cx(0, 12)", ".cx(5, 9)", ".cx(6, 7)", ".cx(4, 10)", ".h(0)", ".cx(0, 1)", ".cx(0, 2)", ".cx(2, 5)", ".cx(0, 3)", ".cx(3, 6)", ".h(8)", ".cx(8, 12)", ".cx(8, 11)", ".cx(12, 13)", ".cx(8, 9)", ".cx(0, 14)", ".cx(8, 10)", ".h(0)", ".cx(0, 4)", ".cx(4, 7)", ".cx(2, 11)", ".cx(7, 8)", ".cx(0, 1)", ".cx(1, 12)", ".cx(6, 13)", ".cx(0, 6)", ".h(0)", ".cx(0, 3)", ".cx(0, 9)", ".cx(9, 14)", ".cx(0, 1)", ".cx(1, 5)", ".h(4)", ".cx(4, 13)"]}, {"type": "non-degenerate", "A": [0, 0, 0, 0, 0, 0, 3, 7, 0, 0, 0, 0, 0, 0, 0], "B": [0, 0, 51, 435, 2806, 14350, 54949, 164839, 0, 0, 0, 0, 0, 0, 0], "gates": [".cx(1, 11)", ".cx(4, 12)", ".cx(0, 8)", ".cx(3, 7)", ".cx(5, 9)", ".h(1)", ".cx(1, 9)", ".cx(1, 2)", ".cx(2, 8)", ".cx(1, 6)", ".cx(6, 10)", ".cx(1, 12)", ".cx(1, 13)", ".h(1)", ".cx(1, 3)", ".cx(3, 5)", ".cx(1, 4)", ".cx(1, 14)", ".h(1)", ".cx(1, 11)", ".cx(1, 7)", ".h(0)", ".cx(0, 1)", ".cx(11, 14)", ".cx(5, 10)", ".cx(1, 2)", ".cx(2, 9)", ".cx(1, 6)", ".cx(4, 6)", ".cx(6, 13)", ".cx(8, 11)", ".cx(0, 4)", ".h(1)", ".cx(1, 5)", ".cx(5, 8)"]}, {"type": "non-degenerate", "A": [0, 0, 0, 0, 2, 0, 1, 7, 0, 0, 0, 0, 0, 0, 0], "B": [0, 0, 69, 459, 2866, 14262, 54507, 164695, 0, 0, 0, 0, 0, 0, 0], "gates": [".cx(3, 8)", ".cx(0, 12)", ".cx(6, 14)", ".cx(5, 9)", ".cx(1, 13)", ".h(0)", ".cx(0, 7)", ".cx(0, 2)", ".cx(2, 14)", ".cx(0, 4)", ".cx(4, 11)", ".cx(2, 8)", ".cx(4, 13)", ".cx(0, 10)", ".h(0)", ".cx(0, 1)", ".cx(0, 6)", ".cx(6, 9)", ".cx(0, 3)", ".h(0)", ".cx(0, 12)", ".cx(0, 5)", ".cx(12, 14)", ".cx(9, 11)", ".cx(0, 4)", ".cx(0, 3)", ".cx(3, 7)", ".cx(1, 14)", ".h(0)", ".cx(0, 10)", ".cx(0, 9)", ".cx(10, 12)", ".cx(0, 2)", ".cx(0, 14)", ".cx(2, 6)", ".h(8)", ".cx(8, 10)"]}, {"type": "degenerate", "A": [0, 1, 0, 0, 0, 1, 0, 9, 0, 0, 0, 0, 0, 0, 0], "B": [0, 1, 84, 597, 3608, 17061, 60828, 173667, 0, 0, 0, 0, 0, 0, 0], "gates": [".cx(2, 8)", ".cx(5, 11)", ".cx(0, 12)", ".cx(1, 14)", ".cx(3, 13)", ".cx(6, 10)", ".h(7)", ".cx(7, 8)", ".h(0)", ".cx(0, 1)", ".cx(0, 4)", ".cx(4, 9)", ".cx(8, 12)", ".cx(12, 13)", ".cx(0, 5)", ".cx(7, 10)", ".cx(10, 11)", ".cx(1, 6)", ".cx(7, 14)", ".h(0)", ".cx(0, 3)", ".cx(0, 2)", ".cx(4, 7)", ".cx(5, 8)", ".cx(2, 13)", ".cx(3, 9)", ".cx(9, 11)", ".cx(3, 4)", ".h(0)", ".cx(0, 12)", ".cx(12, 14)", ".h(0)", ".cx(0, 1)", ".cx(1, 8)", ".h(3)", ".cx(3, 5)", ".cx(0, 12)"]}, {"type": "non-degenerate", "A": [0, 0, 0, 1, 1, 0, 2, 3, 0, 0, 0, 0, 0, 0, 0], "B": [0, 0, 69, 507, 3010, 14150, 54811, 164151, 0, 0, 0, 0, 0, 0, 0], "gates": [".cx(2, 13)", ".cx(3, 10)", ".cx(5, 12)", ".cx(1, 9)", ".cx(6, 8)", ".cx(0, 8)", ".cx(4, 13)", ".h(7)", ".cx(7, 8)", ".cx(8, 13)", ".cx(7, 10)", ".h(0)", ".cx(0, 11)", ".cx(0, 2)", ".cx(7, 12)", ".cx(7, 9)", ".cx(0, 14)", ".h(0)", ".cx(0, 5)", ".cx(0, 4)", ".cx(5, 6)", ".cx(0, 1)", ".h(0)", ".cx(0, 3)", ".cx(6, 9)", ".cx(2, 7)", ".cx(3, 12)", ".cx(0, 1)", ".cx(1, 13)", ".cx(1, 11)", ".cx(13, 14)", ".h(5)", ".cx(5, 10)", ".cx(2, 3)", ".h(6)", ".cx(6, 8)"]}, {"type": "non-degenerate", "A": [0, 0, 0, 0, 1, 0, 2, 6, 0, 0, 0, 0, 0, 0, 0], "B": [0, 0, 59, 443, 2878, 14214, 54757, 164919, 0, 0, 0, 0, 0, 0, 0], "gates": [".cx(6, 13)", ".cx(0, 8)", ".cx(4, 10)", ".cx(2, 14)", ".cx(3, 7)", ".cx(5, 12)", ".h(0)", ".cx(0, 7)", ".cx(0, 1)", ".cx(1, 14)", ".cx(1, 13)", ".cx(0, 10)", ".cx(0, 11)", ".h(0)", ".cx(0, 4)", ".cx(0, 2)", ".cx(4, 6)", ".cx(6, 12)", ".cx(0, 3)", ".cx(0, 5)", ".h(0)", ".cx(0, 8)", ".cx(0, 9)", ".cx(8, 12)", ".cx(2, 10)", ".cx(0, 1)", ".cx(1, 3)", ".h(0)", ".cx(0, 5)", ".cx(5, 14)", ".cx(3, 5)", ".cx(0, 6)", ".cx(0, 9)", ".h(7)", ".cx(7, 14)", ".cx(7, 13)", ".h(4)", ".cx(4, 5)"]}, {"type": "non-degenerate", "A": [0, 0, 0, 0, 2, 0, 0, 8, 0, 0, 0, 0, 0, 0, 0], "B": [0, 0, 61, 491, 2834, 14198, 54755, 164375, 0, 0, 0, 0, 0, 0, 0], "gates": [".cx(0, 9)", ".cx(6, 9)", ".cx(2, 7)", ".cx(5, 12)", ".cx(1, 13)", ".h(2)", ".cx(2, 13)", ".cx(2, 4)", ".cx(4, 9)", ".cx(2, 3)", ".cx(3, 10)", ".cx(4, 12)", ".h(0)", ".cx(0, 1)", ".cx(0, 7)", ".cx(7, 8)", ".cx(9, 14)", ".cx(2, 11)", ".h(2)", ".cx(2, 6)", ".cx(2, 5)", ".cx(1, 10)", ".cx(2, 14)", ".cx(6, 7)", ".cx(7, 12)", ".cx(12, 13)", ".h(2)", ".cx(2, 3)", ".cx(3, 8)", ".cx(3, 5)", ".cx(5, 11)", ".cx(2, 4)", ".cx(4, 13)", ".cx(0, 2)", ".h(0)", ".cx(0, 3)"]}, {"type": "non-degenerate", "A": [0, 0, 0, 1, 0, 0, 1, 9, 0, 0, 0, 0, 0, 0, 0], "B": [0, 0, 67, 455, 3002, 14410, 54593, 164463, 0, 0, 0, 0, 0, 0, 0], "gates": [".cx(0, 9)", ".cx(5, 10)", ".cx(3, 14)", ".cx(6, 12)", ".h(0)", ".cx(0, 8)", ".cx(0, 1)", ".cx(1, 12)", ".cx(0, 2)", ".cx(2, 13)", ".cx(0, 4)", ".cx(4, 10)", ".cx(1, 14)", ".cx(0, 7)", ".h(0)", ".cx(0, 3)", ".cx(3, 9)", ".cx(0, 6)", ".cx(0, 11)", ".cx(9, 10)", ".h(0)", ".cx(0, 5)", ".cx(5, 13)", ".cx(9, 12)", ".cx(0, 2)", ".cx(2, 3)", ".cx(10, 14)", ".cx(0, 11)", ".h(0)", ".cx(0, 8)", ".cx(8, 9)", ".cx(6, 7)", ".h(10)", ".cx(10, 14)", ".cx(8, 13)", ".h(7)", ".cx(7, 8)", ".cx(0, 4)"]}, {"type": "non-degenerate", "A": [0, 0, 0, 0, 0, 1, 4, 5, 0, 0, 0, 0, 0, 0, 0], "B": [0, 0, 57, 443, 2794, 14214, 55111, 165047, 0, 0, 0, 0, 0, 0, 0], "gates": [".cx(0, 10)", ".cx(5, 12)", ".cx(3, 8)", ".cx(2, 9)", ".cx(6, 7)", ".h(0)", ".cx(0, 2)", ".cx(0, 4)", ".cx(4, 7)", ".cx(0, 1)", ".cx(1, 8)", ".cx(0, 12)", ".cx(1, 11)", ".cx(0, 14)", ".h(0)", ".cx(0, 3)", ".cx(0, 9)", ".cx(0, 5)", ".h(0)", ".cx(0, 10)", ".cx(0, 6)", ".cx(0, 13)", ".cx(10, 11)", ".cx(5, 8)", ".cx(0, 1)", ".cx(3, 6)", ".h(0)", ".cx(0, 4)", ".cx(4, 12)", ".cx(6, 11)", ".cx(0, 9)", ".cx(0, 2)", ".cx(2, 13)", ".cx(2, 5)", ".cx(1, 4)", ".h(7)", ".cx(7, 12)", ".cx(7, 11)"]}, {"type": "non-degenerate", "A": [0, 0, 1, 0, 0, 1, 2, 5, 0, 0, 0, 0, 0, 0, 0], "B": [0, 0, 75, 547, 3126, 15070, 56061, 164423, 0, 0, 0, 0, 0, 0, 0], "gates": [".cx(6, 8)", ".cx(2, 7)", ".cx(0, 10)", ".cx(4, 12)", ".cx(3, 11)", ".cx(5, 13)", ".h(0)", ".cx(0, 7)", ".cx(0, 1)", ".cx(1, 8)", ".cx(1, 13)", ".cx(0, 12)", ".cx(0, 11)", ".cx(0, 14)", ".h(0)", ".cx(0, 4)", ".cx(0, 3)", ".cx(0, 5)", ".cx(0, 2)", ".h(0)", ".cx(0, 6)", ".cx(0, 10)", ".cx(6, 9)", ".cx(10, 12)", ".cx(4, 13)", ".cx(2, 14)", ".cx(0, 5)", ".h(0)", ".cx(0, 1)", ".cx(1, 3)", ".cx(3, 8)", ".cx(8, 10)", ".cx(5, 8)", ".h(7)", ".cx(7, 13)", ".h(4)", ".cx(4, 6)"]}, {"type": "non-degenerate", "A": [0, 0, 0, 0, 1, 2, 1, 7, 0, 0, 0, 0, 0, 0, 0], "B": [0, 0, 65, 475, 2794, 14182, 54735, 165367, 0, 0, 0, 0, 0, 0, 0], "gates": [".cx(3, 11)", ".cx(5, 9)", ".cx(4, 10)", ".cx(6, 7)", ".cx(1, 12)", ".cx(2, 13)", ".h(7)", ".cx(7, 14)", ".cx(7, 8)", ".cx(0, 7)", ".h(0)", ".cx(0, 2)", ".cx(0, 6)", ".cx(7, 10)", ".cx(6, 13)", ".cx(0, 5)", ".cx(7, 11)", ".cx(0, 1)", ".cx(7, 12)", ".h(0)", ".cx(0, 3)", ".cx(3, 9)", ".cx(0, 4)", ".cx(2, 12)", ".cx(4, 11)", ".cx(9, 13)", ".cx(0, 6)", ".cx(6, 10)", ".h(0)", ".cx(0, 1)", ".cx(1, 3)", ".cx(0, 7)", ".cx(7, 9)", ".cx(7, 14)", ".h(0)", ".cx(0, 8)", ".cx(0, 5)", ".cx(5, 6)", ".cx(4, 8)"]}, {"type": "non-degenerate", "A": [0, 0, 0, 0, 0, 1, 3, 5, 0, 0, 0, 0, 0, 0, 0], "B": [0, 0, 59, 419, 2838, 14302, 54797, 165191, 0, 0, 0, 0, 0, 0, 0], "gates": [".cx(2, 11)", ".cx(0, 8)", ".cx(1, 10)", ".cx(5, 13)", ".cx(4, 9)", ".cx(6, 7)", ".cx(3, 14)", ".h(7)", ".cx(7, 13)", ".cx(7, 8)", ".h(0)", ".cx(0, 2)", ".cx(0, 6)", ".cx(8, 14)", ".cx(2, 9)", ".cx(6, 11)", ".cx(7, 10)", ".cx(0, 3)", ".cx(0, 12)", ".h(0)", ".cx(0, 1)", ".cx(0, 4)", ".cx(4, 5)", ".cx(3, 7)", ".cx(1, 6)", ".cx(5, 10)", ".h(0)", ".cx(0, 2)", ".cx(0, 8)", ".cx(8, 11)", ".cx(0, 5)", ".cx(5, 9)", ".cx(6, 13)", ".h(0)", ".cx(0, 1)", ".cx(1, 12)"]}, {"type": "non-degenerate", "A": [0, 0, 0, 0, 0, 2, 5, 3, 0, 0, 0, 0, 0, 0, 0], "B": [0, 0, 63, 451, 2782, 14078, 55273, 165255, 0, 0, 0, 0, 0, 0, 0], "gates": [".cx(0, 13)", ".cx(4, 10)", ".cx(5, 12)", ".cx(2, 9)", ".cx(1, 14)", ".cx(3, 8)", ".cx(6, 10)", ".h(7)", ".cx(7, 10)", ".cx(7, 13)", ".cx(10, 12)", ".cx(13, 14)", ".h(0)", ".cx(0, 5)", ".cx(0, 2)", ".cx(2, 6)", ".cx(0, 3)", ".cx(7, 8)", ".cx(3, 11)", ".cx(7, 9)", ".h(0)", ".cx(0, 4)", ".cx(0, 1)", ".cx(1, 12)", ".cx(6, 7)", ".cx(0, 3)", ".cx(3, 14)", ".h(0)", ".cx(0, 13)", ".cx(0, 5)", ".cx(5, 9)", ".cx(0, 4)", ".cx(4, 11)", ".h(6)", ".cx(6, 10)"]}, {"type": "non-degenerate", "A": [0, 0, 0, 3, 0, 0, 1, 3, 0, 0, 0, 0, 0, 0, 0], "B": [0, 0, 91, 583, 3162, 14602, 54521, 162159, 0, 0, 0, 0, 0, 0, 0], "gates": [".cx(6, 11)", ".cx(3, 9)", ".cx(0, 13)", ".cx(4, 14)", ".cx(1, 11)", ".h(0)", ".cx(0, 7)", ".cx(0, 2)", ".cx(2, 11)", ".cx(0, 5)", ".cx(5, 9)", ".cx(0, 10)", ".cx(0, 12)", ".h(0)", ".cx(0, 6)", ".cx(0, 3)", ".cx(3, 8)", ".cx(0, 4)", ".h(0)", ".cx(0, 1)", ".cx(0, 13)", ".cx(13, 14)", ".cx(6, 9)", ".cx(2, 3)", ".cx(1, 2)", ".cx(1, 4)", ".cx(4, 11)", ".h(0)", ".cx(0, 7)", ".cx(7, 13)", ".h(8)", ".cx(8, 12)", ".cx(8, 9)", ".cx(9, 10)", ".cx(9, 14)"]}, {"type": "non-degenerate", "A": [0, 0, 0, 1, 0, 2, 0, 8, 0, 0, 0, 0, 0, 0, 0], "B": [0, 0, 71, 491, 2934, 14294, 54809, 164375, 0, 0, 0, 0, 0, 0, 0], "gates": [".cx(2, 10)", ".cx(1, 8)", ".cx(4, 7)", ".cx(6, 13)", ".cx(0, 11)", ".h(2)", ".cx(2, 11)", ".cx(2, 5)", ".cx(5, 7)", ".cx(2, 3)", ".cx(3, 9)", ".h(0)", ".cx(0, 1)", ".cx(1, 10)", ".cx(2, 13)", ".cx(2, 8)", ".h(2)", ".cx(2, 4)", ".cx(2, 6)", ".cx(4, 12)", ".cx(2, 14)", ".cx(10, 13)", ".cx(2, 3)", ".cx(0, 2)", ".h(0)", ".cx(0, 6)", ".cx(6, 7)", ".cx(0, 9)", ".cx(9, 11)", ".cx(1, 14)", ".h(2)", ".cx(2, 5)", ".cx(5, 10)", ".cx(10, 14)", ".h(11)", ".cx(11, 12)", ".cx(7, 11)"]}, {"type": "non-degenerate", "A": [0, 0, 0, 0, 1, 1, 2, 6, 0, 0, 0, 0, 0, 0, 0], "B": [0, 0, 67, 439, 2858, 14202, 54769, 164943, 0, 0, 0, 0, 0, 0, 0], "gates": [".cx(4, 12)", ".cx(0, 9)", ".cx(6, 11)", ".cx(3, 10)", ".cx(5, 7)", ".h(0)", ".cx(0, 13)", ".cx(0, 1)", ".cx(1, 8)", ".cx(0, 2)", ".cx(2, 14)", ".cx(0, 7)", ".cx(0, 12)", ".h(0)", ".cx(0, 6)", ".cx(0, 4)", ".cx(4, 10)", ".cx(0, 3)", ".h(0)", ".cx(0, 9)", ".cx(9, 11)", ".cx(0, 1)", ".cx(1, 5)", ".cx(3, 7)", ".cx(9, 10)", ".h(0)", ".cx(0, 2)", ".cx(0, 5)", ".cx(5, 14)", ".cx(5, 6)", ".cx(6, 12)", ".cx(2, 9)", ".cx(1, 4)", ".h(5)", ".cx(5, 13)"]}, {"type": "degenerate", "A": [0, 1, 0, 0, 0, 0, 4, 4, 0, 0, 0, 0, 0, 0, 0], "B": [0, 1, 78, 617, 3632, 16801, 61182, 174187, 0, 0, 0, 0, 0, 0, 0], "gates": [".cx(3, 8)", ".cx(6, 12)", ".cx(1, 7)", ".cx(0, 11)", ".cx(4, 11)", ".h(1)", ".cx(1, 14)", ".cx(1, 2)", ".cx(2, 12)", ".cx(1, 5)", ".cx(5, 9)", ".cx(1, 7)", ".cx(7, 11)", ".cx(1, 13)", ".cx(1, 10)", ".h(1)", ".cx(1, 4)", ".cx(1, 6)", ".cx(6, 8)", ".cx(1, 3)", ".h(0)", ".cx(0, 1)", ".cx(4, 12)", ".cx(3, 7)", ".cx(1, 5)", ".cx(1, 14)", ".h(1)", ".cx(1, 2)", ".cx(1, 5)", ".cx(5, 11)", ".cx(2, 3)", ".cx(5, 6)", ".h(8)", ".cx(8, 9)", ".cx(0, 1)", ".cx(8, 12)", ".h(0)", ".cx(0, 5)"]}, {"type": "non-degenerate", "A": [0, 0, 0, 1, 0, 1, 2, 4, 0, 0, 0, 0, 0, 0, 0], "B": [0, 0, 63, 511, 2906, 14354, 54653, 164767, 0, 0, 0, 0, 0, 0, 0], "gates": [".cx(0, 8)", ".cx(5, 13)", ".cx(2, 7)", ".cx(6, 11)", ".cx(4, 11)", ".h(0)", ".cx(0, 11)", ".cx(0, 1)", ".cx(1, 13)", ".cx(0, 3)", ".cx(3, 9)", ".cx(1, 7)", ".cx(0, 14)", ".cx(0, 12)", ".h(0)", ".cx(0, 4)", ".cx(0, 2)", ".cx(2, 6)", ".cx(0, 10)", ".h(0)", ".cx(0, 8)", ".cx(0, 5)", ".cx(8, 13)", ".cx(6, 9)", ".cx(8, 11)", ".cx(5, 6)", ".cx(0, 3)", ".cx(4, 13)", ".h(0)", ".cx(0, 1)", ".cx(0, 3)", ".cx(3, 10)", ".cx(10, 12)", ".cx(0, 2)", ".cx(5, 14)", ".cx(1, 11)", ".h(5)", ".cx(5, 10)"]}, {"type": "non-degenerate", "A": [0, 0, 0, 1, 0, 1, 1, 3, 0, 0, 0, 0, 0, 0, 0], "B": [0, 0, 57, 531, 2882, 14350, 54863, 164007, 0, 0, 0, 0, 0, 0, 0], "gates": [".cx(3, 11)", ".cx(6, 8)", ".cx(4, 7)", ".cx(1, 14)", ".cx(0, 13)", ".cx(2, 10)", ".cx(5, 12)", ".h(7)", ".cx(7, 10)", ".cx(10, 13)", ".h(0)", ".cx(0, 1)", ".cx(1, 5)", ".cx(0, 3)", ".cx(7, 11)", ".cx(0, 6)", ".cx(7, 8)", ".h(0)", ".cx(0, 4)", ".cx(4, 14)", ".cx(0, 12)", ".cx(0, 2)", ".cx(7, 9)", ".h(0)", ".cx(0, 13)", ".cx(13, 14)", ".cx(6, 10)", ".cx(0, 3)", ".cx(3, 8)", ".cx(2, 6)", ".cx(0, 12)", ".cx(2, 7)", ".cx(5, 7)", ".h(2)", ".cx(2, 9)", ".h(1)", ".cx(1, 11)"]}, {"type": "non-degenerate", "A": [0, 0, 0, 0, 1, 0, 3, 5, 0, 0, 0, 0, 0, 0, 0], "B": [0, 0, 59, 455, 2842, 14218, 54809, 164975, 0, 0, 0, 0, 0, 0, 0], "gates": [".cx(5, 9)", ".cx(1, 8)", ".cx(3, 7)", ".cx(6, 11)", ".cx(4, 13)", ".cx(2, 13)", ".h(7)", ".cx(7, 13)", ".cx(7, 9)", ".cx(7, 12)", ".cx(0, 7)", ".h(0)", ".cx(0, 1)", ".cx(0, 3)", ".cx(3, 6)", ".cx(1, 4)", ".cx(7, 14)", ".cx(4, 5)", ".cx(9, 10)", ".cx(7, 11)", ".cx(3, 7)", ".cx(7, 8)", ".cx(2, 7)", ".h(2)", ".cx(2, 4)", ".cx(4, 14)", ".cx(2, 11)", ".cx(11, 12)", ".cx(2, 3)", ".h(2)", ".cx(2, 6)", ".cx(6, 9)", ".cx(0, 9)", ".h(0)", ".cx(0, 7)", ".cx(6, 13)", ".cx(0, 3)", ".cx(0, 5)"]}, {"type": "degenerate", "A": [0, 1, 0, 0, 0, 1, 1, 8, 0, 0, 0, 0, 0, 0, 0], "B": [0, 1, 82, 617, 3576, 16993, 61018, 173675, 0, 0, 0, 0, 0, 0, 0], "gates": [".cx(1, 13)", ".cx(2, 8)", ".cx(0, 7)", ".cx(5, 14)", ".cx(4, 7)", ".h(1)", ".cx(1, 5)", ".cx(1, 3)", ".cx(3, 7)", ".cx(1, 6)", ".cx(6, 10)", ".cx(3, 8)", ".cx(1, 9)", ".cx(1, 11)", ".h(1)", ".cx(1, 4)", ".cx(4, 13)", ".cx(13, 14)", ".cx(1, 2)", ".cx(1, 12)", ".h(0)", ".cx(0, 1)", ".cx(1, 5)", ".cx(4, 6)", ".cx(5, 8)", ".cx(7, 12)", ".h(1)", ".cx(1, 3)", ".cx(1, 4)", ".cx(8, 9)", ".cx(3, 13)", ".cx(4, 5)", ".cx(5, 10)", ".cx(10, 14)", ".cx(8, 11)", ".h(2)", ".cx(2, 6)"]}, {"type": "non-degenerate", "A": [0, 0, 0, 0, 0, 2, 4, 5, 0, 0, 0, 0, 0, 0, 0], "B": [0, 0, 65, 431, 2814, 14178, 54859, 165887, 0, 0, 0, 0, 0, 0, 0], "gates": [".cx(0, 11)", ".cx(1, 7)", ".cx(6, 9)", ".cx(3, 12)", ".cx(4, 13)", ".cx(2, 14)", ".cx(5, 9)", ".h(8)", ".cx(8, 9)", ".cx(8, 11)", ".cx(9, 12)", ".cx(11, 14)", ".h(0)", ".cx(0, 7)", ".cx(0, 4)", ".h(1)", ".cx(1, 6)", ".cx(1, 2)", ".cx(7, 13)", ".cx(1, 3)", ".cx(1, 10)", ".h(1)", ".cx(1, 5)", ".cx(6, 11)", ".cx(0, 2)", ".cx(1, 4)", ".cx(4, 12)", ".cx(1, 3)", ".cx(3, 7)", ".cx(1, 14)", ".cx(7, 9)", ".cx(11, 13)", ".cx(2, 12)", ".h(1)", ".cx(1, 6)"]}, {"type": "non-degenerate", "A": [0, 0, 1, 0, 0, 0, 4, 7, 0, 0, 0, 0, 0, 0, 0], "B": [0, 0, 79, 527, 3114, 15138, 56157, 164287, 0, 0, 0, 0, 0, 0, 0], "gates": [".cx(5, 9)", ".cx(1, 11)", ".cx(4, 8)", ".cx(3, 12)", ".h(1)", ".cx(1, 5)", ".cx(1, 2)", ".cx(2, 12)", ".cx(1, 6)", ".cx(6, 7)", ".cx(1, 13)", ".cx(0, 1)", ".h(0)", ".cx(0, 8)", ".cx(0, 11)", ".cx(1, 14)", ".cx(6, 10)", ".h(1)", ".cx(1, 3)", ".cx(1, 4)", ".cx(1, 9)", ".cx(11, 12)", ".cx(3, 5)", ".cx(1, 10)", ".h(1)", ".cx(1, 2)", ".cx(1, 4)", ".cx(4, 14)", ".cx(5, 8)", ".cx(4, 11)", ".cx(11, 13)", ".cx(0, 1)", ".cx(2, 7)", ".h(9)", ".cx(9, 10)"]}, {"type": "non-degenerate", "A": [0, 0, 0, 1, 0, 0, 3, 8, 0, 0, 0, 0, 0, 0, 0], "B": [0, 0, 69, 475, 2914, 14470, 54683, 164471, 0, 0, 0, 0, 0, 0, 0], "gates": [".cx(3, 11)", ".cx(6, 10)", ".cx(2, 8)", ".cx(0, 7)", ".cx(5, 9)", ".cx(1, 9)", ".h(3)", ".cx(3, 9)", ".cx(3, 4)", ".cx(4, 8)", ".cx(3, 7)", ".cx(4, 10)", ".cx(3, 12)", ".h(3)", ".cx(3, 5)", ".cx(5, 11)", ".cx(11, 14)", ".h(0)", ".cx(0, 1)", ".cx(0, 2)", ".cx(3, 6)", ".cx(3, 13)", ".h(3)", ".cx(3, 9)", ".cx(3, 6)", ".cx(6, 7)", ".cx(7, 13)", ".cx(1, 4)", ".cx(11, 12)", ".h(0)", ".cx(0, 2)", ".cx(2, 13)", ".cx(2, 10)", ".cx(4, 11)", ".cx(13, 14)"]}, {"type": "non-degenerate", "A": [0, 0, 0, 1, 0, 0, 1, 7, 0, 0, 0, 0, 0, 0, 0], "B": [0, 0, 63, 479, 2938, 14482, 54717, 163807, 0, 0, 0, 0, 0, 0, 0], "gates": [".cx(5, 7)", ".cx(3, 10)", ".cx(0, 8)", ".cx(2, 11)", ".cx(6, 12)", ".h(0)", ".cx(0, 3)", ".cx(0, 4)", ".cx(4, 7)", ".cx(0, 1)", ".cx(1, 11)", ".cx(1, 10)", ".cx(0, 13)", ".cx(0, 9)", ".h(0)", ".cx(0, 2)", ".cx(0, 5)", ".cx(5, 12)", ".cx(12, 14)", ".h(0)", ".cx(0, 8)", ".cx(0, 6)", ".cx(8, 12)", ".cx(2, 9)", ".cx(0, 1)", ".h(0)", ".cx(0, 3)", ".cx(3, 4)", ".cx(1, 5)", ".cx(4, 13)", ".h(11)", ".cx(11, 13)", ".cx(0, 6)", ".cx(0, 14)", ".cx(1, 4)", ".h(7)", ".cx(7, 9)"]}, {"type": "non-degenerate", "A": [0, 0, 0, 1, 0, 1, 1, 6, 0, 0, 0, 0, 0, 0, 0], "B": [0, 0, 63, 507, 2902, 14406, 54641, 164535, 0, 0, 0, 0, 0, 0, 0], "gates": [".cx(3, 9)", ".cx(2, 13)", ".cx(4, 7)", ".cx(0, 10)", ".cx(1, 10)", ".cx(1, 9)", ".h(1)", ".cx(1, 6)", ".cx(1, 14)", ".cx(6, 11)", ".cx(1, 5)", ".cx(5, 7)", ".h(0)", ".cx(0, 4)", ".cx(4, 13)", ".cx(5, 12)", ".cx(1, 8)", ".h(1)", ".cx(1, 2)", ".cx(2, 9)", ".cx(2, 10)", ".cx(1, 3)", ".cx(10, 12)", ".cx(1, 5)", ".cx(0, 1)", ".h(0)", ".cx(0, 6)", ".cx(6, 9)", ".cx(9, 14)", ".h(7)", ".cx(7, 8)", ".cx(8, 10)", ".cx(6, 7)", ".cx(7, 13)", ".cx(0, 2)", ".cx(10, 11)", ".cx(13, 14)", ".cx(3, 5)"]}, {"type": "non-degenerate", "A": [0, 0, 0, 0, 0, 0, 3, 9, 0, 0, 0, 0, 0, 0, 0], "B": [0, 0, 51, 443, 2782, 14310, 55197, 164535, 0, 0, 0, 0, 0, 0, 0], "gates": [".cx(5, 10)", ".cx(3, 9)", ".cx(1, 14)", ".cx(0, 8)", ".cx(2, 12)", ".cx(4, 11)", ".h(1)", ".cx(1, 7)", ".cx(1, 6)", ".cx(6, 11)", ".cx(6, 8)", ".cx(1, 9)", ".cx(1, 13)", ".h(1)", ".cx(1, 4)", ".cx(4, 14)", ".cx(4, 12)", ".cx(1, 10)", ".h(0)", ".cx(0, 1)", ".cx(1, 3)", ".cx(3, 5)", ".cx(1, 2)", ".cx(5, 11)", ".h(1)", ".cx(1, 6)", ".cx(1, 8)", ".cx(8, 10)", ".cx(1, 2)", ".cx(2, 14)", ".cx(2, 7)", ".cx(4, 13)", ".h(4)", ".cx(4, 9)", ".cx(4, 6)", ".h(5)", ".cx(2, 5)", ".cx(5, 13)"]}, {"type": "non-degenerate", "A": [0, 0, 0, 0, 0, 2, 2, 6, 0, 0, 0, 0, 0, 0, 0], "B": [0, 0, 61, 435, 2810, 14222, 55003, 164967, 0, 0, 0, 0, 0, 0, 0], "gates": [".cx(0, 7)", ".cx(1, 9)", ".cx(2, 10)", ".cx(5, 13)", ".cx(6, 14)", ".h(1)", ".cx(1, 7)", ".cx(1, 3)", ".cx(3, 14)", ".cx(1, 4)", ".cx(4, 12)", ".cx(1, 13)", ".cx(3, 10)", ".cx(1, 11)", ".h(1)", ".cx(1, 6)", ".cx(6, 9)", ".cx(1, 5)", ".cx(5, 8)", ".cx(1, 2)", ".cx(9, 10)", ".cx(0, 1)", ".h(0)", ".cx(0, 7)", ".cx(0, 2)", ".cx(2, 13)", ".cx(1, 11)", ".cx(1, 4)", ".h(1)", ".cx(1, 3)", ".cx(3, 4)", ".cx(3, 5)", ".cx(4, 8)", ".cx(5, 14)", ".h(8)", ".cx(8, 10)", ".cx(4, 8)", ".cx(2, 4)", ".cx(4, 9)"]}, {"type": "non-degenerate", "A": [0, 0, 0, 0, 0, 2, 3, 10, 0, 0, 0, 0, 0, 0, 0], "B": [0, 0, 65, 443, 2746, 14246, 55135, 165175, 0, 0, 0, 0, 0, 0, 0], "gates": [".cx(2, 13)", ".cx(0, 8)", ".cx(4, 11)", ".cx(5, 9)", ".cx(6, 10)", ".cx(3, 12)", ".h(7)", ".cx(7, 12)", ".h(0)", ".cx(0, 6)", ".cx(0, 1)", ".cx(1, 5)", ".cx(7, 8)", ".cx(8, 14)", ".cx(6, 9)", ".h(2)", ".cx(2, 3)", ".cx(2, 4)", ".cx(7, 13)", ".cx(7, 10)", ".cx(5, 7)", ".cx(7, 11)", ".cx(2, 14)", ".h(2)", ".cx(2, 5)", ".cx(2, 4)", ".cx(4, 6)", ".cx(6, 13)", ".cx(1, 10)", ".cx(3, 7)", ".cx(0, 3)", ".h(0)", ".cx(0, 10)", ".cx(4, 12)", ".h(5)", ".cx(5, 9)"]}, {"type": "non-degenerate", "A": [0, 0, 0, 0, 0, 1, 4, 6, 0, 0, 0, 0, 0, 0, 0], "B": [0, 0, 59, 439, 2778, 14266, 55097, 164943, 0, 0, 0, 0, 0, 0, 0], "gates": [".cx(0, 10)", ".cx(3, 12)", ".cx(4, 8)", ".cx(5, 14)", ".cx(6, 13)", ".h(0)", ".cx(0, 11)", ".cx(0, 2)", ".cx(2, 9)", ".cx(0, 1)", ".cx(1, 7)", ".cx(0, 13)", ".cx(0, 12)", ".cx(0, 8)", ".h(0)", ".cx(0, 5)", ".cx(0, 3)", ".cx(0, 4)", ".cx(0, 6)", ".cx(6, 14)", ".h(0)", ".cx(0, 10)", ".cx(10, 13)", ".cx(4, 11)", ".cx(10, 14)", ".cx(0, 1)", ".cx(2, 6)", ".cx(0, 9)", ".h(0)", ".cx(0, 1)", ".cx(1, 8)", ".cx(1, 5)", ".cx(5, 12)", ".cx(0, 3)", ".cx(3, 11)", ".cx(4, 9)", ".h(5)", ".cx(5, 7)"]}, {"type": "non-degenerate", "A": [0, 0, 0, 1, 0, 1, 3, 3, 0, 0, 0, 0, 0, 0, 0], "B": [0, 0, 71, 479, 2954, 14290, 54837, 164319, 0, 0, 0, 0, 0, 0, 0], "gates": [".cx(1, 8)", ".cx(2, 12)", ".cx(3, 7)", ".cx(6, 9)", ".cx(0, 9)", ".h(1)", ".cx(1, 9)", ".cx(1, 4)", ".cx(4, 12)", ".cx(1, 5)", ".cx(5, 10)", ".cx(1, 2)", ".cx(4, 7)", ".cx(1, 13)", ".h(1)", ".cx(1, 6)", ".cx(6, 8)", ".cx(1, 3)", ".cx(1, 11)", ".cx(0, 1)", ".h(0)", ".cx(0, 14)", ".cx(8, 10)", ".cx(0, 9)", ".cx(1, 2)", ".h(1)", ".cx(1, 5)", ".cx(5, 7)", ".cx(7, 8)", ".cx(5, 6)", ".cx(0, 1)", ".cx(9, 10)", ".cx(8, 12)", ".h(12)", ".cx(8, 12)", ".cx(12, 14)", ".cx(12, 13)", ".cx(3, 14)", ".cx(9, 11)"]}, {"type": "non-degenerate", "A": [0, 0, 0, 0, 0, 2, 3, 5, 0, 0, 0, 0, 0, 0, 0], "B": [0, 0, 61, 443, 2802, 14150, 55139, 165047, 0, 0, 0, 0, 0, 0, 0], "gates": [".cx(5, 10)", ".cx(1, 12)", ".cx(4, 7)", ".cx(3, 11)", ".cx(2, 13)", ".cx(6, 13)", ".h(7)", ".cx(7, 13)", ".cx(7, 14)", ".cx(7, 8)", ".cx(0, 7)", ".h(0)", ".cx(0, 1)", ".cx(0, 4)", ".cx(1, 2)", ".cx(7, 10)", ".cx(0, 6)", ".cx(0, 5)", ".cx(7, 9)", ".cx(4, 7)", ".cx(7, 11)", ".cx(7, 12)", ".h(0)", ".cx(0, 3)", ".cx(3, 4)", ".cx(6, 9)", ".cx(0, 13)", ".h(1)", ".cx(1, 7)", ".cx(0, 5)", ".cx(5, 14)", ".h(5)", ".cx(5, 9)", ".cx(2, 7)", ".h(7)", ".cx(7, 11)", ".cx(7, 8)", ".cx(5, 6)", ".h(1)", ".cx(1, 3)"]}, {"type": "non-degenerate", "A": [0, 0, 0, 1, 0, 1, 0, 7, 0, 0, 0, 0, 0, 0, 0], "B": [0, 0, 69, 459, 3010, 14390, 54427, 164695, 0, 0, 0, 0, 0, 0, 0], "gates": [".cx(0, 10)", ".cx(4, 8)", ".cx(6, 12)", ".cx(5, 9)", ".cx(3, 7)", ".h(0)", ".cx(0, 3)", ".cx(0, 1)", ".cx(1, 8)", ".cx(0, 2)", ".cx(2, 9)", ".cx(0, 13)", ".cx(0, 11)", ".h(0)", ".cx(0, 5)", ".cx(0, 7)", ".cx(5, 14)", ".cx(0, 6)", ".h(0)", ".cx(0, 10)", ".cx(10, 12)", ".cx(0, 4)", ".cx(7, 8)", ".cx(0, 2)", ".cx(4, 11)", ".h(0)", ".cx(0, 13)", ".cx(0, 2)", ".cx(2, 6)", ".cx(5, 10)", ".cx(6, 9)", ".cx(1, 5)", ".cx(2, 3)", ".cx(2, 4)", ".h(8)", ".cx(8, 14)", ".cx(8, 13)"]}, {"type": "non-degenerate", "A": [0, 0, 1, 0, 0, 1, 1, 5, 0, 0, 0, 0, 0, 0, 0], "B": [0, 0, 75, 531, 3174, 15086, 55885, 164519, 0, 0, 0, 0, 0, 0, 0], "gates": [".cx(1, 11)", ".cx(6, 8)", ".cx(5, 7)", ".cx(0, 9)", ".cx(3, 10)", ".h(1)", ".cx(1, 5)", ".cx(1, 2)", ".cx(2, 8)", ".cx(1, 4)", ".cx(4, 14)", ".cx(2, 9)", ".cx(1, 12)", ".cx(1, 13)", ".h(1)", ".cx(1, 3)", ".cx(3, 11)", ".cx(1, 6)", ".cx(6, 10)", ".h(0)", ".cx(0, 1)", ".cx(1, 7)", ".cx(11, 14)", ".cx(1, 4)", ".h(8)", ".cx(8, 9)", ".cx(9, 11)", ".h(1)", ".cx(1, 2)", ".cx(0, 5)", ".cx(1, 6)", ".cx(8, 10)", ".cx(4, 8)", ".cx(8, 12)", ".h(7)", ".cx(6, 7)"]}, {"type": "non-degenerate", "A": [0, 0, 1, 1, 0, 0, 1, 6, 0, 0, 0, 0, 0, 0, 0], "B": [0, 0, 87, 571, 3286, 15238, 55817, 163383, 0, 0, 0, 0, 0, 0, 0], "gates": [".cx(0, 14)", ".cx(5, 12)", ".cx(3, 7)", ".cx(4, 8)", ".cx(6, 7)", ".h(0)", ".cx(0, 12)", ".cx(0, 1)", ".cx(1, 7)", ".cx(0, 2)", ".cx(2, 8)", ".cx(2, 3)", ".cx(0, 9)", ".cx(0, 10)", ".h(0)", ".cx(0, 6)", ".cx(0, 5)", ".cx(0, 4)", ".h(0)", ".cx(0, 14)", ".cx(0, 13)", ".cx(0, 11)", ".cx(5, 7)", ".cx(6, 8)", ".cx(0, 1)", ".h(0)", ".cx(0, 2)", ".cx(0, 1)", ".cx(1, 9)", ".cx(1, 4)", ".cx(4, 12)", ".cx(1, 10)", ".cx(6, 11)", ".cx(3, 13)", ".h(6)", ".cx(6, 13)", ".h(3)", ".cx(3, 13)", ".h(7)", ".cx(7, 10)"]}, {"type": "non-degenerate", "A": [0, 0, 0, 1, 0, 0, 4, 5, 0, 0, 0, 0, 0, 0, 0], "B": [0, 0, 69, 475, 2946, 14310, 55003, 164087, 0, 0, 0, 0, 0, 0, 0], "gates": [".cx(0, 8)", ".cx(4, 8)", ".cx(1, 13)", ".cx(3, 9)", ".cx(6, 14)", ".h(1)", ".cx(1, 5)", ".cx(5, 14)", ".cx(1, 6)", ".cx(1, 2)", ".cx(2, 7)", ".cx(6, 8)", ".cx(1, 10)", ".cx(1, 11)", ".h(1)", ".cx(1, 3)", ".cx(3, 13)", ".cx(1, 4)", ".cx(4, 9)", ".cx(1, 12)", ".h(0)", ".cx(0, 1)", ".cx(13, 14)", ".cx(1, 5)", ".cx(5, 7)", ".cx(1, 2)", ".h(1)", ".cx(1, 3)", ".cx(1, 6)", ".cx(3, 13)", ".cx(1, 2)", ".cx(2, 4)", ".cx(3, 11)", ".h(0)", ".cx(0, 10)", ".cx(0, 12)", ".cx(12, 13)"]}, {"type": "non-degenerate", "A": [0, 0, 0, 0, 0, 3, 2, 7, 0, 0, 0, 0, 0, 0, 0], "B": [0, 0, 67, 443, 2766, 14246, 54845, 165559, 0, 0, 0, 0, 0, 0, 0], "gates": [".cx(1, 11)", ".cx(3, 12)", ".cx(0, 13)", ".cx(2, 10)", ".cx(6, 14)", ".h(7)", ".cx(7, 8)", ".cx(7, 10)", ".cx(5, 7)", ".h(1)", ".cx(1, 2)", ".cx(1, 4)", ".cx(4, 6)", ".cx(7, 11)", ".cx(11, 13)", ".cx(1, 3)", ".cx(4, 5)", ".cx(7, 14)", ".cx(7, 9)", ".h(0)", ".cx(0, 7)", ".cx(7, 12)", ".cx(2, 9)", ".h(1)", ".cx(1, 3)", ".cx(3, 13)", ".cx(6, 10)", ".h(6)", ".cx(6, 7)", ".cx(6, 11)", ".cx(0, 2)", ".h(0)", ".cx(0, 8)", ".cx(0, 2)", ".h(4)", ".cx(4, 9)"]}, {"type": "non-degenerate", "A": [0, 0, 0, 0, 0, 2, 2, 7, 0, 0, 0, 0, 0, 0, 0], "B": [0, 0, 61, 439, 2798, 14202, 55127, 164815, 0, 0, 0, 0, 0, 0, 0], "gates": [".cx(3, 8)", ".cx(5, 8)", ".cx(0, 14)", ".cx(6, 7)", ".cx(1, 9)", ".h(0)", ".cx(0, 3)", ".cx(0, 4)", ".cx(4, 7)", ".cx(0, 2)", ".cx(2, 11)", ".cx(4, 9)", ".cx(0, 12)", ".h(0)", ".cx(0, 1)", ".cx(1, 14)", ".cx(0, 5)", ".cx(5, 6)", ".cx(0, 13)", ".cx(2, 8)", ".h(0)", ".cx(0, 10)", ".cx(0, 3)", ".cx(0, 4)", ".cx(0, 13)", ".cx(0, 2)", ".h(0)", ".cx(0, 8)", ".cx(0, 1)", ".cx(0, 3)", ".cx(3, 9)", ".cx(3, 6)", ".cx(6, 11)", ".h(2)", ".cx(2, 7)", ".cx(2, 14)", ".h(7)", ".cx(7, 12)"]}, {"type": "non-degenerate", "A": [0, 0, 0, 0, 0, 0, 4, 11, 0, 0, 0, 0, 0, 0, 0], "B": [0, 0, 59, 423, 2778, 14314, 55321, 164399, 0, 0, 0, 0, 0, 0, 0], "gates": [".cx(0, 10)", ".cx(1, 12)", ".cx(3, 9)", ".cx(4, 11)", ".cx(2, 13)", ".cx(6, 9)", ".h(7)", ".cx(7, 10)", ".h(0)", ".cx(0, 4)", ".cx(4, 5)", ".cx(5, 6)", ".cx(7, 9)", ".cx(10, 13)", ".cx(6, 11)", ".cx(0, 1)", ".cx(7, 12)", ".cx(0, 3)", ".cx(7, 14)", ".cx(7, 8)", ".h(0)", ".cx(0, 2)", ".cx(2, 11)", ".cx(0, 8)", ".cx(2, 3)", ".cx(3, 14)", ".h(0)", ".cx(0, 5)", ".cx(5, 12)", ".cx(0, 13)", ".h(4)", ".cx(4, 7)", ".cx(1, 10)", ".cx(11, 12)", ".cx(0, 7)", ".h(0)", ".cx(0, 1)", ".cx(0, 11)"]}, {"type": "degenerate", "A": [0, 1, 0, 0, 2, 0, 0, 5, 0, 0, 0, 0, 0, 0, 0], "B": [0, 1, 94, 637, 3684, 16829, 60746, 173171, 0, 0, 0, 0, 0, 0, 0], "gates": [".cx(0, 10)", ".cx(5, 7)", ".cx(4, 12)", ".cx(3, 11)", ".cx(1, 11)", ".h(0)", ".cx(0, 8)", ".cx(0, 6)", ".cx(6, 12)", ".cx(0, 2)", ".cx(2, 11)", ".cx(2, 7)", ".cx(0, 13)", ".cx(0, 14)", ".h(0)", ".cx(0, 1)", ".cx(0, 4)", ".cx(4, 5)", ".cx(0, 9)", ".h(0)", ".cx(0, 10)", ".cx(0, 3)", ".cx(10, 11)", ".cx(1, 12)", ".cx(0, 5)", ".cx(5, 14)", ".h(0)", ".cx(0, 6)", ".cx(6, 10)", ".cx(5, 8)", ".cx(10, 13)", ".cx(3, 9)", ".h(7)", ".cx(7, 9)", ".h(1)", ".cx(1, 10)"]}, {"type": "non-degenerate", "A": [0, 0, 0, 0, 0, 0, 3, 9, 0, 0, 0, 0, 0, 0, 0], "B": [0, 0, 51, 443, 2782, 14310, 55197, 164535, 0, 0, 0, 0, 0, 0, 0], "gates": [".cx(0, 14)", ".cx(5, 10)", ".cx(6, 13)", ".cx(3, 8)", ".cx(4, 12)", ".cx(0, 9)", ".h(0)", ".cx(0, 2)", ".cx(2, 8)", ".cx(0, 1)", ".cx(1, 13)", ".cx(0, 14)", ".cx(2, 12)", ".cx(1, 10)", ".cx(0, 11)", ".cx(0, 7)", ".h(0)", ".cx(0, 6)", ".cx(6, 9)", ".cx(0, 3)", ".cx(0, 4)", ".cx(0, 5)", ".cx(3, 7)", ".cx(0, 11)", ".h(0)", ".cx(0, 1)", ".cx(0, 4)", ".cx(4, 10)", ".h(8)", ".cx(8, 9)", ".cx(8, 13)", ".cx(5, 14)", ".cx(8, 11)", ".cx(0, 2)", ".cx(2, 6)", ".h(10)", ".cx(10, 14)", ".h(1)", ".cx(1, 3)"]}, {"type": "non-degenerate", "A": [0, 0, 1, 0, 0, 1, 1, 7, 0, 0, 0, 0, 0, 0, 0], "B": [0, 0, 75, 535, 3162, 15098, 55785, 165007, 0, 0, 0, 0, 0, 0, 0], "gates": [".cx(5, 8)", ".cx(0, 9)", ".cx(1, 12)", ".cx(6, 14)", ".cx(4, 10)", ".cx(2, 10)", ".h(0)", ".cx(0, 10)", ".cx(0, 3)", ".cx(3, 8)", ".cx(0, 14)", ".cx(0, 7)", ".cx(0, 11)", ".h(0)", ".cx(0, 4)", ".cx(4, 6)", ".cx(0, 5)", ".cx(5, 12)", ".cx(0, 1)", ".cx(0, 13)", ".h(0)", ".cx(0, 9)", ".cx(0, 2)", ".cx(9, 12)", ".cx(0, 3)", ".cx(3, 13)", ".cx(1, 11)", ".cx(2, 5)", ".cx(1, 7)", ".h(0)", ".cx(0, 1)", ".cx(0, 14)", ".cx(6, 9)", ".h(8)", ".cx(8, 9)", ".cx(8, 13)", ".cx(3, 6)", ".h(11)", ".cx(11, 12)"]}, {"type": "non-degenerate", "A": [0, 0, 0, 0, 0, 0, 4, 9, 0, 0, 0, 0, 0, 0, 0], "B": [0, 0, 53, 443, 2770, 14342, 54971, 165303, 0, 0, 0, 0, 0, 0, 0], "gates": [".cx(1, 13)", ".cx(3, 7)", ".cx(0, 11)", ".cx(6, 9)", ".cx(5, 14)", ".h(1)", ".cx(1, 9)", ".cx(1, 2)", ".cx(2, 14)", ".cx(1, 4)", ".cx(4, 7)", ".cx(1, 10)", ".cx(1, 8)", ".h(1)", ".cx(1, 5)", ".cx(1, 3)", ".cx(3, 6)", ".cx(1, 12)", ".cx(0, 1)", ".h(0)", ".cx(0, 13)", ".cx(0, 11)", ".cx(13, 14)", ".cx(1, 10)", ".h(1)", ".cx(1, 2)", ".cx(2, 12)", ".cx(1, 4)", ".cx(4, 13)", ".cx(0, 5)", ".cx(5, 8)", ".cx(6, 13)", ".h(9)", ".cx(9, 11)", ".cx(5, 12)", ".cx(2, 6)", ".h(4)", ".cx(4, 13)"]}, {"type": "non-degenerate", "A": [0, 0, 0, 0, 1, 1, 4, 8, 0, 0, 0, 0, 0, 0, 0], "B": [0, 0, 73, 451, 2754, 14270, 55039, 164615, 0, 0, 0, 0, 0, 0, 0], "gates": [".cx(3, 12)", ".cx(6, 14)", ".cx(2, 10)", ".cx(4, 8)", ".cx(5, 8)", ".cx(1, 12)", ".h(7)", ".cx(7, 11)", ".cx(7, 10)", ".cx(0, 7)", ".cx(7, 8)", ".h(0)", ".cx(0, 3)", ".cx(3, 4)", ".cx(4, 12)", ".cx(12, 14)", ".h(1)", ".cx(1, 2)", ".cx(1, 5)", ".cx(3, 6)", ".cx(7, 13)", ".cx(7, 9)", ".cx(5, 11)", ".cx(11, 12)", ".cx(0, 7)", ".h(0)", ".cx(0, 10)", ".cx(10, 14)", ".cx(1, 3)", ".h(1)", ".cx(1, 9)", ".cx(0, 6)", ".cx(6, 13)", ".h(5)", ".cx(5, 13)"]}, {"type": "non-degenerate", "A": [0, 0, 0, 0, 0, 1, 3, 5, 0, 0, 0, 0, 0, 0, 0], "B": [0, 0, 55, 439, 2818, 14234, 54989, 165071, 0, 0, 0, 0, 0, 0, 0], "gates": [".cx(3, 7)", ".cx(5, 13)", ".cx(0, 11)", ".cx(6, 9)", ".cx(4, 12)", ".cx(2, 12)", ".h(7)", ".cx(7, 12)", ".h(0)", ".cx(0, 6)", ".cx(0, 1)", ".cx(1, 2)", ".cx(7, 9)", ".cx(7, 11)", ".cx(0, 14)", ".cx(7, 13)", ".h(0)", ".cx(0, 3)", ".cx(3, 4)", ".cx(0, 5)", ".cx(7, 10)", ".cx(4, 7)", ".cx(7, 8)", ".cx(1, 4)", ".cx(11, 14)", ".h(10)", ".cx(10, 12)", ".cx(10, 11)", ".cx(5, 12)", ".cx(2, 7)", ".h(2)", ".cx(2, 3)", ".cx(3, 6)", ".cx(6, 13)", ".h(0)", ".cx(0, 1)"]}, {"type": "non-degenerate", "A": [0, 0, 0, 1, 0, 0, 3, 5, 0, 0, 0, 0, 0, 0, 0], "B": [0, 0, 67, 479, 2914, 14482, 54713, 164063, 0, 0, 0, 0, 0, 0, 0], "gates": [".cx(0, 12)", ".cx(4, 7)", ".cx(3, 14)", ".cx(6, 8)", ".cx(1, 10)", ".h(0)", ".cx(0, 7)", ".cx(0, 5)", ".cx(5, 8)", ".cx(0, 2)", ".cx(2, 10)", ".cx(0, 9)", ".cx(0, 11)", ".h(0)", ".cx(0, 6)", ".cx(6, 12)", ".cx(12, 14)", ".cx(0, 4)", ".cx(0, 3)", ".h(0)", ".cx(0, 1)", ".cx(0, 13)", ".cx(4, 8)", ".cx(1, 6)", ".cx(0, 5)", ".cx(0, 3)", ".cx(3, 10)", ".h(0)", ".cx(0, 2)", ".cx(2, 4)", ".cx(4, 11)", ".cx(4, 9)", ".cx(5, 9)", ".cx(11, 13)", ".cx(9, 12)", ".h(6)", ".cx(6, 9)"]}, {"type": "non-degenerate", "A": [0, 0, 0, 0, 1, 1, 2, 4, 0, 0, 0, 0, 0, 0, 0], "B": [0, 0, 61, 463, 2838, 14178, 54767, 165055, 0, 0, 0, 0, 0, 0, 0], "gates": [".cx(6, 7)", ".cx(4, 7)", ".cx(0, 10)", ".cx(1, 14)", ".cx(3, 9)", ".h(1)", ".cx(1, 7)", ".cx(1, 2)", ".cx(2, 9)", ".cx(1, 5)", ".cx(5, 8)", ".cx(2, 10)", ".cx(1, 12)", ".cx(1, 11)", ".h(1)", ".cx(1, 6)", ".cx(6, 14)", ".cx(1, 3)", ".cx(1, 13)", ".h(0)", ".cx(0, 1)", ".cx(1, 4)", ".cx(4, 8)", ".cx(3, 12)", ".h(9)", ".cx(9, 10)", ".cx(10, 13)", ".cx(1, 5)", ".cx(5, 9)", ".cx(9, 11)", ".h(0)", ".cx(0, 14)", ".cx(0, 1)", ".cx(1, 7)", ".cx(1, 3)", ".h(0)", ".cx(0, 2)", ".cx(2, 8)"]}, {"type": "non-degenerate", "A": [0, 0, 0, 1, 0, 1, 3, 8, 0, 0, 0, 0, 0, 0, 0], "B": [0, 0, 79, 459, 2918, 14454, 54641, 164567, 0, 0, 0, 0, 0, 0, 0], "gates": [".cx(2, 8)", ".cx(5, 13)", ".cx(4, 7)", ".cx(0, 10)", ".cx(6, 10)", ".cx(1, 8)", ".h(2)", ".cx(2, 10)", ".cx(2, 3)", ".cx(3, 13)", ".cx(2, 4)", ".h(0)", ".cx(0, 5)", ".cx(0, 1)", ".cx(0, 7)", ".cx(3, 11)", ".cx(2, 14)", ".h(2)", ".cx(2, 6)", ".cx(6, 12)", ".cx(2, 8)", ".cx(2, 9)", ".cx(2, 3)", ".cx(1, 2)", ".h(0)", ".cx(0, 11)", ".cx(0, 5)", ".cx(5, 8)", ".cx(2, 14)", ".h(2)", ".cx(2, 4)", ".cx(4, 6)", ".cx(6, 13)", ".cx(3, 7)", ".h(9)", ".cx(9, 10)", ".cx(10, 11)", ".cx(6, 14)", ".cx(11, 12)", ".h(14)", ".cx(6, 14)"]}, {"type": "non-degenerate", "A": [0, 0, 0, 0, 0, 1, 6, 5, 0, 0, 0, 0, 0, 0, 0], "B": [0, 0, 65, 427, 2794, 14166, 55247, 165143, 0, 0, 0, 0, 0, 0, 0], "gates": [".cx(6, 10)", ".cx(1, 11)", ".cx(2, 9)", ".cx(4, 13)", ".h(2)", ".cx(2, 11)", ".cx(2, 5)", ".cx(5, 12)", ".cx(2, 3)", ".cx(3, 8)", ".cx(2, 7)", ".cx(0, 2)", ".h(0)", ".cx(0, 1)", ".cx(1, 9)", ".cx(9, 13)", ".cx(2, 10)", ".cx(2, 14)", ".h(2)", ".cx(2, 4)", ".cx(2, 6)", ".cx(1, 8)", ".cx(2, 3)", ".cx(0, 2)", ".cx(2, 12)", ".cx(3, 11)", ".cx(6, 13)", ".h(2)", ".cx(2, 5)", ".cx(5, 9)", ".cx(9, 11)", ".cx(2, 7)", ".cx(4, 5)", ".cx(2, 4)", ".h(0)", ".cx(0, 14)"]}, {"type": "non-degenerate", "A": [0, 0, 0, 1, 0, 0, 2, 4, 0, 0, 0, 0, 0, 0, 0], "B": [0, 0, 59, 495, 2946, 14434, 54449, 164863, 0, 0, 0, 0, 0, 0, 0], "gates": [".cx(1, 11)", ".cx(5, 13)", ".cx(2, 12)", ".cx(0, 7)", ".cx(3, 8)", ".h(1)", ".cx(1, 8)", ".cx(1, 6)", ".cx(6, 13)", ".cx(1, 4)", ".cx(4, 14)", ".cx(1, 2)", ".cx(1, 9)", ".h(1)", ".cx(1, 3)", ".cx(3, 11)", ".cx(11, 12)", ".cx(1, 5)", ".cx(5, 7)", ".cx(6, 10)", ".h(0)", ".cx(0, 1)", ".cx(1, 2)", ".cx(3, 14)", ".cx(1, 4)", ".cx(2, 5)", ".cx(4, 13)", ".h(1)", ".cx(1, 6)", ".cx(6, 7)", ".cx(7, 9)", ".cx(4, 11)", ".cx(6, 11)", ".h(0)", ".cx(0, 12)", ".cx(0, 10)", ".cx(1, 4)"]}, {"type": "non-degenerate", "A": [0, 0, 0, 0, 0, 3, 4, 2, 0, 0, 0, 0, 0, 0, 0], "B": [0, 0, 71, 431, 2794, 14178, 54901, 165503, 0, 0, 0, 0, 0, 0, 0], "gates": [".cx(0, 14)", ".cx(6, 12)", ".cx(2, 8)", ".cx(4, 7)", ".cx(1, 9)", ".h(0)", ".cx(0, 4)", ".cx(0, 3)", ".cx(3, 10)", ".cx(0, 5)", ".cx(5, 13)", ".cx(0, 6)", ".cx(3, 8)", ".cx(5, 9)", ".h(0)", ".cx(0, 11)", ".cx(0, 2)", ".cx(2, 7)", ".cx(0, 1)", ".cx(0, 12)", ".h(0)", ".cx(0, 14)", ".cx(7, 13)", ".cx(0, 5)", ".cx(1, 6)", ".cx(5, 12)", ".cx(0, 11)", ".cx(0, 3)", ".h(0)", ".cx(0, 4)", ".cx(0, 2)", ".cx(2, 10)", ".cx(2, 5)", ".h(8)", ".cx(8, 13)", ".h(14)", ".cx(13, 14)", ".cx(4, 8)", ".h(8)", ".cx(6, 8)", ".h(1)", ".cx(1, 8)"]}, {"type": "non-degenerate", "A": [0, 0, 0, 0, 0, 3, 4, 4, 0, 0, 0, 0, 0, 0, 0], "B": [0, 0, 71, 439, 2770, 14138, 55149, 165199, 0, 0, 0, 0, 0, 0, 0], "gates": [".cx(0, 14)", ".cx(2, 11)", ".cx(5, 10)", ".cx(1, 8)", ".cx(6, 7)", ".cx(0, 9)", ".h(0)", ".cx(0, 5)", ".cx(0, 4)", ".cx(4, 8)", ".cx(0, 3)", ".cx(3, 7)", ".cx(4, 11)", ".cx(0, 13)", ".cx(3, 12)", ".cx(0, 14)", ".h(0)", ".cx(0, 6)", ".cx(6, 10)", ".cx(0, 1)", ".cx(0, 2)", ".h(0)", ".cx(0, 9)", ".cx(2, 14)", ".cx(0, 8)", ".cx(1, 7)", ".cx(8, 10)", ".cx(10, 11)", ".cx(0, 3)", ".h(0)", ".cx(0, 4)", ".cx(0, 6)", ".cx(0, 3)", ".cx(6, 12)", ".cx(3, 13)", ".cx(3, 14)", ".h(2)", ".cx(2, 5)"]}, {"type": "non-degenerate", "A": [0, 0, 0, 0, 1, 1, 4, 3, 0, 0, 0, 0, 0, 0, 0], "B": [0, 0, 67, 455, 2826, 14154, 54833, 165231, 0, 0, 0, 0, 0, 0, 0], "gates": [".cx(6, 9)", ".cx(5, 14)", ".cx(4, 7)", ".cx(1, 10)", ".cx(3, 9)", ".h(7)", ".cx(7, 10)", ".cx(7, 8)", ".cx(0, 7)", ".h(0)", ".cx(0, 1)", ".cx(1, 2)", ".cx(2, 3)", ".cx(2, 4)", ".cx(7, 14)", ".cx(1, 6)", ".cx(3, 5)", ".cx(7, 12)", ".cx(4, 7)", ".cx(7, 13)", ".cx(7, 11)", ".cx(7, 9)", ".cx(0, 7)", ".h(0)", ".cx(0, 2)", ".cx(0, 5)", ".h(7)", ".cx(7, 8)", ".cx(7, 14)", ".cx(5, 13)", ".cx(6, 7)", ".h(6)", ".cx(6, 7)", ".cx(8, 11)", ".cx(2, 12)", ".h(3)", ".cx(3, 8)", ".cx(3, 5)", ".h(4)", ".cx(4, 8)"]}, {"type": "non-degenerate", "A": [0, 0, 0, 0, 0, 0, 4, 6, 0, 0, 0, 0, 0, 0, 0], "B": [0, 0, 55, 415, 2874, 14194, 55061, 165087, 0, 0, 0, 0, 0, 0, 0], "gates": [".cx(0, 11)", ".cx(4, 7)", ".cx(3, 14)", ".cx(5, 12)", ".cx(6, 8)", ".h(0)", ".cx(0, 13)", ".cx(0, 2)", ".cx(2, 8)", ".cx(0, 1)", ".cx(1, 9)", ".cx(2, 14)", ".cx(0, 12)", ".cx(0, 7)", ".h(0)", ".cx(0, 6)", ".cx(0, 5)", ".cx(0, 4)", ".cx(0, 10)", ".h(0)", ".cx(0, 3)", ".cx(0, 11)", ".cx(11, 12)", ".cx(4, 9)", ".cx(0, 1)", ".cx(5, 14)", ".cx(3, 10)", ".cx(1, 5)", ".h(0)", ".cx(0, 13)", ".cx(11, 13)", ".cx(0, 2)", ".cx(2, 4)", ".h(9)", ".cx(9, 12)", ".cx(6, 9)", ".h(3)", ".cx(3, 7)"]}, {"type": "non-degenerate", "A": [0, 0, 0, 0, 0, 2, 4, 4, 0, 0, 0, 0, 0, 0, 0], "B": [0, 0, 63, 443, 2790, 14150, 55137, 165175, 0, 0, 0, 0, 0, 0, 0], "gates": [".cx(1, 11)", ".cx(4, 8)", ".cx(0, 12)", ".cx(6, 10)", ".cx(5, 7)", ".h(1)", ".cx(1, 7)", ".cx(1, 3)", ".cx(3, 12)", ".cx(1, 2)", ".cx(2, 9)", ".cx(1, 10)", ".cx(1, 4)", ".h(1)", ".cx(1, 6)", ".cx(6, 11)", ".cx(11, 13)", ".cx(1, 5)", ".cx(6, 8)", ".h(0)", ".cx(0, 1)", ".cx(1, 14)", ".cx(1, 3)", ".cx(3, 9)", ".cx(1, 2)", ".h(1)", ".cx(1, 7)", ".cx(7, 8)", ".cx(12, 13)", ".cx(8, 12)", ".cx(3, 5)", ".cx(1, 14)", ".cx(2, 4)", ".cx(8, 9)", ".cx(4, 11)", ".cx(1, 11)", ".h(0)", ".cx(0, 2)"]}, {"type": "degenerate", "A": [0, 1, 0, 0, 0, 0, 3, 6, 0, 0, 0, 0, 0, 0, 0], "B": [0, 1, 82, 597, 3636, 16869, 61326, 173283, 0, 0, 0, 0, 0, 0, 0], "gates": [".cx(6, 9)", ".cx(1, 7)", ".cx(0, 14)", ".cx(4, 10)", ".cx(2, 12)", ".cx(5, 12)", ".cx(3, 9)", ".h(7)", ".cx(7, 12)", ".cx(7, 9)", ".cx(9, 14)", ".h(0)", ".cx(0, 2)", ".cx(2, 4)", ".cx(0, 3)", ".cx(7, 10)", ".cx(0, 13)", ".h(0)", ".cx(0, 1)", ".cx(1, 6)", ".cx(0, 5)", ".cx(1, 7)", ".cx(7, 8)", ".cx(7, 11)", ".cx(0, 3)", ".cx(3, 10)", ".h(0)", ".cx(0, 2)", ".cx(0, 5)", ".cx(0, 14)", ".h(4)", ".cx(4, 7)", ".cx(5, 7)", ".h(4)", ".cx(4, 9)", ".cx(9, 13)", ".cx(4, 6)"]}, {"type": "non-degenerate", "A": [0, 0, 0, 0, 1, 0, 2, 4, 0, 0, 0, 0, 0, 0, 0], "B": [0, 0, 57, 443, 2906, 14182, 54647, 165175, 0, 0, 0, 0, 0, 0, 0], "gates": [".cx(2, 10)", ".cx(0, 12)", ".cx(6, 7)", ".cx(1, 14)", ".cx(3, 9)", ".h(0)", ".cx(0, 11)", ".cx(0, 4)", ".cx(4, 10)", ".cx(0, 5)", ".cx(5, 8)", ".cx(0, 14)", ".cx(0, 3)", ".h(0)", ".cx(0, 2)", ".cx(0, 9)", ".cx(2, 7)", ".cx(0, 1)", ".h(0)", ".cx(0, 12)", ".cx(12, 13)", ".cx(0, 6)", ".cx(1, 8)", ".cx(6, 11)", ".cx(0, 5)", ".h(0)", ".cx(0, 5)", ".cx(5, 10)", ".cx(0, 14)", ".cx(5, 7)", ".cx(9, 13)", ".cx(0, 2)", ".h(1)", ".cx(1, 12)", ".cx(1, 4)", ".cx(10, 12)"]}, {"type": "non-degenerate", "A": [0, 0, 0, 1, 0, 2, 1, 8, 0, 0, 0, 0, 0, 0, 0], "B": [0, 0, 77, 483, 2890, 14366, 55003, 163655, 0, 0, 0, 0, 0, 0, 0], "gates": [".cx(0, 9)", ".cx(1, 7)", ".cx(5, 12)", ".cx(2, 8)", ".cx(4, 7)", ".h(0)", ".cx(0, 1)", ".cx(0, 6)", ".cx(6, 7)", ".cx(0, 3)", ".cx(3, 12)", ".cx(6, 8)", ".cx(0, 11)", ".h(0)", ".cx(0, 5)", ".cx(0, 4)", ".cx(4, 9)", ".cx(9, 10)", ".cx(0, 14)", ".h(0)", ".cx(0, 2)", ".cx(0, 13)", ".cx(0, 3)", ".cx(3, 4)", ".cx(0, 1)", ".cx(9, 12)", ".cx(0, 14)", ".cx(5, 11)", ".h(0)", ".cx(0, 6)", ".cx(0, 11)", ".cx(0, 1)", ".cx(1, 5)", ".h(8)", ".cx(8, 10)", ".cx(7, 8)", ".cx(8, 13)"]}, {"type": "non-degenerate", "A": [0, 0, 0, 0, 1, 3, 1, 4, 0, 0, 0, 0, 0, 0, 0], "B": [0, 0, 69, 479, 2806, 14034, 54999, 164959, 0, 0, 0, 0, 0, 0, 0], "gates": [".cx(5, 12)", ".cx(1, 13)", ".cx(2, 10)", ".cx(6, 14)", ".cx(3, 9)", ".cx(4, 14)", ".h(7)", ".cx(7, 12)", ".cx(7, 10)", ".cx(7, 11)", ".cx(0, 7)", ".h(0)", ".cx(0, 1)", ".cx(1, 3)", ".cx(3, 4)", ".cx(7, 9)", ".cx(1, 2)", ".cx(2, 6)", ".cx(7, 8)", ".cx(0, 7)", ".cx(7, 14)", ".cx(7, 13)", ".h(0)", ".cx(0, 5)", ".cx(5, 6)", ".cx(6, 12)", ".cx(5, 9)", ".h(3)", ".cx(3, 7)", ".cx(4, 8)", ".h(4)", ".cx(4, 8)", ".cx(5, 14)", ".cx(4, 12)", ".cx(4, 5)", ".h(6)", ".cx(6, 11)", ".cx(0, 2)"]}]